0.0,-0.65,-2.2,1.5707963267948966,4.74149084333811e-20,-3.3947014034350266e-20,2.8938697418376324e-20,0.0
0.02,-0.65,-2.2,1.5707963267948966,0.016133862665120752,-0.04055021543466016,-0.04974289994822564,0.0
0.04,-0.65,-2.2,1.5707963267948966,0.032267725330241505,-0.08110043086932033,-0.09948579989645127,0.0
0.06,-0.65,-2.2,1.5707963267948966,0.048401587995362254,-0.12165064630398048,-0.1492286998446769,0.0
0.08,-0.6498697002256711,-2.2003274903245305,1.570394594812156,0.06432775786159504,-0.16170150096096772,-0.1981339458205844,0.0
0.1,-0.6486124325994906,-2.203487457293312,1.5665182671753504,0.0784575845751764,-0.19743336469251915,-0.2397942897800449,0.0
0.12,-0.6473551649733101,-2.2066474242620937,1.5626419395385445,0.09258741128875775,-0.23316522842407056,-0.28145463373950536,0.0
0.14,-0.6460978973471297,-2.2098073912308753,1.5587656119017386,0.10671723800233912,-0.26889709215562196,-0.3231149776989659,0.0
0.16,-0.6446124000315933,-2.2135445112196392,1.5542163724484563,0.12012264345499514,-0.30287616626820174,-0.3619499177282369,0.0
0.18,-0.6422540337993777,-2.219488964236507,1.5470935685744993,0.13075748560790096,-0.3301516621557264,-0.38997904509271397,0.0
0.2,-0.6398956675671622,-2.225433417253375,1.5399707647005425,0.14139232776080676,-0.357427158043251,-0.4180081724571911,0.0
0.22,-0.6375373013349467,-2.231377870270243,1.5328479608265857,0.15202716991371257,-0.38470265393077563,-0.4460372998216681,0.0
0.24,-0.6349212688089285,-2.2379831676923145,1.5250460531857193,0.1612713641491699,-0.40858486596180354,-0.468891006068378,0.0
0.26,-0.6317341585229227,-2.246053125225937,1.515739016362908,0.16743340089360392,-0.42494638556864217,-0.4802741864061339,0.0
0.28,-0.6285470482369169,-2.254123082759559,1.506431979540097,0.17359543763803795,-0.4413079051754808,-0.49165736674388977,0.0
0.3,-0.625359937950911,-2.262193040293181,1.497124942717286,0.17975747438247197,-0.4576694247823194,-0.5030405470816456,0.0
0.32,-0.6219737651058959,-2.2707915513063264,1.4874501760185137,0.18387267581839498,-0.46897710354416833,-0.5073238506346077,0.0
0.34,-0.6183064642126612,-2.2801365171466244,1.4772560792015341,0.185097214046873,-0.47314744608451054,-0.501580283674902,0.0
0.36,-0.6146391633194265,-2.2894814829869223,1.4670619823845548,0.18632175227535097,-0.47731778862485275,-0.49583671671519647,0.0
0.38,-0.6109718624261918,-2.2988264488272203,1.4568678855675752,0.18754629050382898,-0.48148813116519495,-0.49009314975549084,0.0
0.4,-0.6072551136548701,-2.308339816588112,1.446905718789368,0.186237382751042,-0.47929101574794164,-0.47653864061069695,0.0
0.42,-0.6034923878591405,-2.318009765773991,1.437159202378093,0.18257285707848725,-0.47117338804062925,-0.4557214562332237,0.0
0.44,-0.5997296620634108,-2.3276797149598694,1.4274126859668184,0.17890833140593249,-0.4630557603333168,-0.43490427185575037,0.0
0.46,-0.5959669362676813,-2.3373496641457483,1.4176661695555435,0.1752438057333777,-0.45493813262600435,-0.41408708747827705,0.0
0.48,-0.5923817824067328,-2.346626257414212,1.4089283915286903,0.16888833757962124,-0.43985337235481564,-0.38674911453027333,0.0
0.5,-0.5889046230366659,-2.3556636221576897,1.4008041011478012,0.16089631034006713,-0.4205313888137053,-0.3554453727647578,0.0
0.52,-0.5854274636665989,-2.364700986901168,1.392679810766912,0.15290428310051302,-0.40120940527259497,-0.3241416309992423,0.0
0.54,-0.5819503042965319,-2.3737383516446457,1.384555520386023,0.1449122558609589,-0.3818874217314846,-0.2928378892337268,0.0
0.56,-0.5789249595707021,-2.3816833833845052,1.378200929797832,0.134560441277967,-0.3560795761830744,-0.25909256028233457,0.0
0.58,-0.576070596943387,-2.389215038994091,1.3725160540764703,0.123315602537445,-0.32781725884887714,-0.22442325131818108,0.0
0.6,-0.5732162343160719,-2.396746694603677,1.3668311783551086,0.11207076379692293,-0.2995549415146797,-0.18975394235402737,0.0
0.62,-0.5703618716887568,-2.4042783502132634,1.3611463026337467,0.10082592505640087,-0.2712926241804823,-0.1550846333898737,0.0
0.64,-0.5682340306542767,-2.40998399619473,1.357701388031645,0.08820064322415329,-0.23847366324439423,-0.12562981515644508,0.0
0.66,-0.5662559474402382,-2.4153132470012832,1.3547181963823134,0.07529081080084321,-0.2047154418361064,-0.09724985935552931,0.0
0.68,-0.5642778642261999,-2.420642497807837,1.3517350047329817,0.06238097837753314,-0.17095722042781855,-0.06886990355461355,0.0
0.7000000000000001,-0.5622997810121614,-2.4259717486143906,1.3487518130836502,0.04947114595422307,-0.1371989990195307,-0.04048994775369777,0.0
0.72,-0.5612600554981153,-2.428847266021639,1.3478314328774126,0.036967941285575526,-0.10262830296188899,-0.029345265895374135,0.0
0.74,-0.5602880000842473,-2.4315458313082376,1.347059813273879,0.024494060765803564,-0.06799901491857421,-0.019443513800723133,0.0
0.76,-0.5593159446703793,-2.4342443965948366,1.346288193670345,0.012020180246031603,-0.03336972687525945,-0.009541761706072134,0.0
0.78,-0.5583792454529046,-2.4368448079904246,1.345544639775084,-0.0003427628649959955,0.001080092168866796,-0.0008476163887259377,0.0
0.8,-0.5583792453041565,-2.4368448079254876,1.3455446365296084,-0.009766618119915235,0.030775201669719296,-0.024146848727331076,0.0
0.8200000000000001,-0.5583792451554084,-2.4368448078605502,1.3455446332841328,-0.019190473374834476,0.0604703111705718,-0.047446081065936216,0.0
0.84,-0.5583792450066604,-2.436844807795613,1.345544630038657,-0.028614328629753664,0.09016542067142413,-0.07074531340454122,0.0
0.86,-0.5583792448579122,-2.436844807730676,1.3455446267931814,-0.03803818388467291,0.11986053017227663,-0.09404454574314637,0.0
0.88,-0.5583792447091641,-2.4368448076657385,1.3455446235477058,-0.04746203913959215,0.14955563967312915,-0.1173437780817515,0.0
0.9,-0.5583792445604161,-2.4368448076008016,1.34554462030223,-0.05688589439451139,0.17925074917398165,-0.14064301042035662,0.0
0.92,-0.558379244411668,-2.436844807535864,1.3455446170567544,-0.06630974964943064,0.20894585867483415,-0.16394224275896177,0.0
0.9400000000000001,-0.5588040827492725,-2.4355061169847976,1.3444942569952882,-0.07356198237273852,0.23292601545736413,-0.20817601870837985,0.0
0.96,-0.5602639040802242,-2.4309061355408224,1.340885038740843,-0.07552375187205032,0.2429835191346477,-0.3034101096167552,0.0
0.98,-0.5617237254111759,-2.4263061540968467,1.3372758204863977,-0.07748552137136214,0.2530410228119313,-0.39864420052513105,0.0
1.0,-0.5631835467421277,-2.421706172652871,1.3336666022319525,-0.07944729087067394,0.26309852648921495,-0.49387829143350687,0.0
1.02,-0.5646433680730794,-2.4171061912088954,1.3300573839775072,-0.08140906036998576,0.2731560301664986,-0.5891123823418827,0.0
1.04,-0.566103189404031,-2.4125062097649197,1.326448165723062,-0.08337082986929757,0.28321353384378223,-0.6843464732502585,0.0
1.06,-0.5675630107349827,-2.4079062283209445,1.3228389474686166,-0.08533259936860937,0.29327103752106587,-0.7795805641586344,0.0
1.08,-0.5690228320659344,-2.403306246876969,1.3192297292141715,-0.08729436886792119,0.30332854119834946,-0.8748146550670103,0.0
1.1,-0.5706484778083943,-2.3978561249709704,1.3075705657006407,-0.08719748680110373,0.30327946146170365,-0.9831004889421329,0.0
1.12,-0.5724121910366479,-2.3916981654486924,1.2892089167533367,-0.08538654560827887,0.2948155135567779,-1.1022533677851996,0.0
1.1400000000000001,-0.5741759042649013,-2.3855402059264144,1.2708472678060327,-0.08357560441545399,0.28635156565185205,-1.2214062466282662,0.0
1.16,-0.5759396174931548,-2.3793822464041368,1.252485618858729,-0.08176466322262914,0.27788761774692633,-1.3405591254713316,0.0
1.18,-0.5777033307214083,-2.3732242868818587,1.234123969911425,-0.07995372202980426,0.2694236698420005,-1.4597120043143983,0.0
1.2,-0.5794670439496619,-2.3670663273595807,1.215762320964121,-0.0781427808369794,0.26095972193707473,-1.578864883157465,0.0
1.22,-0.5812307571779154,-2.3609083678373026,1.197400672016817,-0.07633183964415452,0.2524957740321489,-1.6980177620005317,0.0
1.24,-0.5829944704061689,-2.354750408315025,1.1790390230695131,-0.07452089845132964,0.24403182612722307,-1.8171706408435981,0.0
1.26,-0.5845336725956948,-2.3496417648850643,1.1459054220000537,-0.07192227894921736,0.22264316857152172,-1.9260369492360667,0.0
1.28,-0.5860168582924606,-2.344794930440628,1.1090861538302583,-0.06912713024052616,0.19802973904612164,-2.032336713005892,0.0
1.3,-0.5875000439892266,-2.339948095996191,1.072266885660463,-0.06633198153183496,0.1734163095207215,-2.138636476775717,0.0
1.32,-0.5889832296859926,-2.3351012615517543,1.0354476174906675,-0.06353683282314375,0.14880287999532144,-2.2449362405455426,0.0
1.34,-0.5904664153827585,-2.3302544271073176,0.998628349320872,-0.06074168411445255,0.12418945046992132,-2.3512360043153677,0.0
1.36,-0.5919496010795244,-2.325407592662881,0.9618090811510766,-0.05794653540576135,0.0995760209445212,-2.4575357680851933,0.0
1.3800000000000001,-0.5934327867762903,-2.3205607582184444,0.9249898129812811,-0.05515138669707015,0.0749625914191211,-2.5638355318550183,0.0
1.4000000000000001,-0.5948921730441172,-2.3159234960107598,0.887265450328962,-0.05240587857431866,0.04966085483908888,-2.6680256316593236,0.0
1.42,-0.5959423705408816,-2.314889454965447,0.8339796008884923,-0.050513851869444036,0.01252490498777302,-2.7359438189055756,0.0
1.44,-0.596992568037646,-2.3138554139201344,0.7806937514480221,-0.04862182516456939,-0.02461104486354325,-2.803862006151828,0.0
1.46,-0.5980427655344104,-2.3128213728748217,0.7274079020075519,-0.04672979845969475,-0.06174699471485952,-2.871780193398081,0.0
1.48,-0.5990929630311748,-2.311787331829509,0.6741220525670817,-0.04483777175482011,-0.09888294456617579,-2.9396983806443333,0.0
1.5,-0.6001431605279393,-2.3107532907841963,0.6208362031266115,-0.042945745049945465,-0.13601889441749204,-3.0076165678905857,0.0
1.52,-0.6011933580247036,-2.3097192497388837,0.5675503536861413,-0.04105371834507082,-0.17315484426880834,-3.0755347551368386,0.0
1.54,-0.602243555521468,-2.308685208693571,0.514264504245671,-0.03916169164019618,-0.21029079412012458,-3.143452942383091,0.0
1.56,-0.603203008861957,-2.3094322579616566,0.4577212068096005,-0.03785471691544152,-0.2497917286081831,-3.1950645824775026,0.0
1.58,-0.6039601181109472,-2.3141508368150534,0.39391435233219546,-0.03785230896672954,-0.2945661780791541,-3.2103153856392668,0.0
1.6,-0.6047172273599374,-2.31886941566845,0.33010749785479043,-0.03784990101801756,-0.3393406275501251,-3.225566188801031,0.0
1.62,-0.6054743366089277,-2.3235879945218465,0.26630064337738535,-0.03784749306930558,-0.3841150770210961,-3.240816991962795,0.0
1.6400000000000001,-0.6062314458579179,-2.3283065733752433,0.20249378889998026,-0.0378450851205936,-0.42888952649206713,-3.256067795124559,0.0
1.6600000000000001,-0.6069885551069081,-2.33302515222864,0.13868693442257524,-0.03784267717188162,-0.4736639759630381,-3.271318598286323,0.0
1.68,-0.6077456643558984,-2.3377437310820364,0.07488007994517087,-0.03784026922316964,-0.5184384254340086,-3.286569401448087,0.0
1.7,-0.6085027736048886,-2.342462309935433,0.011073225467765846,-0.03783786127445766,-0.5632128749049796,-3.301820204609851,0.0
1.72,-0.6092596723795295,-2.3510945407166948,-0.05406667354509967,-0.03895041482520346,-0.6088321410416407,-3.2856357045285782,0.0
1.74,-0.6100164086203234,-2.3627489967998843,-0.1202359847279592,-0.04092397107022169,-0.6551037969026818,-3.2451760336896713,0.0
1.76,-0.6107731448611172,-2.3744034528830738,-0.18640529591081875,-0.04289752731523993,-0.7013754527637228,-3.204716362850764,0.0
1.78,-0.6115298811019111,-2.386057908966263,-0.25257460709367824,-0.04487108356025817,-0.7476471086247638,-3.1642566920118567,0.0
1.8,-0.6122866173427048,-2.3977123650494523,-0.3187439182765378,-0.04684463980527641,-0.7939187644858048,-3.1237970211729493,0.0
1.82,-0.6130433535834987,-2.4093668211326413,-0.3849132294593973,-0.048818196050294645,-0.8401904203468458,-3.083337350334042,0.0
1.84,-0.6138000898242926,-2.421021277215831,-0.4510825406422569,-0.05079175229531288,-0.8864620762078868,-3.0428776794951347,0.0
1.86,-0.6145568260650864,-2.4326757332990203,-0.5172518518251165,-0.052765308540331124,-0.9327337320689277,-3.0024180086562273,0.0
1.8800000000000001,-0.6155639176950022,-2.4501999782152613,-0.5782886532747525,-0.05569007992375352,-0.9741736816580852,-2.9230516033935876,0.0
1.9000000000000001,-0.6166263716829323,-2.46902223933153,-0.6381904767941755,-0.058825198339152285,-1.0145451715133307,-2.8350815544550754,0.0
1.92,-0.6176888256708626,-2.4878445004477987,-0.6980923003135979,-0.06196031675455101,-1.0549166613685756,-2.747111505516564,0.0
1.94,-0.6187512796587927,-2.506666761564068,-0.7579941238330209,-0.06509543516994978,-1.095288151223821,-2.659141456578052,0.0
1.96,-0.619813733646723,-2.5254890226803366,-0.8178959473524439,-0.06823055358534855,-1.1356596410790667,-2.5711714076395396,0.0
1.98,-0.6208761876346531,-2.5443112837966058,-0.877797770871867,-0.07136567200074731,-1.176031130934312,-2.4832013587010273,0.0
2.0,-0.6219386416225834,-2.5631335449128745,-0.9376995943912899,-0.07450079041614607,-1.2164026207895575,-2.395231309762515,0.0
2.02,-0.6230368194136324,-2.582415827937126,-0.9965990236492397,-0.07759509351320082,-1.255703933382697,-2.3051964966580147,0.0
2.04,-0.6245849253009604,-2.607491916862073,-1.0428736676824701,-0.08017534276160884,-1.2815267589116661,-2.189156742047781,0.0
2.06,-0.6261330311882884,-2.6325680057870198,-1.0891483117157008,-0.08275559201001687,-1.3073495844406353,-2.073116987437548,0.0
2.08,-0.6276811370756165,-2.6576440947119666,-1.1354229557489313,-0.08533584125842489,-1.3331724099696045,-1.9570772328273147,0.0
2.1,-0.6292292429629445,-2.682720183636913,-1.181697599782162,-0.08791609050683291,-1.3589952354985737,-1.8410374782170813,0.0
2.12,-0.6307773488502725,-2.70779627256186,-1.2279722438153924,-0.09049633975524093,-1.384818061027543,-1.724997723606848,0.0
2.14,-0.6323254547376005,-2.7328723614868067,-1.2742468878486228,-0.09307658900364896,-1.410640886556512,-1.6089579689966147,0.0
2.16,-0.6338735606249285,-2.757948450411753,-1.3205215318818535,-0.09565683825205698,-1.4364637120854813,-1.4929182143863815,0.0
2.18,-0.6355528503173529,-2.784337411150662,-1.3608965379008042,-0.0971970300400911,-1.4542622864016177,-1.3777354555588524,0.0
2.2,-0.6375006549663781,-2.8134136374242855,-1.3891958075573236,-0.09660836923363458,-1.4556363373965688,-1.2643068475979704,0.0
2.22,-0.6394484596154034,-2.8424898636979097,-1.417495077213843,-0.09601970842717805,-1.4570103883915202,-1.1508782396370885,0.0
2.24,-0.6413962642644286,-2.8715660899715334,-1.4457943468703627,-0.09543104762072153,-1.4583844393864713,-1.0374496316762065,0.0
2.2600000000000002,-0.6433440689134539,-2.900642316245157,-1.474093616526882,-0.09484238681426502,-1.4597584903814227,-0.9240210237153244,0.0
2.2800000000000002,-0.6452918735624791,-2.9297185425187813,-1.5023928861834015,-0.09425372600780849,-1.4611325413763738,-0.8105924157544424,0.0
2.3000000000000003,-0.6472396782115044,-2.958794768792405,-1.530692155839921,-0.09366506520135197,-1.4625065923713252,-0.6971638077935605,0.0
2.32,-0.6491874828605295,-2.9878709950660283,-1.5589914254964397,-0.09307640439489547,-1.4638806433662763,-0.583735199832681,0.0
2.34,-0.6510821383103619,-3.0170712821047494,-1.577049415943321,-0.08859099988718824,-1.4444961630582354,-0.49626741742345515,0.0
2.36,-0.6529387552589953,-3.0463603585445074,-1.5877777962096085,-0.08131672382162218,-1.4102549505726951,-0.4273796119258008,0.0
2.38,-0.6547953722076285,-3.075649434984265,-1.598506176475896,-0.07404244775605612,-1.376013738087155,-0.35849180642814643,0.0
2.4,-0.6563656996461888,-3.1035908996674118,-1.6065233789001325,-0.0661608734690809,-1.3381993417414844,-0.29515265847571304,0.0
2.42,-0.6577995931747056,-3.1308901475221176,-1.6132485444847369,-0.05798988560600846,-1.2986821116272347,-0.23445777452091665,0.0
2.44,-0.6592334867032225,-3.158189395376823,-1.6199737100693412,-0.04981889774293602,-1.2591648815129852,-0.1737628905661202,0.0
2.46,-0.6603009773438333,-3.1837166142579774,-1.6239771997519836,-0.04116739727475929,-1.2156241821833733,-0.12065215363282153,0.0
2.48,-0.6612600376512741,-3.208719433091175,-1.627175258488059,-0.03237369775852998,-1.1708928096305915,-0.06978580836644634,0.0
2.5,-0.6622190979587148,-3.2337222519243722,-1.6303733172241341,-0.02357999824230068,-1.1261614370778097,-0.01891946310007117,0.0
2.52,-0.6627355938894224,-3.2564738553302397,-1.6310114030673488,-0.0146833480584159,-1.0772500659779545,0.02226875729948523,0.0
2.54,-0.6631836338971835,-3.2788772404023887,-1.6312535119266225,-0.005770773450102011,-1.0276921320874683,0.06195996391985092,0.0
2.56,-0.6636316739049447,-3.3012806254745377,-1.6314956207858962,0.0031418011582118738,-0.978134198196982,0.10165117054021662,0.0
2.58,-0.6635822768721606,-3.3209180362852178,-1.6295224464947224,0.011463901744806859,-0.9246257249471569,0.12959362952102524,0.0
2.6,-0.663512388499625,-3.340441506006441,-1.6274580161932766,0.019761678441527736,-0.8709545138277806,0.157052112521127,0.0
2.62,-0.6634160604476561,-3.35979396008472,-1.6253060933604235,0.027972914573112878,-0.8171147355602494,0.18379771851250876,0.0
2.64,-0.6628639708893276,-3.3761984832988707,-1.6216459930925928,0.03469238305952102,-0.7603692330550437,0.19825490398189477,0.0
2.66,-0.6623118813309989,-3.392603006513021,-1.6179858928247621,0.04141185154592916,-0.703623730549838,0.21271208945128078,0.0
2.68,-0.6617015214595223,-3.4085154404782356,-1.6142004218187185,0.04771771525959906,-0.646623110004491,0.22515757270516865,0.0
2.7,-0.6607589495116971,-3.4216223636729444,-1.6097001842187608,0.051665525739716535,-0.5881680045035919,0.2261338920932855,0.0
2.72,-0.659816377563872,-3.4347292868676536,-1.6051999466188034,0.05561333621983402,-0.5297128990026926,0.22711021148140237,0.0
2.74,-0.6588179150030831,-3.4470086395156607,-1.6006858869042018,0.0585391897161862,-0.47125311376305046,0.22475587189944335,0.0
2.7600000000000002,-0.6576459275184974,-3.456718614079621,-1.5961289133394347,0.058292148904748486,-0.4127787992265247,0.2120607556945712,0.0
2.7800000000000002,-0.6564739400339116,-3.466428588643581,-1.5915719397746677,0.05804510809331078,-0.354304484689999,0.19936563948969907,0.0
2.8000000000000003,-0.6553068051414017,-3.4749899594860914,-1.5872643348058857,0.05582137971209625,-0.2965051552642607,0.1820826151849887,0.0
2.82,-0.6541491737158626,-3.481301869142004,-1.5834451010371522,0.04972644502778145,-0.24002773763446525,0.15581448922552196,0.0
2.84,-0.6529915422903235,-3.4876137787979165,-1.5796258672684185,0.04363151034346652,-0.1835503200046686,0.12954636326605468,0.0
2.86,-0.651987066715332,-3.4925065022964974,-1.576466709018454,0.03419368589523091,-0.12894902056038518,0.09757662747917459,0.0
2.88,-0.6511836247117943,-3.495536390906655,-1.5741739710749478,0.02036795810661153,-0.07681032857089061,0.05812291388444499,0.0
2.9,-0.6503801827082565,-3.4985662795168126,-1.5718812331314413,0.0065422303179921495,-0.024671636581396067,0.018669200289715387,0.0
2.92,-0.65,-3.5,-1.5707963267948966,-0.012469159390661651,0.02377609201748613,-0.027374437633748142,0.0
2.94,-0.65,-3.5,-1.5707963267948966,-0.03613844796849499,0.06890849955062434,-0.07933732011116147,0.0
2.96,-0.65,-3.5,-1.5707963267948966,-0.05980773654632834,0.11404090708376255,-0.1313002025885748,0.0
2.98,-0.65,-3.5,-1.5707963267948966,-0.08347702512416168,0.15917331461690076,-0.18326308506598812,0.0
3.0,-0.65,-3.5,-1.5707963267948966,-0.10714631370199501,0.20430572215003898,-0.23522596754340144,0.0
3.02,-0.65,-3.5,-1.5707963267948966,-0.13081560227982836,0.2494381296831772,-0.2871888500208148,0.0
3.04,-0.65,-3.5,-1.5707963267948966,-0.1544848908576617,0.29457053721631543,-0.3391517324982281,0.0
3.06,-0.6500530190321865,-3.499898903739342,-1.5709127232691509,-0.17850147350332532,0.3392326462627533,-0.3916148227727374,0.0
3.08,-0.6536090446133297,-3.49311830299595,-1.5787195206197344,-0.22546403128006628,0.3528217875288046,-0.47712701101843374,0.0
3.1,-0.657165070194473,-3.4863377022525577,-1.5865263179703177,-0.2724265890568072,0.366410928794856,-0.5626391992641301,0.0
3.12,-0.6607210957756163,-3.4795571015091653,-1.5943331153209013,-0.3193891468335482,0.3800000700609073,-0.6481513875098264,0.0
3.14,-0.6642771213567596,-3.472776500765773,-1.6021399126714846,-0.36635170461028915,0.3935892113269587,-0.7336635757555228,0.0
3.16,-0.667833146937903,-3.4659959000223806,-1.6099467100220681,-0.41331426238703006,0.40717835259301005,-0.819175764001219,0.0
3.18,-0.6713891725190462,-3.459215299278988,-1.6177535073726517,-0.460276820163771,0.42076749385906137,-0.9046879522469153,0.0
3.2,-0.6749451981001895,-3.452434698535596,-1.625560304723235,-0.507239377940512,0.43435663512511274,-0.9902001404926117,0.0
3.22,-0.6820502525529487,-3.444627146600087,-1.6398293826506514,-0.5555553973086065,0.44263874889219745,-1.0765662694136866,0.0
3.24,-0.6926618369127538,-3.435804941023117,-1.6604833565397819,-0.6052086708157347,0.4456773858334177,-1.1637761132284348,0.0
3.2600000000000002,-0.7032734212725589,-3.426982735446147,-1.6811373304289123,-0.654861944322863,0.448716022774638,-1.250985957043183,0.0
3.2800000000000002,-0.713885005632364,-3.418160529869177,-1.7017913043180426,-0.7045152178299914,0.45175465971585826,-1.3381958008579309,0.0
3.3000000000000003,-0.724496589992169,-3.4093383242922073,-1.722445278207173,-0.7541684913371196,0.45479329665707857,-1.425405644672679,0.0
3.3200000000000003,-0.7351081743519742,-3.4005161187152373,-1.7430992520963036,-0.8038217648442479,0.4578319335982988,-1.5126154884874272,0.0
3.34,-0.745719758711779,-3.3916939131382673,-1.7637532259854336,-0.8534750383513752,0.4608705705395191,-1.5998253323021734,0.0
3.36,-0.7563313430715841,-3.3828717075612977,-1.7844071998745639,-0.9031283118585034,0.4639092074807393,-1.6870351761169216,0.0
3.38,-0.7743364448186514,-3.373597040072521,-1.8180469741156529,-0.958568326180053,0.467158191288283,-1.7603022939202222,0.0
3.4,-0.7924078355937709,-3.3643183158866687,-1.8518031768492609,-1.0140602234423042,0.4704090610303004,-1.8334444035971755,0.0
3.42,-0.8104792263688906,-3.3550395917008164,-1.885559379582869,-1.0695521207045553,0.47365993077231777,-1.9065865132741286,0.0
3.44,-0.8285506171440101,-3.345760867514964,-1.919315582316477,-1.1250440179668064,0.4769108005143351,-1.9797286229510818,0.0
3.46,-0.8466220079191298,-3.3364821433291123,-1.953071785050085,-1.1805359152290575,0.4801616702563525,-2.052870732628035,0.0
3.48,-0.8646933986942493,-3.32720341914326,-1.986827987783693,-1.2360278124913084,0.48341253999836986,-2.126012842304988,0.0
3.5,-0.882764789469369,-3.3179246949574077,-2.020584190517301,-1.2915197097535596,0.48666340974038724,-2.1991549519819413,0.0
3.52,-0.9048313984637679,-3.3084119197719937,-2.0596063636645154,-1.3476249808855534,0.49247255274427437,-2.2587706140517523,0.0
3.54,-0.9312397785641833,-3.2986447915546653,-2.104351287593302,-1.4043968311125217,0.5010618785366963,-2.303686518520255,0.0
3.56,-0.9576481586645985,-3.2888776633373373,-2.1490962115220884,-1.46116868133949,0.509651204329118,-2.3486024229887583,0.0
3.58,-0.9840565387650139,-3.279110535120009,-2.1938411354508753,-1.5179405315664583,0.5182405301215398,-2.393518327457261,0.0
3.6,-1.010464918865429,-3.269343406902681,-2.238586059379662,-1.5747123817934265,0.5268298559139617,-2.4384342319257644,0.0
3.62,-1.0368732989658445,-3.259576278685353,-2.2833309833084483,-1.6314842320203948,0.5354191817063835,-2.483350136394267,0.0
3.64,-1.0632816790662598,-3.2498091504680247,-2.328075907237235,-1.6882560822473631,0.5440085074988052,-2.5282660408627704,0.0
3.66,-1.0896900591666752,-3.2400420222506967,-2.3728208311660213,-1.7450279324743314,0.5525978332912271,-2.573181945331273,0.0
3.68,-1.1243489723824052,-3.2290266254529842,-2.4240932886477955,-1.7876174175067312,0.5684282668273541,-2.5791091959899393,0.0
3.7,-1.1592866393277577,-3.217969054468769,-2.475586286341662,-1.8297277350553334,0.584503349498506,-2.5837191702362157,0.0
3.72,-1.1942243062731102,-3.206911483484554,-2.5270792840355285,-1.8718380526039358,0.6005784321696579,-2.5883291444824916,0.0
3.74,-1.2291619732184627,-3.1958539125003393,-2.5785722817293952,-1.913948370152538,0.6166535148408098,-2.5929391187287676,0.0
3.7600000000000002,-1.2640996401638152,-3.1847963415161242,-2.630065279423262,-1.95605868770114,0.6327285975119616,-2.597549092975044,0.0
3.7800000000000002,-1.2990373071091676,-3.173738770531909,-2.6815582771171287,-1.9981690052497425,0.6488036801831135,-2.60215906722132,0.0
3.8000000000000003,-1.3339749740545201,-3.162681199547694,-2.733051274810995,-2.040279322798345,0.6648787628542654,-2.606769041467596,0.0
3.8200000000000003,-1.371793887625585,-3.1505237489995017,-2.7848596933687957,-2.071474600760383,0.6838450091169141,-2.5918643236380436,0.0
3.84,-1.4130581226864285,-3.13705109042152,-2.8370452841794447,-2.0896179517843434,0.7062684353249927,-2.553624432979039,0.0
3.86,-1.454322357747273,-3.1235784318435384,-2.8892308749900946,-2.1077613028083038,0.7286918615330717,-2.5153845423200334,0.0
3.88,-1.4955865928081173,-3.1101057732655564,-2.941416465800745,-2.1259046538322646,0.7511152877411509,-2.4771446516610274,0.0
3.9,-1.5368508278689617,-3.0966331146875747,-2.993602056611395,-2.1440480048562254,0.7735387139492299,-2.438904761002022,0.0
3.92,-1.578115062929806,-3.0831604561095927,-3.045787647422045,-2.1621913558801857,0.795962140157309,-2.4006648703430162,0.0
3.94,-1.6193792979906503,-3.069687797531611,-3.097973238232695,-2.1803347069041465,0.8183855663653881,-2.3624249796840107,0.0
3.96,-1.6606435330514948,-3.056215138953629,-3.1501588290433453,-2.1984780579281074,0.8408089925734672,-2.3241850890250046,0.0
3.98,-1.704479639962042,-3.039563895638887,-3.1969238060880083,-2.1914920464993366,0.8650501330664151,-2.252113179005937,0.0
4.0,-1.7484696950303915,-3.0227223872980318,-3.243364313815304,-2.1830018314078585,0.8894000790449856,-2.178016138125156,0.0
4.0200000000000005,-1.792459750098742,-3.0058808789571767,-3.289804821542601,-2.17451161631638,0.9137500250235567,-2.1039190972443733,0.0
4.04,-1.8364498051670906,-2.989039370616322,-3.3362453292698957,-2.166021401224902,0.9380999710021267,-2.029822056363594,0.0
4.0600000000000005,-1.8804398602354409,-2.972197862275467,-3.3826858369971924,-2.157531186133424,0.9624499169806978,-1.9557250154828114,0.0
4.08,-1.9244299153037894,-2.9553563539346124,-3.429126344724487,-2.149040971041946,0.9867998629592678,-1.8816279746020321,0.0
4.1,-1.968419970372138,-2.9385148455937578,-3.4755668524517818,-2.1405507559504677,1.011149808937838,-1.8075309337212528,0.0
4.12,-2.0118594658718147,-2.9200943318200903,-3.517202436578466,-2.1222793430870657,1.0330050775643138,-1.7250915457332465,0.0
4.14,-2.054573968362593,-2.899594537320169,-3.5525107561965736,-2.0911277617427837,1.0515752817897137,-1.6316667100758946,0.0
4.16,-2.0972884708533734,-2.879094742820246,-3.587819075814683,-2.0599761803985,1.0701454860151143,-1.5382418744185382,0.0
4.18,-2.140002973344152,-2.8585949483203246,-3.6231273954327907,-2.028824599054218,1.0887156902405142,-1.4448170387611863,0.0
4.2,-2.182717475834932,-2.8380951538204022,-3.6584357150509,-1.9976730177099344,1.1072858944659147,-1.35139220310383,0.0
4.22,-2.2254319783257106,-2.8175953593204803,-3.693744034669008,-1.9665214363656525,1.1258560986913146,-1.257967367446478,0.0
4.24,-2.268146480816491,-2.797095564820558,-3.7290523542871172,-1.935369855021369,1.1444263029167152,-1.1645425317891218,0.0
4.26,-2.3108609833072693,-2.776595770320636,-3.764360673905225,-1.904218273677087,1.162996507142115,-1.0711176961317697,0.0
4.28,-2.349271028002261,-2.753529985367004,-3.7867597528102825,-1.8619776353091635,1.1661445722278474,-0.983887248441323,0.0
4.3,-2.3873053805261715,-2.7302402413062654,-3.808032115901045,-1.8187691463765285,1.1679465962531363,-0.8971974456297951,0.0
4.32,-2.4253397330500834,-2.7069504972455256,-3.8293044789918085,-1.7755606574438916,1.1697486202784257,-0.8105076428182634,0.0
4.34,-2.4633740855739936,-2.683660753184787,-3.850576842082571,-1.7323521685112566,1.1715506443037147,-0.7238178400067354,0.0
4.36,-2.5014084380979056,-2.660371009124048,-3.8718492051733344,-1.6891436795786199,1.173352668329004,-0.6371280371952037,0.0
4.38,-2.5394427906218158,-2.6370812650633093,-3.893121568264097,-1.645935190645985,1.175154692354293,-0.5504382343836759,0.0
4.4,-2.5774771431457277,-2.61379152100257,-3.914393931354861,-1.6027267017133482,1.1769567163795822,-0.46374843157214407,0.0
4.42,-2.612864054007371,-2.5903913645298537,-3.9303546947732815,-1.5543726315638386,1.167270240032333,-0.3906417749522979,0.0
4.44,-2.6444068513896175,-2.5668308880594477,-3.9386029589179206,-1.4985471227053864,1.140902338832712,-0.3372579912147031,0.0
4.46,-2.6759496487718626,-2.5432704115890425,-3.946851223062559,-1.4427216138469363,1.1145344376330921,-0.28387420747711073,0.0
4.48,-2.7060969941677415,-2.520369044920907,-3.9537650702250744,-1.3865417511385856,1.0861428886387912,-0.23346635301027607,0.0
4.5,-2.73430165455503,-2.498385261046301,-3.9588212025455842,-1.3298685730609818,1.0549341089036302,-0.18720145239453106,0.0
4.5200000000000005,-2.7625063149423195,-2.476401477171694,-3.9638773348660945,-1.2731953949833754,1.0237253291684678,-0.140936551778784,0.0
4.54,-2.7892597528478595,-2.4552168523404996,-3.967748768072017,-1.216559880241616,0.9904435802431895,-0.09829470630051362,0.0
4.5600000000000005,-2.8140755890895,-2.4350992257895197,-3.9700384486490234,-1.159974651753766,0.9543941036934392,-0.06049018780074833,0.0
4.58,-2.8388914253311395,-2.414981599238541,-3.97232812922603,-1.1033894232659183,0.9183446271436907,-0.0226856693009847,0.0
4.6000000000000005,-2.862223763285485,-2.3958090839497865,-3.9736266865020413,-1.0470930504208065,0.8802705861007593,0.011048105959442335,0.0
4.62,-2.8836560344070583,-2.3778470685840936,-3.9736558115666822,-0.9911666443164245,0.8396034798165402,0.03956806716963917,0.0
4.64,-2.9050883055286323,-2.3598850532184,-3.973684936631323,-0.9352402382120426,0.798936373532321,0.06808802837983599,0.0
4.66,-2.9250202248383586,-2.3430140245769793,-3.9729489494984147,-0.8798326139668562,0.756452101894829,0.09225125707195286,0.0
4.68,-2.943108325722534,-2.3274837357596176,-3.97127269758473,-0.8250625332253199,0.7117346720512625,0.11106039239170741,0.0
4.7,-2.96119642660671,-2.3119534469422556,-3.9695964456710455,-0.7702924524837811,0.6670172422076941,0.1298695277114628,0.0
4.72,-2.977781776383201,-2.297650090171011,-3.9674041191313303,-0.7162160952565161,0.6208243130041283,0.14420222117511552,0.0
4.74,-2.9925948505550606,-2.2847937206771376,-3.9646031578914265,-0.6629578836652197,0.5728912476549238,0.1532556048072502,0.0
4.76,-3.0074079247269196,-2.2719373511832646,-3.9618021966515227,-0.6096996720739257,0.5249581823057214,0.1623089884393845,0.0
4.78,-3.0207272318225824,-2.2604253909877974,-3.9587473093785475,-0.5572199602776133,0.4759931413660543,0.16692531131878346,0.0
4.8,-3.032355682870827,-2.250435222662454,-3.9554049928433686,-0.5056214642392601,0.42585996504857404,0.16651914365994935,0.0
4.82,-3.043984133919072,-2.2404450543371106,-3.952062676308189,-0.4540229682009047,0.3757267887310916,0.16611297600111521,0.0
4.84,-3.0541338839443593,-2.231891594148564,-3.948731999657478,-0.40315636714869796,0.3250663234164588,0.16144943930405756,0.0
4.86,-3.062676956067595,-2.2248991846249258,-3.9454139702862827,-0.35308500427013406,0.27383293391595576,0.15216007179441782,0.0
4.88,-3.071220028190831,-2.2179067751012878,-3.9420959409150873,-0.30301364139157244,0.22259954441545501,0.1428707042847785,0.0
4.9,-3.07829761041368,-2.2124138657022545,-3.9390497929843744,-0.2534604592173434,0.17137518074199862,0.12961936588349066,0.0
4.92,-3.083846619925921,-2.208485003226657,-3.9362872297786966,-0.20444776311784213,0.12016023141722787,0.11223551139758299,0.0
4.94,-3.089395629438162,-2.2045561407510594,-3.9335246665730184,-0.1554350670183387,0.06894528209245485,0.09485165691167455,0.0
4.96,-3.0934802269242603,-2.2021574897038896,-3.9312815019639453,-0.10654125195914076,0.018316087744378158,0.07389931917481633,0.0
4.98,-3.0960984777668905,-2.2012910716292797,-3.9295584221227897,-0.05776647499257355,-0.03172657779306803,0.04937378390619115,0.0
5.0,-3.0987167286095207,-2.2004246535546703,-3.927835342281634,-0.008991698026008521,-0.08176924333051197,0.02484824863756705,0.0
5.0200000000000005,-3.0998479139908794,-2.201083956849565,-3.926860007047126,0.040253661455129035,-0.1305493184400935,-0.00275488990726064,0.0
5.04,-3.099549632754497,-2.203209885402379,-3.9266034538579517,0.08995137627164806,-0.1781157073229961,-0.0333164262231039,0.0
5.0600000000000005,-3.099251351518115,-2.2053358139551937,-3.926346900668777,0.1396490910881693,-0.2256820962059008,-0.06387796253894851,0.0
5.08,-3.0989530702817323,-2.207461742508008,-3.9260903474796027,0.18934680590468836,-0.2732484850888034,-0.09443949885479178,0.0
5.1000000000000005,-3.0954800172924517,-2.212626290208007,-3.9277861154902847,0.24161853331338354,-0.31575800447032243,-0.1313066076932255,0.0
5.12,-3.091573731705907,-2.218205490981579,-3.9297482992467083,0.29424151311043495,-0.35757745827275894,-0.16903418140089005,0.0
5.14,-3.087667446119362,-2.223784691755151,-3.9317104830031324,0.34686449290748633,-0.39939691207519545,-0.20676175510855455,0.0
5.16,-3.082806163505293,-2.2301228281539585,-3.9343573433188364,0.39995201998626406,-0.4388336144763505,-0.24572433976708985,0.0
5.18,-3.0750795022590776,-2.23873807941391,-3.939058511162574,0.45443337742922846,-0.4711210957237434,-0.2883924584609088,0.0
5.2,-3.0673528410128617,-2.247353330673861,-3.9437596790063125,0.5089147348721953,-0.5034085769711377,-0.3310605771547296,0.0
5.22,-3.059626179766646,-2.255968581933812,-3.9484608468500504,0.5633960923151596,-0.5356960582185306,-0.3737286958485485,0.0
5.24,-3.0494471398242844,-2.26603719513039,-3.955082642045978,0.6175620199271229,-0.5598069966797028,-0.4179426715221126,0.0
5.26,-3.0377651865614705,-2.276996485210365,-3.962881472597728,0.6715346398352499,-0.5789070307940144,-0.46310400864927975,0.0
5.28,-3.026083233298656,-2.28795577529034,-3.9706803031494786,0.7255072597433792,-0.598007064908327,-0.5082653457764489,0.0
5.3,-3.0144012800358415,-2.298915065370315,-3.978479133701229,0.7794798796515061,-0.6171070990226386,-0.553426682903616,0.0
5.32,-2.9988398593336303,-2.3112472360064675,-3.9895240904777705,0.8308885100791067,-0.6208921669446148,-0.5988869812767574,0.0
5.34,-2.98323954789002,-2.323593169444736,-4.000601588900177,0.8822714371199909,-0.6245237059611316,-0.6443502766655149,0.0
5.36,-2.967639236446409,-2.3359391028830045,-4.011679087322585,0.9336543641608774,-0.6281552449776486,-0.6898135720542744,0.0
5.38,-2.9506955338509924,-2.3483799818151008,-4.0239452099101465,0.983458791926651,-0.6258900363037827,-0.7346888437689246,0.0
5.4,-2.931364873336563,-2.3609895613509364,-4.038323298070753,1.0304585180686183,-0.6131473962600198,-0.7785193060372813,0.0
5.42,-2.9120342128221344,-2.3735991408867716,-4.052701386231359,1.0774582442105836,-0.6004047562162574,-0.822349768305636,0.0
5.44,-2.8927035523077045,-2.3862087204226072,-4.067079474391965,1.1244579703525508,-0.5876621161724944,-0.8661802305739925,0.0
5.46,-2.8708814381010725,-2.3981428130951885,-4.0837810136875765,1.167157687360088,-0.5633065166922623,-0.9075929934013647,0.0
5.48,-2.848138644513669,-2.4098272897187436,-4.101341149536245,1.2082684004220265,-0.5346595220573286,-0.9481123316263956,0.0
5.5,-2.8253958509262667,-2.4215117663422987,-4.118901285384913,1.249379113483963,-0.5060125274223962,-0.9886316698514247,0.0
5.5200000000000005,-2.802353926501672,-2.432987800960111,-4.136756249093839,1.289777527359661,-0.47595646807586095,-1.0286766588439198,0.0
5.54,-2.7766265362962286,-2.4425925344477184,-4.157258048339332,1.3237812307857857,-0.43325044224128273,-1.064463147963552,0.0
5.5600000000000005,-2.750899146090784,-2.4521972679353263,-4.177759847584826,1.357784934211912,-0.39054441640670257,-1.1002496370831858,0.0
5.58,-2.7251717558853406,-2.4618020014229343,-4.198261646830319,1.3917886376380366,-0.3478383905721243,-1.136036126202818,0.0
5.6000000000000005,-2.698283428612216,-2.4699486875977725,-4.219985250101701,1.422012685085114,-0.30003538888095843,-1.1690489493662466,0.0
5.62,-2.6700874035744455,-2.4764530063568926,-4.2430851126363685,1.4479792686157258,-0.24649107345309662,-1.19893747159056,0.0
5.64,-2.6418913785366755,-2.482957325116012,-4.266184975171036,1.4739458521463373,-0.19294675802523475,-1.2288259938148733,0.0
5.66,-2.6136953534989043,-2.4894616438751327,-4.289284837705705,1.4999124356769502,-0.13940244259737053,-1.2587145160391882,0.0
5.68,-2.5839151915362586,-2.4926993978554686,-4.314208101906968,1.518585558002843,-0.08061261094868544,-1.2828834011470223,0.0
5.7,-2.5538340185257247,-2.495316452910343,-4.339477841237851,1.5358728074502717,-0.020826048329620858,-1.3059654648223584,0.0
5.72,-2.5237528455151916,-2.4979335079652176,-4.364747580568734,1.5531600568976995,0.038960514289441084,-1.3290475284976935,0.0
5.74,-2.4934076440643436,-2.4996374418825718,-4.390369852631326,1.5685468321055427,0.09880405290774724,-1.3505605360054833,0.0
5.76,-2.4620714340478047,-2.4979140523353704,-4.4173153266807725,1.5768003369427062,0.158861446151788,-1.3661842230285441,0.0
5.78,-2.430735224031264,-2.4961906627881696,-4.444260800730221,1.58505384177987,0.21891883939583143,-1.3818079100516059,0.0
5.8,-2.399399014014725,-2.4944672732409687,-4.471206274779667,1.5933073466170335,0.27897623263987215,-1.3974315970746667,0.0
5.82,-2.368062803998185,-2.4927438836937674,-4.498151748829115,1.6015608514541975,0.3390336258839156,-1.4130552840977284,0.0
5.84,-2.336283862657624,-2.4877989186155856,-4.5259353026735445,1.6013344486151486,0.3938401191886934,-1.421257577812316,0.0
5.86,-2.30418317207952,-2.480512715376616,-4.55432792012022,1.5949453830476992,0.4448305891849851,-1.4240664703624983,0.0
5.88,-2.2720824815014176,-2.473226512137647,-4.582720537566893,1.5885563174802502,0.4958210591812745,-1.4268753629126807,0.0
5.9,-2.2399817909233137,-2.4659403088986775,-4.611113155013569,1.5821672519128005,0.5468115291775661,-1.4296842554628633,0.0
5.92,-2.2078811003452112,-2.458654105659708,-4.639505772460243,1.5757781863453515,0.5978019991738556,-1.4324931480130456,0.0
5.94,-2.176341352157064,-2.4468910793543945,-4.668145002949717,1.5563257950386415,0.6339286946411525,-1.4231604136027345,0.0
5.96,-2.1448324485263535,-2.4348818858335717,-4.696797793958592,1.5361550902147638,0.6692380752551377,-1.4131600471559713,0.0
5.98,-2.113323544895642,-2.422872692312749,-4.725450584967469,1.5159843853908852,0.7045474558691244,-1.4031596807092075,0.0
6.0,-2.081814641264931,-2.410863498791926,-4.754103375976344,1.4958136805670073,0.7398568364831095,-1.393159314262444,0.0
6.0200000000000005,-2.0508973025686488,-2.3978187543763747,-4.782462876980087,1.4718047672259167,0.7690232546179443,-1.3793201510013158,0.0
6.04,-2.0212567096804794,-2.3825390308621976,-4.81018938443938,1.4395120352373691,0.7849316157954139,-1.357195899399616,0.0
6.0600000000000005,-1.9916161167923092,-2.3672593073480197,-4.837915891898675,1.4072193032488203,0.8008399769728843,-1.3350716477979152,0.0
6.08,-1.96197552390414,-2.351979583833842,-4.865642399357968,1.3749265712602727,0.8167483381503541,-1.3129473961962153,0.0
6.1000000000000005,-1.9323349310159696,-2.3366998603196647,-4.893368906817263,1.3426338392717239,0.8326566993278245,-1.2908231445945144,0.0
6.12,-1.904744395776911,-2.3204102173744445,-4.919690887981196,1.3037177481726916,0.8347020314422496,-1.261325083290386,0.0
6.140000000000001,-1.8780949159215783,-2.303656982530662,-4.945368137504337,1.2617612802569451,0.8303836995201025,-1.2284421594571162,0.0
6.16,-1.8514454360662467,-2.28690374768688,-4.971045387027476,1.2198048123412004,0.8260653675979556,-1.195559235623848,0.0
6.18,-1.824795956210915,-2.270150512843098,-4.996722636550616,1.1778483444254557,0.8217470356758086,-1.1626763117905798,0.0
6.2,-1.7983568560373746,-2.253418931139839,-5.022235003294149,1.135545047398635,0.8164457174134441,-1.1293216775644943,0.0
6.22,-1.7755935923758017,-2.237065681620836,-5.044866473288001,1.0871818157857538,0.7939692753494241,-1.0877251339001262,0.0
6.24,-1.7528303287142277,-2.220712432101833,-5.067497943281854,1.0388185841728705,0.7714928332854032,-1.0461285902357564,0.0
6.26,-1.7300670650526548,-2.20435918258283,-5.090129413275706,0.9904553525599893,0.7490163912213832,-1.0045320465713885,0.0
6.28,-1.707303801391081,-2.188005933063826,-5.1127608832695595,0.9420921209471058,0.7265399491573623,-0.9629355029070188,0.0
6.3,-1.6864349193821337,-2.172533082931763,-5.133763021920106,0.8927344451262069,0.6984833092590547,-0.918806322600178,0.0
6.32,-1.6681512981502786,-2.158261712976661,-5.152541613689855,0.8420196522732484,0.6628113788677192,-0.8712208555596992,0.0
6.34,-1.6498676769184244,-2.1439903430215597,-5.171320205459604,0.791304859420292,0.6271394484763855,-0.8236353885192225,0.0
6.36,-1.6315840556865695,-2.1297189730664576,-5.190098797229353,0.7405900665673335,0.59146751808505,-0.7760499214787437,0.0
6.38,-1.613300434454715,-2.1154476031113565,-5.208877388999102,0.6898752737143772,0.5557955876937163,-0.728464454438267,0.0
6.4,-1.5987355012391595,-2.1037918956208363,-5.224166752161598,0.6411365865399036,0.5158943849062867,-0.6788310093659881,0.0
6.42,-1.5851493357045787,-2.0928246368179853,-5.238537741914618,0.5929180151599848,0.47488002739407703,-0.628658531521915,0.0
6.44,-1.5715631701699972,-2.081857378015134,-5.252908731667637,0.5446994437800639,0.4338656698818655,-0.5784860536778397,0.0
6.46,-1.5579770046354164,-2.070890119212283,-5.267279721420656,0.49648087240014505,0.3928513123696558,-0.5283135758337666,0.0
6.48,-1.5451071831006786,-2.0605321772778185,-5.280905339578617,0.44836432703204476,0.3517917943434104,-0.4778729727171734,0.0
6.5,-1.5359872608474165,-2.05336387172958,-5.2906291055407735,0.4007818648258099,0.3104958712112906,-0.4260287942694849,0.0
6.5200000000000005,-1.5268673385941542,-2.0461955661813414,-5.3003528715029296,0.35319940261957294,0.2691999480791689,-0.3741846158217942,0.0
6.54,-1.5177474163408922,-2.039027260633103,-5.310076637465085,0.30561694041333803,0.2279040249470491,-0.32234043737410567,0.0
6.5600000000000005,-1.5086274940876296,-2.0318589550848642,-5.319800403427241,0.258034478207101,0.18660810181492743,-0.27049625892641493,0.0
6.58,-1.5018396749411989,-2.0267146379174386,-5.326983191810201,0.20870805651818378,0.14806435865278741,-0.21796862723064747,0.0
6.6000000000000005,-1.4971270763820124,-2.0233713656283046,-5.331904892778703,0.15782977350238653,0.11196964122916228,-0.16483282506133465,0.0
6.62,-1.492414477822826,-2.0200280933391705,-5.3368265937472055,0.10695149048659155,0.07587492380553877,-0.11169702289202421,0.0
6.640000000000001,-1.4877018792636396,-2.0166848210500365,-5.341748294715708,0.056073207470794334,0.03978020638191365,-0.05856122072271139,0.0
6.66,-1.4829892807044533,-2.0133415487609025,-5.34666999568421,0.005194924454999361,0.0036854889582901285,-0.005425418553400924,0.0
6.68,-1.4825080995491693,-2.013000182323187,-5.347172527122174,-0.05139884119227739,-0.018604990667296005,0.04784721782216704,0.0
6.7,-1.4825080999571718,-2.0130001818185734,-5.347172526500509,-0.10864255096112169,-0.03932570203567568,0.10113541449136793,0.0
6.72,-1.4825081003651743,-2.0130001813139593,-5.347172525878843,-0.16588626072996346,-0.060046413404054436,0.15442361116056644,0.0
6.74,-1.482508100773177,-2.0130001808093456,-5.347172525257178,-0.22312997049880776,-0.08076712477243411,0.20771180782976734,0.0
6.76,-1.4825081011811796,-2.013000180304732,-5.347172524635512,-0.2803736802676495,-0.10148783614081287,0.2610000044989658,0.0
6.78,-1.4825081015891821,-2.013000179800118,-5.347172524013847,-0.3376173900364938,-0.12220854750919255,0.3142882011681667,0.0
6.8,-1.4825081019971846,-2.013000179295504,-5.347172523392182,-0.39486109980533557,-0.14292925887757132,0.36757639783736523,0.0
6.82,-1.4825081024051874,-2.0130001787908904,-5.347172522770516,-0.45210480957417987,-0.163649970245951,0.4208645945065661,0.0
6.84,-1.48250810281319,-2.0130001782862763,-5.347172522148851,-0.5093485193430217,-0.18437068161432976,0.47415279117576464,0.0
6.86,-1.4825081032211924,-2.0130001777816626,-5.3471725215271855,-0.566592229111866,-0.20509139298270943,0.5274409878449654,0.0
6.88,-1.482508103629195,-2.013000177277049,-5.34717252090552,-0.6238359388807078,-0.22581210435108817,0.580729184514164,0.0
6.9,-1.4825081040371977,-2.013000176772435,-5.347172520283855,-0.6810796486495521,-0.24653281571946786,0.6340173811833648,0.0
6.92,-1.4949950610102518,-2.017520124815858,-5.335548405852563,-0.7426437885005502,-0.24449852559077004,0.6849750185493765,0.0
6.94,-1.5087199145281378,-2.0224881587208183,-5.3227719329385055,-0.8046362349163273,-0.24020841455133926,0.7357016155258519,0.0
6.96,-1.522444768046023,-2.0274561926257784,-5.3099954600244486,-0.8666286813321016,-0.23591830351190865,0.7864282125023251,0.0
6.98,-1.536169621563909,-2.032424226530739,-5.297218987110392,-0.9286211277478786,-0.23162819247247787,0.8371548094788005,0.0
7.0,-1.549894475081794,-2.037392260435699,-5.284442514196335,-0.9906135741636529,-0.2273380814330473,0.8878814064552737,0.0
7.0200000000000005,-1.56361932859968,-2.0423602943406594,-5.271666041282278,-1.05260602057943,-0.2230479703936165,0.9386080034317491,0.0
7.04,-1.5773441821175653,-2.0473283282456194,-5.258889568368221,-1.1145984669952043,-0.2187578593541859,0.9893346004082223,0.0
7.0600000000000005,-1.591069035635451,-2.05229636215058,-5.246113095454164,-1.1765909134109813,-0.21446774831475512,1.0400611973846976,0.0
7.08,-1.6047938891533364,-2.05726439605554,-5.233336622540107,-1.2385833598267557,-0.21017763727532454,1.0907877943611708,0.0
7.1000000000000005,-1.6185187426712222,-2.0622324299605004,-5.22056014962605,-1.3005758062425326,-0.20588752623589376,1.1415143913376462,0.0
7.12,-1.6322435961891075,-2.0672004638654604,-5.207783676711993,-1.362568252658307,-0.20159741519646315,1.1922409883141194,0.0
7.140000000000001,-1.6459684497069933,-2.072168497770421,-5.195007203797936,-1.424560699074084,-0.19730730415703238,1.2429675852905948,0.0
7.16,-1.6733931802118365,-2.076188448531406,-5.171020524177666,-1.4883226645797856,-0.18915630186541382,1.2899857207289767,0.0
7.18,-1.7019814523378898,-2.0801278778249763,-5.14608175264464,-1.5522349167714635,-0.18067739096037028,1.3366888935327057,0.0
7.2,-1.7305697244639442,-2.0840673071185476,-5.121142981111612,-1.6161471689631446,-0.17219848005532637,1.3833920663364372,0.0
7.22,-1.7591579965899973,-2.088006736412118,-5.096204209578586,-1.6800594211548225,-0.16371956915028282,1.4300952391401665,0.0
7.24,-1.7877462687160517,-2.091946165705689,-5.0712654380455575,-1.7439716733465034,-0.1552406582452389,1.4767984119438977,0.0
7.26,-1.8163345408421048,-2.0958855949992596,-5.046326666512531,-1.8078839255381816,-0.14676174734019534,1.523501584747627,0.0
7.28,-1.8449228129681594,-2.0998250242928305,-5.021387894979504,-1.8717961777298624,-0.13828283643515143,1.5702047575513582,0.0
7.3,-1.8735110850942125,-2.1037644535864013,-4.996449123446476,-1.9357084299215406,-0.1298039255301079,1.6169079303550875,0.0
7.32,-1.902099357220267,-2.107703882879972,-4.971510351913449,-1.9996206821132212,-0.12132501462506397,1.6636111031588188,0.0
7.34,-1.93068762934632,-2.111643312173543,-4.946571580380422,-2.0635329343048996,-0.11284610372002042,1.7103142759625483,0.0
7.36,-1.9592759014723744,-2.115582741467114,-4.921632808847395,-2.12744518649658,-0.1043671928149765,1.7570174487662795,0.0
7.38,-1.9878641735984277,-2.1195221707606846,-4.896694037314368,-2.191357438688258,-0.09588828190993295,1.8037206215700088,0.0
7.4,-2.0307591150442073,-2.1215636075668987,-4.861300825097869,-2.2393981312,-0.08606817929305445,1.8301130320854226,0.0
7.42,-2.0746711018071133,-2.1234701181839295,-4.825164418242375,-2.2863105320676635,-0.07615273283901842,1.8550615729473892,0.0
7.44,-2.1185830885700216,-2.1253766288009603,-4.789028011386879,-2.3332229329353296,-0.06623728638498196,1.8800101138093568,0.0
7.46,-2.1624950753329277,-2.127283139417991,-4.752891604531385,-2.380135333802993,-0.05632183993094592,1.9049586546713235,0.0
7.48,-2.206407062095836,-2.129189650035022,-4.71675519767589,-2.427047734670659,-0.046406393476909454,1.9299071955332912,0.0
7.5,-2.250319048858742,-2.131096160652053,-4.680618790820396,-2.4739601355383223,-0.03649094702287343,1.9548557363952577,0.0
7.5200000000000005,-2.2942310356216504,-2.1330026712690837,-4.6444823839649,-2.5208725364059883,-0.02657550056883695,1.9798042772572253,0.0
7.54,-2.3381430223845565,-2.1349091818861146,-4.608345977109406,-2.5677849372736516,-0.016660054114800926,2.004752818119192,0.0
7.5600000000000005,-2.3820550091474644,-2.136815692503146,-4.57220957025391,-2.6146973381413177,-0.006744607660764457,2.0297013589811597,0.0
7.58,-2.4259669959103705,-2.1387222031201767,-4.536073163398416,-2.661609739008981,0.0031708387932715687,2.054649899843126,0.0
7.6000000000000005,-2.4698789826732788,-2.1406287137372075,-4.499936756542921,-2.7085221398766466,0.013086285247308038,2.079598440705094,0.0
7.62,-2.513790969436185,-2.1425352243542384,-4.463800349687427,-2.7554345407443104,0.023001731701344078,2.1045469815670605,0.0
7.640000000000001,-2.5683382111128275,-2.142193858105627,-4.422007995003952,-2.7579141988402602,0.026837968988138776,2.097366057263877,0.0
7.66,-2.623497998088903,-2.1417230237418714,-4.379889881861093,-2.75783472055945,0.030324069768579133,2.0883346128725586,0.0
7.68,-2.678657785064979,-2.1412521893781156,-4.337771768718233,-2.7577552422786398,0.03381017054901949,2.0793031684812404,0.0
7.7,-2.7338175720410574,-2.14078135501436,-4.295653655575372,-2.7576757639978293,0.03729627132946001,2.0702717240899218,0.0
7.72,-2.788977359017133,-2.140310520650605,-4.253535542432513,-2.757596285717019,0.040782372109900364,2.0612402796986036,0.0
7.74,-2.844137145993211,-2.139839686286849,-4.211417429289652,-2.7575168074362084,0.044268472890340874,2.0522088353072854,0.0
7.76,-2.899296932969287,-2.1393688519230936,-4.169299316146793,-2.757437329155398,0.04775457367078123,2.043177390915967,0.0
7.78,-2.954456719945365,-2.1388980175593377,-4.127181203003932,-2.7573578508745875,0.05124067445122174,2.0341459465246485,0.0
7.8,-3.009616506921441,-2.1384271831955823,-4.085063089861072,-2.7572783725937775,0.0547267752316621,2.0251145021333303,0.0
7.82,-3.0647762938975194,-2.1379563488318265,-4.0429449767182115,-2.757198894312967,0.058212876012102614,2.0160830577420117,0.0
7.84,-3.119936080873595,-2.137485514468071,-4.0008268635753526,-2.7571194160321566,0.06169897679254297,2.0070516133506935,0.0
7.86,-3.1750958678496732,-2.1370146801043153,-3.958708750432491,-2.757039937751346,0.06518507757298347,1.998020168959375,0.0
7.88,-3.230237409752661,-2.135743574737153,-3.918663900089665,-2.767840975007469,0.05869929736768215,1.979672531171836,0.0
7.9,-3.285378140875547,-2.134436906683879,-3.8787111820293636,-2.7791255239204187,0.0517703836839421,1.9609108975502727,0.0
7.92,-3.3405188719984302,-2.1331302386306055,-3.838758463969064,-2.7904100728333674,0.04484147000020236,1.9421492639287103,0.0
7.94,-3.395659603121316,-2.131823570577332,-3.798805745908762,-2.8016946217463166,0.037912556316462315,1.923387630307147,0.0
7.96,-3.4508003342441995,-2.1305169025240582,-3.7588530278484624,-2.8129791706592653,0.030983642632722568,1.904625996685585,0.0
7.98,-3.505941065367086,-2.1292102344707846,-3.718900309788161,-2.824263719572215,0.024054728948982515,1.8858643630640217,0.0
8.0,-3.5610817964899693,-2.127903566417511,-3.678947591727861,-2.8355482684851636,0.017125815265242775,1.8671027294424594,0.0
8.02,-3.6162225276128526,-2.126596898364238,-3.6389948736675612,-2.8468328173981123,0.010196901581503034,1.848341095820897,0.0
8.040000000000001,-3.671363258735741,-2.1252902303109638,-3.599042155607258,-2.858117366311062,0.0032679878977626767,1.829579462199333,0.0
8.06,-3.7265039898586245,-2.12398356225769,-3.559089437546958,-2.869401915224011,-0.0036609257859770705,1.8108178285777707,0.0
8.08,-3.7816447209815083,-2.1226768942044165,-3.5191367194866583,-2.88068646413696,-0.01058983946971681,1.7920561949562084,0.0
8.1,-3.8367854521043916,-2.121370226151143,-3.4791840014263586,-2.8919710130499086,-0.01751875315345655,1.773294561334646,0.0
8.120000000000001,-3.8945488977555267,-2.1216739514528453,-3.443591795199758,-2.907048887855919,-0.03838277396552928,1.7490589978232272,0.0
8.14,-3.952395232286486,-2.1220285720006147,-3.4081373996031354,-2.9222466478155424,-0.05968720314371651,1.7246504349586786,0.0
8.16,-4.010241566817446,-2.1223831925483836,-3.3726830040065128,-2.9374444077751662,-0.08099163232190376,1.70024187209413,0.0
8.18,-4.068087901348405,-2.122737813096153,-3.3372286084098897,-2.9526421677347896,-0.10229606150009099,1.6758333092295812,0.0
8.2,-4.125934235879365,-2.1230924336439223,-3.301774212813267,-2.967839927694413,-0.12360049067827822,1.6514247463650324,0.0
8.22,-4.183780570410329,-2.1234470541916917,-3.2663198172166408,-2.9830376876540377,-0.14490491985646733,1.6270161835004817,0.0
8.24,-4.241626904941289,-2.123801674739461,-3.230865421620018,-2.9982354476136615,-0.16620934903465456,1.602607620635933,0.0
8.26,-4.299473239472249,-2.12415629528723,-3.195411026023395,-3.013433207573285,-0.18751377821284182,1.5781990577713843,0.0
8.28,-4.357319574003208,-2.1245109158349993,-3.1599566304267723,-3.028630967532908,-0.20881820739102905,1.5537904949068357,0.0
8.3,-4.415165908534173,-2.1248655363827686,-3.1245022348301466,-3.043828727492533,-0.23012263656921816,1.5293819320422848,0.0
8.32,-4.473012243065132,-2.125220156930538,-3.0890478392335234,-3.059026487452156,-0.2514270657474054,1.504973369177736,0.0
8.34,-4.530858577596092,-2.1255747774783074,-3.0535934436369008,-3.07422424741178,-0.2727314949255926,1.4805648063131875,0.0
8.36,-4.592280525011963,-2.1309417414028364,-3.0238817082818206,-3.046496916018554,-0.2973078389418789,1.4399280394267793,0.0
8.38,-4.653770701353451,-2.1364043495747707,-2.9942795528927575,-3.0179504990702006,-0.32194661679574393,1.3989816101242607,0.0
8.4,-4.7152608776949325,-2.141866957746705,-2.9646773975036975,-2.98940408212185,-0.3465853946496068,1.358035180821746,0.0
8.42,-4.776751054036414,-2.1473295659186387,-2.935075242114637,-2.9608576651734997,-0.37122417250346973,1.317088751519231,0.0
8.44,-4.838241230377896,-2.1527921740905724,-2.9054730867255767,-2.9323112482251488,-0.3958629503573326,1.2761423222167163,0.0
8.46,-4.8997314067193845,-2.158254782262507,-2.8758709313365136,-2.9037648312767956,-0.4205017282111977,1.2351958929141977,0.0
8.48,-4.961221583060866,-2.163717390434441,-2.846268775947453,-2.875218414328445,-0.4451405060650605,1.194249463611683,0.0
8.5,-5.022711759402348,-2.169179998606375,-2.816666620558393,-2.8466719973800942,-0.46977928391892343,1.1533030343091681,0.0
8.52,-5.08420193574383,-2.174642606778309,-2.787064465169333,-2.8181255804317438,-0.4944180617727863,1.1123566050066533,0.0
8.540000000000001,-5.145692112085317,-2.1801052149502436,-2.7574623097802697,-2.7895791634833906,-0.5190568396266514,1.071410175704135,0.0
8.56,-5.207182288426799,-2.1855678231221773,-2.7278601543912093,-2.76103274653504,-0.5436956174805143,1.03046374640162,0.0
8.58,-5.268672464768281,-2.1910304312941116,-2.698257999002149,-2.7324863295866892,-0.5683343953343771,0.9895173170991052,0.0
8.6,-5.3233649314221765,-2.202360229706086,-2.6784063471402173,-2.670339693018345,-0.5810530916586445,0.9434535713875151,0.0
8.620000000000001,-5.378010768341713,-2.213730274838638,-2.658621580068939,-2.6079625715679597,-0.5936900207023333,0.8973547228080758,0.0
8.64,-5.4326566052612435,-2.225100319971189,-2.638836812997662,-2.5455854501175796,-0.6063269497460211,0.8512558742286406,0.0
8.66,-5.487302442180775,-2.23647036510374,-2.6190520459263853,-2.4832083286672,-0.6189638787897088,0.8051570256492054,0.0
8.68,-5.541948279100306,-2.2478404102362908,-2.5992672788551086,-2.42083120721682,-0.6316008078333966,0.7590581770697702,0.0
8.700000000000001,-5.596594116019842,-2.259210455368843,-2.5794825117838296,-2.3584540857664344,-0.6442377368770854,0.712959328490331,0.0
8.72,-5.651239952939373,-2.270580500501394,-2.559697744712553,-2.296076964316055,-0.6568746659207731,0.6668604799108958,0.0
8.74,-5.705885789858904,-2.281950545633945,-2.539912977641276,-2.2336998428656747,-0.6695115949644609,0.6207616313314606,0.0
8.76,-5.760531626778435,-2.293320590766496,-2.5201282105699994,-2.171322721415295,-0.6821485240081486,0.5746627827520254,0.0
8.78,-5.8151774636979665,-2.304690635899047,-2.5003434434987226,-2.108945599964915,-0.6947854530518364,0.5285639341725903,0.0
8.8,-5.869823300617502,-2.316060681031599,-2.480558676427444,-2.0465684785145295,-0.7074223820955252,0.48246508559315104,0.0
8.82,-5.924392883663902,-2.3274461743727506,-2.4608302636038353,-1.9841678890418195,-0.7199923698585353,0.43641672583319235,0.0
8.84,-5.964083071608535,-2.3418460719656853,-2.452098238010048,-1.9171879915002485,-0.7195001258563942,0.40022023408167884,0.0
8.86,-6.003773259553167,-2.3562459695586204,-2.443366212416261,-1.8502080939586776,-0.7190078818542531,0.3640237423301653,0.0
8.88,-6.043463447497803,-2.3706458671515565,-2.4346341868224735,-1.7832281964171008,-0.7185156378521119,0.3278272505786486,0.0
8.9,-6.083153635442436,-2.385045764744491,-2.4259021612286866,-1.7162482988755299,-0.7180233938499708,0.2916307588271351,0.0
8.92,-6.122843823387068,-2.3994456623374263,-2.4171701356348994,-1.649268401333959,-0.7175311498478297,0.2554342670756216,0.0
8.94,-6.162534011331701,-2.413845559930361,-2.4084381100411125,-1.582288503792388,-0.7170389058456886,0.2192377753241081,0.0
8.96,-6.202224199276337,-2.428245457523297,-2.399706084447325,-1.515308606250811,-0.7165466618435475,0.18304128357259136,0.0
8.98,-6.2419143872209695,-2.442645355116232,-2.390974058853538,-1.44832870870924,-0.7160544178414064,0.14684479182107785,0.0
9.0,-6.281604575165602,-2.457045252709167,-2.3822420332597507,-1.381348811167669,-0.7155621738392652,0.11064830006956433,0.0
9.02,-6.3212947631102345,-2.4714451503021015,-2.373510007665964,-1.3143689136260983,-0.7150699298371241,0.07445180831805087,0.0
9.040000000000001,-6.360984951054871,-2.485845047895038,-2.364777982072176,-1.2473890160845214,-0.714577685834983,0.03825531656653414,0.0
9.06,-6.400401968087104,-2.500242937919312,-2.3561935803034517,-1.1804844901286886,-0.7134900895254865,0.0026317547982245,0.0
9.08,-6.42403293731958,-2.5145248142195866,-2.356140089598279,-1.117935550368919,-0.6779981713975366,0.0001167697131041227,0.0
9.1,-6.447431238973401,-2.528674668799199,-2.3560959540555175,-1.0554384022906529,-0.6424131487502919,-0.0022979917500335,0.0
9.120000000000001,-6.468660142828089,-2.5415935498504116,-2.3561390462600125,-0.9934241610295543,-0.6059600174459856,-0.0037782658806106745,0.0
9.14,-6.4894681998174715,-2.5542650492401213,-2.3561921840397653,-0.9315155541222863,-0.5693279197169322,-0.005069434013629177,0.0
9.16,-6.508315572307512,-2.5657840215965666,-2.3562921231748772,-0.8700990873667408,-0.5318620348699514,-0.005479575747941441,0.0
9.18,-6.526557819455065,-2.5769338493636647,-2.3563961033623415,-0.8088272643378552,-0.4941630950206548,-0.005639026502277666,0.0
9.200000000000001,-6.543046616899929,-2.5870140202762353,-2.3565117931602746,-0.74797457017649,-0.45578884016497623,-0.005072059119010264,0.0
9.22,-6.558749237424034,-2.5965984209696784,-2.3566201581112525,-0.6872644871651222,-0.4171941759255175,-0.00425064900976669,0.0
9.24,-6.5729011103686314,-2.605204906327524,-2.3567140746748687,-0.6268357071147311,-0.37816475036277597,-0.0029273462208824225,0.0
9.26,-6.586086976700566,-2.613187472368272,-2.3567868370923386,-0.5664782218298643,-0.3390287124245916,-0.0014343759240393389,0.0
9.28,-6.597918204707957,-2.620295111667026,-2.3568299348918678,-0.5062207137298866,-0.29974317115200755,0.0002965203928719561,0.0
9.3,-6.608601382859215,-2.6266542673090822,-2.3568400549707733,-0.4458674923470313,-0.2606043425126132,0.0019922613345776793,0.0
9.32,-6.6181185432818515,-2.6322532249435096,-2.356816681202098,-0.38541705969404616,-0.22161452267314666,0.0036522966921336626,0.0
9.34,-6.626298605390926,-2.636989769852908,-2.3567565892433344,-0.3245896654885474,-0.18321316966500711,0.004919027614670682,0.0
9.36,-6.633494289351996,-2.6410914024058494,-2.3566694651781135,-0.2634847503923498,-0.1452450487413801,0.005896205938555587,0.0
9.38,-6.639151018784789,-2.6442367909065134,-2.3565577304411627,-0.20160659533886494,-0.10856342091343829,0.0059327508447662115,0.0
9.4,-6.644000092211307,-2.646880334656021,-2.356433079821075,-0.13932263758991048,-0.07255695525349684,0.005475643589378814,0.0
9.42,-6.647089521060954,-2.6485066247768136,-2.356321343381975,-0.07578785053634478,-0.0388869669150093,0.0033032125561243274,0.0
9.44,-6.6495467052072526,-2.6497674131211855,-2.356214247040447,-0.011803637381037874,-0.006056480729626515,0.0005144613936014031,0.0
9.46,-6.65,-2.65,-2.356194490192345,0.05389597358989361,0.0229076631017954,-0.005028921388491581,0.0
9.48,-6.65,-2.65,-2.356194490192345,0.11998362040517976,0.050997211310994106,-0.011195422491401263,0.0
9.5,-6.65,-2.65,-2.356194490192345,0.1860712672204659,0.07908675952019281,-0.017361923594310946,0.0
9.52,-6.65,-2.65,-2.356194490192345,0.2521589140357521,0.1071763077293915,-0.023528424697220628,0.0
9.540000000000001,-6.65,-2.65,-2.356194490192345,0.3182465608510441,0.1352658559385927,-0.029694925800130858,0.0
9.56,-6.65,-2.65,-2.356194490192345,0.38433420766633025,0.1633554041477914,-0.03586142690304054,0.0
9.58,-6.65,-2.65,-2.356194490192345,0.45042185448161637,0.1914449523569901,-0.042027928005950226,0.0
9.6,-6.65,-2.65,-2.356194490192345,0.5165095012969025,0.2195345005661888,-0.048194429108859904,0.0
9.620000000000001,-6.65,-2.65,-2.356194490192345,0.5825971481121945,0.24762404877539002,-0.05436093021177014,0.0
9.64,-6.65,-2.65,-2.356194490192345,0.6486847949274807,0.2757135969845887,-0.060527431314679817,0.0
9.66,-6.638185102047147,-2.6449782574864398,-2.3572969137884017,0.7163724897780316,0.2747431638867899,-0.09037222272525178,0.0
9.68,-6.625081406820006,-2.6394087313111445,-2.3585195923821214,0.784234721688048,0.27060279865341774,-0.12279989856953183,0.0
9.700000000000001,-6.611977711592864,-2.633839205135849,-2.359742270975841,0.8520969535980704,0.2664624334200453,-0.15522757441381477,0.0
9.72,-6.598874016365724,-2.6282696789605535,-2.3609649495695604,0.9199591855080869,0.26232206818667314,-0.18765525025809482,0.0
9.74,-6.585770321138583,-2.6227001527852583,-2.36218762816328,0.9878214174181033,0.258181702953301,-0.22008292610237487,0.0
9.76,-6.5726666259114435,-2.617130626609963,-2.363410306757,1.0556836493281196,0.25404133771992893,-0.2525106019466549,0.0
9.78,-6.559562930684303,-2.6115611004346677,-2.3646329853507195,1.123545881238136,0.2499009724865568,-0.28493827779093495,0.0
9.8,-6.546459235457161,-2.605991574259372,-2.3658556639444392,1.1914081131481584,0.24576060725318433,-0.3173659536352179,0.0
9.82,-6.533355540230021,-2.6004220480840767,-2.367078342538159,1.2592703450581748,0.2416202420198122,-0.34979362947949794,0.0
9.84,-6.52025184500288,-2.594852521908781,-2.3683010211318782,1.3271325769681912,0.2374798767864401,-0.382221305323778,0.0
9.86,-6.493857157218252,-2.590093896907131,-2.3758747433941063,1.3917444865757314,0.22412963188118235,-0.42207737676336776,0.0
9.88,-6.467297906418556,-2.585345312114403,-2.3835271013857873,1.4563161521732293,0.2106653544414346,-0.4620254232131781,0.0
9.9,-6.440738655618861,-2.5805967273216748,-2.391179459377468,1.5208878177707215,0.19720107700168804,-0.5019734696629848,0.0
9.92,-6.414179404819167,-2.5758481425289466,-2.398831817369148,1.5854594833682136,0.1837367995619415,-0.5419215161127916,0.0
9.94,-6.387620154019473,-2.5710995577362183,-2.4064841753608284,1.6500311489657058,0.17027252212219493,-0.5818695625625984,0.0
9.96,-6.3610609032197765,-2.56635097294349,-2.4141365333525093,1.7146028145632037,0.1568082446824472,-0.6218176090124087,0.0
9.98,-6.334501652420082,-2.561602388150762,-2.42178889134419,1.779174480160696,0.14334396724270063,-0.6617656554622156,0.0
10.0,-6.307942401620388,-2.5568538033580337,-2.4294412493358704,1.843746145758188,0.12987968980295406,-0.7017137019120223,0.0
10.02,-6.281383150820694,-2.5521052185653055,-2.4370936073275504,1.9083178113556802,0.11641541236320753,-0.7416617483618291,0.0
10.040000000000001,-6.2538778334672775,-2.547553904548201,-2.4453312609017894,1.9727764012082265,0.10265356500011598,-0.7817267722340044,0.0
10.06,-6.214515472448464,-2.5454749833995307,-2.4609044187830618,2.0358178137595284,0.08516227644631494,-0.8232578730955756,0.0
10.08,-6.17515311142965,-2.5433960622508605,-2.476477576664334,2.0988592263108306,0.06767098789251391,-0.8647889739571467,0.0
10.1,-6.135790750410837,-2.54131714110219,-2.4920507345456064,2.1619006388621327,0.050179699338712865,-0.9063200748187179,0.0
10.120000000000001,-6.0964283893920195,-2.53923821995352,-2.50762389242688,2.22494205141344,0.03268841078491028,-0.9478511756802928,0.0
10.14,-6.057066028373206,-2.5371592988048493,-2.5231970503081524,2.2879834639647423,0.015197122231109236,-0.9893822765418638,0.0
10.16,-6.017703667354392,-2.535080377656179,-2.538770208189425,2.3510248765160444,-0.00229416632269179,-1.030913377403435,0.0
10.18,-5.978341306335579,-2.5330014565075087,-2.554343366070697,2.4140662890673465,-0.01978545487649283,-1.0724444782650062,0.0
10.200000000000001,-5.938978945316761,-2.5309225353588385,-2.569916523951971,2.477107701618654,-0.037276743430295425,-1.1139755791265809,0.0
10.22,-5.899616584297949,-2.528843614210168,-2.585489681833243,2.540149114169956,-0.05476803198409645,-1.155506679988152,0.0
10.24,-5.858254058196076,-2.5273196530981963,-2.6023805300143112,2.5991773136385183,-0.07163143504513948,-1.1955456662116468,0.0
10.26,-5.806392001749015,-2.5287088614016096,-2.626188371900277,2.6371388257117023,-0.08519885876909825,-1.2277520474898385,0.0
10.28,-5.754529945301953,-2.5300980697050224,-2.649996213786243,2.6751003377848863,-0.09876628249305701,-1.25995842876803,0.0
10.3,-5.7026678888548865,-2.5314872780084356,-2.673804055672211,2.713061849858074,-0.11233370621701698,-1.2921648100462244,0.0
10.32,-5.6508058324078245,-2.532876486311849,-2.697611897558177,2.751023361931258,-0.12590112994097574,-1.324371191324416,0.0
10.34,-5.5989437759607625,-2.5342656946152617,-2.7214197394441424,2.788984874004442,-0.1394685536649345,-1.3565775726026077,0.0
10.36,-5.5470817195137005,-2.535654902918675,-2.7452275813301084,2.826946386077626,-0.15303597738889327,-1.3887839538807991,0.0
10.38,-5.495219663066634,-2.5370441112220883,-2.769035423216076,2.864907898150813,-0.16660340111285324,-1.4209903351589936,0.0
10.4,-5.443357606619573,-2.538433319525501,-2.792843265102042,2.902869410223997,-0.18017082483681202,-1.4531967164371853,0.0
10.42,-5.391495550172511,-2.5398225278289144,-2.816651106988008,2.940830922297181,-0.19373824856077076,-1.485403097715377,0.0
10.44,-5.337780813530571,-2.5418738830241696,-2.8420307546710597,2.9699253111873016,-0.2044256689221432,-1.514045462368163,0.0
10.46,-5.278391842318954,-2.5459532065618737,-2.872224398215514,2.971862213837757,-0.20629245489343265,-1.531772253788895,0.0
10.48,-5.2190028711073415,-2.550032530099578,-2.9024180417599657,2.973799116488212,-0.20815924086472193,-1.5494990452096251,0.0
10.5,-5.15961389989573,-2.5541118536372815,-2.9326116853044173,2.9757360191386675,-0.2100260268360112,-1.5672258366303553,0.0
10.52,-5.100224928684117,-2.5581911771749852,-2.962805328848869,2.9776729217891225,-0.2118928128073005,-1.5849526280510857,0.0
10.540000000000001,-5.0408359574725,-2.5622705007126894,-2.9929989723933232,2.9796098244395774,-0.2137595987785899,-1.6026794194718175,0.0
10.56,-4.981446986260887,-2.5663498242503935,-3.0231926159377753,2.981546727090033,-0.2156263847498792,-1.6204062108925477,0.0
10.58,-4.922058015049275,-2.570429147788097,-3.053386259482227,2.983483629740488,-0.21749317072116847,-1.638133002313278,0.0
10.6,-4.862669043837663,-2.574508471325801,-3.0835799030266786,2.985420532390943,-0.21935995669245775,-1.6558597937340083,0.0
10.620000000000001,-4.803280072626046,-2.5785877948635054,-3.113773546571133,2.9873574350413983,-0.2212267426637472,-1.67358658515474,0.0
10.64,-4.743763497203495,-2.5827901032867944,-3.1451350408752323,2.985517289105873,-0.21878973554575162,-1.6891919525165544,0.0
10.66,-4.683990481722805,-2.5872395685317744,-3.178843508798007,2.976086589912994,-0.20770360202411034,-1.7005339957685313,0.0
10.68,-4.624217466242115,-2.5916890337767544,-3.2125519767207815,2.966655890720115,-0.19661746850246908,-1.7118760390205081,0.0
10.700000000000001,-4.564444450761419,-2.596138499021735,-3.246260444643559,2.957225191527235,-0.1855313349808268,-1.723218082272486,0.0
10.72,-4.50467143528073,-2.600587964266715,-3.2799689125663334,2.947794492334356,-0.17444520145918554,-1.734560125524463,0.0
10.74,-4.444898419800039,-2.605037429511695,-3.313677380489108,2.9383637931414768,-0.16335906793754426,-1.7459021687764398,0.0
10.76,-4.385125404319349,-2.609486894756675,-3.3473858484118826,2.9289330939485976,-0.152272934415903,-1.7572442120284166,0.0
10.78,-4.32535238883866,-2.613936360001655,-3.381094316334657,2.9195023947557184,-0.14118680089426172,-1.7685862552803935,0.0
10.8,-4.265579373357964,-2.6183858252466354,-3.4148027842574344,2.9100716955628383,-0.13010066737261947,-1.7799282985323714,0.0
10.82,-4.2058063578772735,-2.622835290491616,-3.448511252180209,2.900640996369959,-0.11901453385097818,-1.7912703417843483,0.0
10.84,-4.146815684213541,-2.6263650841761983,-3.483160621147994,2.891133352156606,-0.10057673449197363,-1.800931229556142,0.0
10.86,-4.088912564454025,-2.6286164182739005,-3.519117961366711,2.8815187446497,-0.07191919139613318,-1.8082550989474304,0.0
10.88,-4.031009444694504,-2.630867752371603,-3.5550753015854313,2.8719041371427925,-0.04326164830029018,-1.8155789683387198,0.0
10.9,-3.9731063249349883,-2.6331190864693053,-3.5910326418041487,2.862289529635886,-0.014604105204449727,-1.8229028377300083,0.0
10.92,-3.915203205175472,-2.635370420567008,-3.6269899820228657,2.8526749221289793,0.014053437891390727,-1.830226707121297,0.0
10.94,-3.857300085415956,-2.63762175466471,-3.6629473222415827,2.8430603146220728,0.04271098098723118,-1.8375505765125855,0.0
10.96,-3.799396965656435,-2.6398730887624127,-3.698904662460303,2.8334457071151653,0.07136852408307416,-1.8448744459038746,0.0
10.98,-3.741493845896919,-2.642124422860115,-3.73486200267902,2.8238310996082587,0.10002606717891462,-1.8521983152951633,0.0
11.0,-3.683590726137403,-2.644375756957817,-3.7708193428977372,2.814216492101352,0.12868361027475506,-1.8595221846864518,0.0
11.02,-3.6256876063778867,-2.646627091055519,-3.8067766831164542,2.8046018845944456,0.1573411533705955,-1.8668460540777405,0.0
11.040000000000001,-3.568746267563379,-2.646011716464314,-3.8434666541804012,2.796426306401345,0.19200068411417398,-1.8719489970990684,0.0
11.06,-3.512749508410879,-2.6425809037648076,-3.8808761531157856,2.7896640207359193,0.23255485801223952,-1.8748707346278692,0.0
11.08,-3.4567527492583787,-2.6391500910653014,-3.91828565205117,2.7829017350704937,0.2731090319103051,-1.87779247215667,0.0
11.1,-3.400755990105879,-2.6357192783657952,-3.9556951509865543,2.776139449405068,0.31366320580837065,-1.8807142096854705,0.0
11.120000000000001,-3.344759230953374,-2.6322884656662886,-3.9931046499219423,2.769377163739642,0.35421737970643985,-1.8836359472142716,0.0
11.14,-3.2887624718008737,-2.628857652966782,-4.030514148857327,2.762614878074216,0.39477155360450533,-1.8865576847430723,0.0
11.16,-3.2327657126483738,-2.625426840267276,-4.0679236477927105,2.7558525924087904,0.4353257275025709,-1.889479422271873,0.0
11.18,-3.1767689534958734,-2.6219960275677696,-4.105333146728095,2.7490903067433647,0.47587990140063646,-1.8924011598006738,0.0
11.200000000000001,-3.1207721943433686,-2.6185652148682625,-4.142742645663483,2.742328021077938,0.5164340752987057,-1.8953228973294747,0.0
11.22,-3.0647754351908683,-2.6151344021687564,-4.180152144598868,2.735565735412513,0.5569882491967713,-1.8982446348582753,0.0
11.24,-3.009570605146026,-2.6069543031575124,-4.217903807280131,2.709824005373398,0.5933717779669173,-1.8894951442661494,0.0
11.26,-2.9549146552773893,-2.5954825091164557,-4.255892621109539,2.670927763558675,0.6268646636093247,-1.87265641224368,0.0
11.28,-2.9002587054087527,-2.5840107150753986,-4.293881434938948,2.6320315217439516,0.6603575492517322,-1.8558176802212105,0.0
11.3,-2.8456027555401113,-2.5725389210343406,-4.331870248768359,2.5931352799292253,0.6938504348941427,-1.8389789481987395,0.0
11.32,-2.790946805671475,-2.561067126993284,-4.369859062597768,2.554239038114502,0.72734332053655,-1.8221402161762703,0.0
11.34,-2.7362908558028383,-2.5495953329522267,-4.407847876427176,2.515342796299779,0.7608362061789575,-1.8053014841538009,0.0
11.36,-2.6816349059342017,-2.53812353891117,-4.445836690256584,2.476446554485056,0.794329091821365,-1.7884627521313314,0.0
11.38,-2.6269789560655603,-2.526651744870112,-4.483825504085996,2.4375503126703295,0.8278219774637754,-1.7716240201088604,0.0
11.4,-2.5723230061969242,-2.515179950829055,-4.521814317915403,2.3986540708556063,0.8613148631061829,-1.754785288086391,0.0
11.42,-2.5176670563282877,-2.503708156787998,-4.559803131744812,2.359757829040883,0.8948077487485904,-1.7379465560639216,0.0
11.44,-2.468230439753793,-2.4877420845083646,-4.595532422530975,2.3050427051450084,0.9055441738053879,-1.7076193891661695,0.0
11.46,-2.4212867405519947,-2.4696294039040083,-4.63018249420407,2.242771986744162,0.9054113991506593,-1.6708497224823062,0.0
11.48,-2.3743430413502007,-2.4515167232996538,-4.6648325658771626,2.180501268343321,0.9052786244959308,-1.6340800557984463,0.0
11.5,-2.3273993421484067,-2.433404042695299,-4.699482637550255,2.11823054994248,0.9051458498412022,-1.5973103891145863,0.0
11.52,-2.2838823892081774,-2.415298668655947,-4.732109281180703,2.05432291083506,0.9006684005359972,-1.558582563724408,0.0
11.540000000000001,-2.2419036196690265,-2.3971965743566575,-4.763827656970202,1.9896804976686413,0.894240732008137,-1.5189757683175296,0.0
11.56,-2.199924850129879,-2.3790944800573697,-4.795546032759698,1.9250380845022286,0.8878130634802776,-1.4793689729106547,0.0
11.58,-2.157946080590732,-2.360992385758082,-4.827264408549194,1.8603956713358158,0.8813853949524181,-1.43976217750378,0.0
11.6,-2.119593797680855,-2.3432508883615375,-4.856760814165616,1.7956637989914415,0.8705366615435111,-1.3987093704546776,0.0
11.620000000000001,-2.08276905627623,-2.325661280877162,-4.885321285912766,1.7308942448295523,0.8578256959540917,-1.3570474772496335,0.0
11.64,-2.045944314871608,-2.308071673392788,-4.9138817576599125,1.666124690667669,0.8451147303646734,-1.3153855840445932,0.0
11.66,-2.009119573466986,-2.290482065908414,-4.942442229407059,1.6013551365057856,0.8324037647752552,-1.2737236908395526,0.0
11.68,-1.9759978139893122,-2.2736191652303592,-4.968620822205415,1.5381333915218518,0.8156914293953351,-1.2312725338255353,0.0
11.700000000000001,-1.9443372378449093,-2.2570430204410745,-4.993859534148155,1.4755224064655934,0.79740016790573,-1.1885099361547717,0.0
11.72,-1.912676661700509,-2.2404668756517916,-5.01909824609089,1.4129114214093406,0.7791089064161265,-1.1457473384840122,0.0
11.74,-1.8810160855561087,-2.2238907308625087,-5.044336958033627,1.3503004363530877,0.7608176449265229,-1.1029847408132525,0.0
11.76,-1.853002133346994,-2.2083799159333872,-5.067085066896711,1.2895160130848549,0.7388422862667938,-1.0596814346622359,0.0
11.78,-1.8263336167916984,-2.1932621584739627,-5.088914258360484,1.2294055066770164,0.7155076660619247,-1.0161786320781976,0.0
11.8,-1.7996651002364004,-2.1781444010145368,-5.11074344982426,1.1692950002691727,0.6921730458570535,-0.9726758294941555,0.0
11.82,-1.7729965836811048,-2.1630266435551126,-5.132572641288033,1.109184493861334,0.6688384256521843,-0.9291730269101174,0.0
11.84,-1.7498934299455229,-2.1492929434304595,-5.151821530502577,1.050771617208292,0.6421419466880747,-0.8850552437291895,0.0
11.86,-1.7280176063920945,-2.1360356871985298,-5.170182183935885,0.9929431277106504,0.6142881911908339,-0.8407257614067808,0.0
11.88,-1.706141782838664,-2.1227784309665987,-5.188542837369194,0.9351146382130038,0.5864344356935906,-0.7963962790843682,0.0
11.9,-1.6842659592852356,-2.109521174734669,-5.206903490802503,0.8772861487153623,0.5585806801963498,-0.7520667967619594,0.0
11.92,-1.6658820735206512,-2.097945850405629,-5.222587335696867,0.8208673683291148,0.5279414872273912,-0.706968268781967,0.0
11.94,-1.648616994635443,-2.0869094122473593,-5.237413538791967,0.7649002547098944,0.4964098480598246,-0.6616233407730256,0.0
11.96,-1.6313519157502332,-2.075872974089088,-5.252239741887068,0.7089331410906691,0.4648782088922552,-0.6162784127640804,0.0
11.98,-1.614086836865025,-2.064836535930818,-5.267065944982168,0.6529660274714486,0.43334656972468855,-0.570933484755139,0.0
12.0,-1.600261233672318,-2.055737884080404,-5.279105461975745,0.5981672111420611,0.3997654079830717,-0.5248680238697728,0.0
12.02,-1.587458489407245,-2.047215506697974,-5.290316251857319,0.543715832451393,0.36557474274450485,-0.4785882851260368,0.0
12.040000000000001,-1.5746557451421708,-2.0386931293155426,-5.301527041738893,0.48926445376072014,0.33138407750593496,-0.43230854638229654,0.0
12.06,-1.5618530008770974,-2.0301707519331122,-5.312737831620467,0.43481307507005207,0.2971934122673682,-0.3860288076385605,0.0
12.08,-1.5524548950822363,-2.023786187347942,-5.3210549247269165,0.3812225007307356,0.26165362744112686,-0.33920300670973225,0.0
12.1,-1.5439936338155298,-2.0179898785317336,-5.328575767654783,0.327868791436983,0.22574260927701512,-0.29222694742759814,0.0
12.120000000000001,-1.5355323725488224,-2.012193569715525,-5.3360966105826515,0.27451508214322573,0.1898315911129002,-0.2452508881454599,0.0
12.14,-1.5270711112821156,-2.006397260899316,-5.343617453510518,0.22116137284947313,0.15392057294878853,-0.19827482886332584,0.0
12.16,-1.522002992587391,-2.0028847896297157,-5.348150754077711,0.1682745311341952,0.11731087313306006,-0.150999533012193,0.0
12.18,-1.5177956956346916,-1.9999517154746385,-5.35192613146168,0.11550613117421395,0.08052392159751533,-0.10364832247750683,0.0
12.200000000000001,-1.5135883986819916,-1.997018641319561,-5.355701508845651,0.06273773121422804,0.043736970061967306,-0.056297111942816475,0.0
12.22,-1.5093811017292922,-1.9940855671644837,-5.359476886229619,0.009969331254246788,0.0069500185264225744,-0.008945901408130313,0.0
