0.0,-1.95,1.05,-0.7853981633974483,-1.4898152669374108e-21,-2.3049242609542995e-21,1.9411536506603351e-22,0.0,0.0
0.02,-1.95,1.05,-0.7853981633974483,-0.10406679535933887,0.07872550710392755,0.12366452317694111,0.0,0.0
0.04,-1.95,1.05,-0.7853981633974483,-0.20813359071867774,0.1574510142078551,0.24732904635388223,0.0,0.0
0.06,-1.9531803682956947,1.052405917334067,-0.7816188721503592,-0.31221138575324786,0.23618161215211525,0.37093506389095166,0.0,0.0
0.08,-1.9580708442017214,1.0561055142549876,-0.775807427981844,-0.4162950953947363,0.3149149474789633,0.49450962251172914,0.0,0.0
0.1,-1.964431819758902,1.060917459520631,-0.7682501165112382,-0.5203943542201622,0.39360176292882826,0.618194052613048,0.0,0.0
0.12,-1.9742135664343796,1.068317021239041,-0.75663145593478,-0.6245297845600017,0.47218036084087456,0.7421340728378093,0.0,0.0
0.14,-1.9839953131098573,1.0757165829574507,-0.7450127953583218,-0.7286652148998414,0.5507589587529209,0.8660740930625707,0.0,0.0
0.16,-1.9984307559870975,1.0866277345492568,-0.7278553935534067,-0.832903452507527,0.6290376136082935,0.9906777587694577,0.0,0.0
0.18,-2.013106203975104,1.0977199893931857,-0.7104123422036117,-0.9371469921952447,0.7073007994980481,1.1153156506700073,0.0,0.0
0.2,-2.030727167438565,1.1110236563388831,-0.6894475106022939,-0.9816729271878201,0.7335657853232446,1.1687155073351327,0.0,0.0
0.22,-2.050301397189202,1.1257937819541863,-0.6661472729596679,-0.9865981929685139,0.7253490880521111,1.1748751258315655,0.0,0.0
0.24,-2.0699338598734975,1.1404667590279929,-0.6427742082512077,-0.9639153637821253,0.6997766433353539,1.1478156872539331,0.0,0.0
0.26,-2.0897395457148895,1.1548507522569493,-0.6191845078097791,-0.85910784893741,0.6225767572816778,1.0219408605328462,0.0,0.0
0.28,-2.1095452315562815,1.1692347454859056,-0.5955948073683505,-0.7543003340926948,0.5453768712280016,0.8960660338117592,0.0,0.0
0.3,-2.124908740580139,1.1803466876157394,-0.5773402037279484,-0.6491070832378266,0.4686848359610892,0.7702806999152875,0.0,0.0
0.32,-2.139789141422135,1.1911027783865689,-0.5596658176298619,-0.5438718817289886,0.39204803191984094,0.6445050987956871,0.0,0.0
0.34,-2.151938546094529,1.199870040179202,-0.5452554789224013,-0.4384421488166932,0.3156259135750661,0.5189630614588163,0.0,0.0
0.36,-2.1618735633906225,1.2070246897565704,-0.5334917441969983,-0.33285468302695764,0.23937786991462628,0.39361040582002194,0.0,0.0
0.38,-2.1708035392468723,1.2134535671694817,-0.5229211872088313,-0.22721919402957313,0.16318023055648181,0.2683345423669953,1.0,0.0
0.4,-2.1757766188217156,1.2170250448127526,-0.5170482281149943,-0.12139463536378209,0.08718103535040259,0.1433610134270147,1.0,0.0
0.42,-2.1807496983965593,1.2205965224560238,-0.5111752690211573,-0.015570076697991292,0.011181840144323552,0.018387484487034478,1.0,0.0
0.44,-2.181481392734639,1.221121997653199,-0.5103111744793222,1.728147822088958e-15,-4.961907983041692e-17,6.498683772033745e-17,1.0,0.0
0.46,-2.181481392734639,1.221121997653199,-0.5103111744793222,3.2382122028681285e-16,1.0515193093471775e-16,5.603962508815902e-17,1.0,0.0
0.48,-2.181481392734639,1.221121997653199,-0.5103111744793222,-3.80405954864314e-16,1.6850039017495668e-16,5.431296648515316e-17,1.0,0.0
0.5,-2.181481392734639,1.221121997653199,-0.5103111744793222,-3.93404091369092e-16,1.4158463836813995e-16,5.971537616885355e-17,1.0,0.0
0.52,-2.181481392734639,1.221121997653199,-0.5103111744793222,-4.0640222787387008e-16,1.1466888656132322e-16,6.511778585255393e-17,1.0,0.0
0.54,-2.181481392734639,1.221121997653199,-0.5103111744793222,-4.194003643786481e-16,8.775313475450647e-17,7.052019553625432e-17,1.0,0.0
0.56,-2.181481392734639,1.221121997653199,-0.5103111744793222,-4.323985008834261e-16,6.083738294768973e-17,7.59226052199547e-17,1.0,0.0
0.58,-2.181481392734639,1.221121997653199,-0.5103111744793222,-4.453966373882041e-16,3.392163114087314e-17,8.132501490365505e-17,1.0,0.0
0.6,-2.181481392734639,1.221121997653199,-0.5103111744793222,-4.583947738929821e-16,7.00587933405641e-18,8.672742458735544e-17,1.0,0.0
0.62,-2.181481392734639,1.221121997653199,-0.5103111744793222,-4.713929103977602e-16,-1.9909872472760347e-17,9.212983427105583e-17,1.0,0.0
0.64,-2.181481392734639,1.221121997653199,-0.5103111744793222,-4.843910469025381e-16,-4.682562427957708e-17,9.753224395475621e-17,1.0,0.0
0.66,-2.181481392734639,1.221121997653199,-0.5103111744793222,-4.973891834073162e-16,-7.374137608639384e-17,1.029346536384566e-16,1.0,0.0
0.68,-2.181481392734639,1.221121997653199,-0.5103111744793222,-5.103873199120943e-16,-1.0065712789321055e-16,1.08337063322157e-16,1.0,0.0
0.7000000000000001,-2.181481392734639,1.221121997653199,-0.5103111744793222,-5.233854564168722e-16,-1.275728797000273e-16,1.137394730058574e-16,1.0,0.0
0.72,-2.181481392734639,1.221121997653199,-0.5103111744793222,-5.363312870887712e-16,-1.5440525866295617e-16,1.1913199287395965e-16,1.0,0.0
0.74,-2.181481392734639,1.221121997653199,-0.5103111744793222,-5.3292098821341485e-16,-1.5516679695107713e-16,1.214319493276692e-16,1.0,0.0
0.76,-2.181481392734639,1.221121997653199,-0.5103111744793222,-5.295106893380585e-16,-1.5592833523919806e-16,1.2373190578137875e-16,1.0,0.0
0.78,-2.181481392734639,1.221121997653199,-0.5103111744793222,-5.261003904627022e-16,-1.5668987352731902e-16,1.2603186223508831e-16,1.0,0.0
0.8,-2.181481392734639,1.221121997653199,-0.5103111744793222,-5.226900915873458e-16,-1.5745141181543996e-16,1.2833181868879785e-16,1.0,0.0
0.8200000000000001,-2.181481392734639,1.221121997653199,-0.5103111744793222,-5.192797927119895e-16,-1.5821295010356092e-16,1.3063177514250742e-16,1.0,0.0
0.84,-2.181481392734639,1.221121997653199,-0.5103111744793222,-5.158694938366331e-16,-1.5897448839168185e-16,1.3293173159621696e-16,1.0,0.0
0.86,-2.181481392734639,1.221121997653199,-0.5103111744793222,-5.124591949612768e-16,-1.597360266798028e-16,1.3523168804992652e-16,1.0,0.0
0.88,-2.181481392734639,1.221121997653199,-0.5103111744793222,-5.090488960859203e-16,-1.6049756496792375e-16,1.3753164450363608e-16,1.0,0.0
0.9,-2.181481392734639,1.221121997653199,-0.5103111744793222,-5.05638597210564e-16,-1.6125910325604468e-16,1.3983160095734562e-16,1.0,0.0
0.92,-2.181481392734639,1.221121997653199,-0.5103111744793222,-5.022282983352077e-16,-1.6202064154416564e-16,1.421315574110552e-16,1.0,0.0
0.9400000000000001,-2.181481392734639,1.221121997653199,-0.5103111744793222,-4.988179994598513e-16,-1.6278217983228658e-16,1.4443151386476473e-16,1.0,0.0
0.96,-2.181481392734639,1.221121997653199,-0.5103111744793222,-4.95407700584495e-16,-1.6354371812040753e-16,1.467314703184743e-16,1.0,0.0
0.98,-2.181481392734639,1.221121997653199,-0.5103111744793222,-5.066987105672347e-16,-1.6963464300452012e-16,1.4096289884998193e-16,1.0,0.0
1.0,-2.181481392734639,1.221121997653199,-0.5103111744793222,-5.325047611313325e-16,-1.8098743018002745e-16,1.2722802918634052e-16,1.0,0.0
1.02,-2.181481392734639,1.221121997653199,-0.5103111744793222,-5.583108116954304e-16,-1.9234021735553481e-16,1.134931595226991e-16,1.0,0.0
1.04,-2.181481392734639,1.221121997653199,-0.5103111744793222,-5.841168622595282e-16,-2.0369300453104215e-16,9.97582898590577e-17,1.0,0.0
1.06,-2.181481392734639,1.221121997653199,-0.5103111744793222,-6.09922912823626e-16,-2.150457917065495e-16,8.60234201954163e-17,1.0,0.0
1.08,-2.181481392734639,1.221121997653199,-0.5103111744793222,-6.357289633877237e-16,-2.2639857888205684e-16,7.228855053177487e-17,1.0,0.0
1.1,-2.181481392734639,1.221121997653199,-0.5103111744793222,-6.615350139518215e-16,-2.377513660575642e-16,5.855368086813346e-17,1.0,0.0
1.12,-2.181481392734639,1.221121997653199,-0.5103111744793222,-6.873410645159193e-16,-2.4910415323307156e-16,4.4818811204492055e-17,1.0,0.0
1.1400000000000001,-2.181481392734639,1.221121997653199,-0.5103111744793222,-7.13147115080017e-16,-2.6045694040857887e-16,3.1083941540850634e-17,1.0,0.0
1.16,-2.181481392734639,1.221121997653199,-0.5103111744793222,-7.389531656441145e-16,-2.718097275840861e-16,1.7349071877209373e-17,1.0,0.0
1.18,-2.181481392734639,1.221121997653199,-0.5103111744793222,-7.647592162082123e-16,-2.8316251475959345e-16,3.614202213567964e-18,1.0,0.0
1.2,-2.181481392734639,1.221121997653199,-0.5103111744793222,-7.905652667723101e-16,-2.945153019351008e-16,-1.0120667450073445e-17,1.0,0.0
1.22,-2.181481392734639,1.221121997653199,-0.5103111744793222,-8.161818295358641e-16,-3.057618376547289e-16,-2.3790196670187632e-17,1.0,0.0
1.24,-2.181481392734639,1.221121997653199,-0.5103111744793222,-7.825452107183713e-16,-2.837833489115974e-16,-1.7027649768292407e-17,1.0,0.0
1.26,-2.181481392734639,1.221121997653199,-0.5103111744793222,-7.489085919008786e-16,-2.6180486016846593e-16,-1.0265102866397184e-17,1.0,0.0
1.28,-2.181481392734639,1.221121997653199,-0.5103111744793222,-7.152719730833859e-16,-2.3982637142533445e-16,-3.50255596450196e-18,1.0,0.0
1.3,-2.181481392734639,1.221121997653199,-0.5103111744793222,-6.816353542658933e-16,-2.1784788268220302e-16,3.2599909373932647e-18,1.0,0.0
1.32,-2.181481392734639,1.221121997653199,-0.5103111744793222,-6.479987354484006e-16,-1.9586939393907155e-16,1.0022537839288487e-17,1.0,0.0
1.34,-2.181481392734639,1.221121997653199,-0.5103111744793222,-6.143621166309079e-16,-1.7389090519594007e-16,1.6785084741183715e-17,1.0,0.0
1.36,-2.181481392734639,1.221121997653199,-0.5103111744793222,-5.807254978134152e-16,-1.519124164528086e-16,2.3547631643078937e-17,1.0,0.0
1.3800000000000001,-2.181481392734639,1.221121997653199,-0.5103111744793222,-5.470888789959225e-16,-1.2993392770967714e-16,3.031017854497416e-17,1.0,0.0
1.4000000000000001,-2.181481392734639,1.221121997653199,-0.5103111744793222,-5.134522601784299e-16,-1.0795543896654566e-16,3.7072725446869384e-17,1.0,0.0
1.42,-2.181481392734639,1.221121997653199,-0.5103111744793222,-4.798156413609375e-16,-8.597695022341443e-17,4.383527234876453e-17,1.0,0.0
1.44,-2.181481392734639,1.221121997653199,-0.5103111744793222,-4.461790225434448e-16,-6.399846148028298e-17,5.0597819250659766e-17,1.0,0.0
1.46,-2.181481392734639,1.221121997653199,-0.5103111744793222,-4.1254240372595217e-16,-4.20199727371515e-17,5.736036615255499e-17,1.0,0.0
1.48,-2.181481392734639,1.221121997653199,-0.5103111744793222,-4.003101377057933e-16,-2.8723421759905756e-17,6.390544067426195e-17,1.0,0.0
1.5,-2.181481392734639,1.221121997653199,-0.5103111744793222,-4.0921102741141956e-16,-2.3998806806387492e-17,7.023579823068195e-17,1.0,0.0
1.52,-2.181481392734639,1.221121997653199,-0.5103111744793222,-4.1811191711704585e-16,-1.9274191852869232e-17,7.656615578710194e-17,1.0,0.0
1.54,-2.181481392734639,1.221121997653199,-0.5103111744793222,-4.270128068226721e-16,-1.454957689935097e-17,8.289651334352193e-17,1.0,0.0
1.56,-2.181481392734639,1.221121997653199,-0.5103111744793222,-4.359136965282984e-16,-9.824961945832707e-18,8.922687089994192e-17,1.0,0.0
1.58,-2.181481392734639,1.221121997653199,-0.5103111744793222,-4.448145862339247e-16,-5.100346992314446e-18,9.555722845636191e-17,1.0,0.0
1.6,-2.181481392734639,1.221121997653199,-0.5103111744793222,-4.537154759395509e-16,-3.757320387961855e-19,1.018875860127819e-16,1.0,0.0
1.62,-2.181481392734639,1.221121997653199,-0.5103111744793222,-4.626163656451772e-16,4.348882914722078e-18,1.0821794356920189e-16,1.0,0.0
1.6400000000000001,-2.181481392734639,1.221121997653199,-0.5103111744793222,-4.715172553508034e-16,9.073497868240342e-18,1.1454830112562187e-16,1.0,0.0
1.6600000000000001,-2.181481392734639,1.221121997653199,-0.5103111744793222,-4.8041814505642965e-16,1.37981128217586e-17,1.2087865868204188e-16,1.0,0.0
1.68,-2.181481392734639,1.221121997653199,-0.5103111744793222,-4.893190347620559e-16,1.8522727775276808e-17,1.272090162384618e-16,1.0,0.0
1.7,-2.181481392734639,1.221121997653199,-0.5103111744793222,-4.982199244676821e-16,2.3247342728795072e-17,1.3353937379488178e-16,1.0,0.0
1.72,-2.181481392734639,1.221121997653199,-0.5103111744793222,-5.071159785490056e-16,2.790653152549098e-17,1.3981867499740723e-16,1.0,0.0
1.74,-2.181481392734639,1.221121997653199,-0.5103111744793222,-5.144999240721751e-16,1.2106841496119875e-17,1.301325610149111e-16,1.0,0.0
1.76,-2.181481392734639,1.221121997653199,-0.5103111744793222,-5.218838695953446e-16,-3.692848533251231e-18,1.2044644703241501e-16,1.0,0.0
1.78,-2.181481392734639,1.221121997653199,-0.5103111744793222,-5.292678151185141e-16,-1.9492538562622334e-17,1.107603330499189e-16,1.0,0.0
1.8,-2.181481392734639,1.221121997653199,-0.5103111744793222,-5.366517606416837e-16,-3.529222859199344e-17,1.0107421906742279e-16,1.0,0.0
1.82,-2.181481392734639,1.221121997653199,-0.5103111744793222,-5.440357061648531e-16,-5.1091918621364546e-17,9.138810508492668e-17,1.0,0.0
1.84,-2.181481392734639,1.221121997653199,-0.5103111744793222,-5.514196516880226e-16,-6.689160865073565e-17,8.170199110243056e-17,1.0,0.0
1.86,-2.181481392734639,1.221121997653199,-0.5103111744793222,-5.588035972111921e-16,-8.269129868010676e-17,7.201587711993446e-17,1.0,0.0
1.8800000000000001,-2.181481392734639,1.221121997653199,-0.5103111744793222,-5.661875427343616e-16,-9.849098870947786e-17,6.232976313743835e-17,1.0,0.0
1.9000000000000001,-2.181481392734639,1.221121997653199,-0.5103111744793222,-5.735714882575311e-16,-1.1429067873884896e-16,5.2643649154942246e-17,1.0,0.0
1.92,-2.181481392734639,1.221121997653199,-0.5103111744793222,-5.809554337807005e-16,-1.300903687682199e-16,4.295753517244624e-17,1.0,0.0
1.94,-2.181481392734639,1.221121997653199,-0.5103111744793222,-5.8833937930387e-16,-1.45890058797591e-16,3.327142118995013e-17,1.0,0.0
1.96,-2.181481392734639,1.221121997653199,-0.5103111744793222,-5.957233248270395e-16,-1.616897488269621e-16,2.3585307207454026e-17,1.0,0.0
1.98,-2.181481392734639,1.221121997653199,-0.5103111744793222,-5.845412155415858e-16,-1.6842245298079547e-16,2.3160136713994614e-17,1.0,0.0
2.0,-2.181481392734639,1.221121997653199,-0.5103111744793222,-5.550282867635207e-16,-1.6620305163134533e-16,3.187857185881858e-17,1.0,0.0
2.02,-2.181481392734639,1.221121997653199,-0.5103111744793222,-5.255153579854557e-16,-1.639836502818952e-16,4.059700700364255e-17,1.0,0.0
2.04,-2.181481392734639,1.221121997653199,-0.5103111744793222,-4.960024292073907e-16,-1.6176424893244505e-16,4.931544214846651e-17,1.0,0.0
2.06,-2.181481392734639,1.221121997653199,-0.5103111744793222,-4.664895004293256e-16,-1.595448475829949e-16,5.803387729329048e-17,1.0,0.0
2.08,-2.181481392734639,1.221121997653199,-0.5103111744793222,-4.3697657165126064e-16,-1.5732544623354477e-16,6.675231243811444e-17,1.0,0.0
2.1,-2.181481392734639,1.221121997653199,-0.5103111744793222,-4.074636428731956e-16,-1.5510604488409466e-16,7.547074758293842e-17,1.0,0.0
2.12,-2.181481392734639,1.221121997653199,-0.5103111744793222,-3.7795071409513057e-16,-1.5288664353464452e-16,8.418918272776238e-17,1.0,0.0
2.14,-2.181481392734639,1.221121997653199,-0.5103111744793222,-3.4843778531706553e-16,-1.5066724218519438e-16,9.290761787258635e-17,1.0,0.0
2.16,-2.181481392734639,1.221121997653199,-0.5103111744793222,-3.189248565390005e-16,-1.4844784083574424e-16,1.0162605301741031e-16,1.0,0.0
2.18,-2.181481392734639,1.221121997653199,-0.5103111744793222,-2.8941192776093547e-16,-1.462284394862941e-16,1.1034448816223429e-16,1.0,0.0
2.2,-2.181481392734639,1.221121997653199,-0.5103111744793222,-2.5989899898287043e-16,-1.4400903813684396e-16,1.1906292330705825e-16,1.0,0.0
2.22,-2.181481392734639,1.221121997653199,-0.5103111744793222,-2.3055719908004994e-16,-1.417353229929857e-16,1.2771310766574265e-16,1.0,0.0
2.24,-2.181481392734639,1.221121997653199,-0.5103111744793222,-2.5472771126002417e-16,-1.2247758506152682e-16,1.1502114644801147e-16,1.0,0.0
2.2600000000000002,-2.181481392734639,1.221121997653199,-0.5103111744793222,-2.7889822343999835e-16,-1.0321984713006795e-16,1.0232918523028027e-16,1.0,0.0
2.2800000000000002,-2.181481392734639,1.221121997653199,-0.5103111744793222,-3.0306873561997263e-16,-8.396210919860908e-17,8.963722401254909e-17,1.0,0.0
2.3000000000000003,-2.181481392734639,1.221121997653199,-0.5103111744793222,-3.272392477999468e-16,-6.47043712671502e-17,7.694526279481789e-17,1.0,0.0
2.32,-2.181481392734639,1.221121997653199,-0.5103111744793222,-3.514097599799205e-16,-4.544663333569175e-17,6.425330157708699e-17,1.0,0.0
2.34,-2.181481392734639,1.221121997653199,-0.5103111744793222,-3.755802721598948e-16,-2.6188895404232877e-17,5.15613403593558e-17,1.0,0.0
2.36,-2.181481392734639,1.221121997653199,-0.5103111744793222,-3.9975078433986896e-16,-6.931157472774004e-18,3.8869379141624614e-17,1.0,0.0
2.38,-2.181481392734639,1.221121997653199,-0.5103111744793222,-4.2392129651984324e-16,1.2326580458684869e-17,2.617741792389342e-17,1.0,0.0
2.4,-2.181481392734639,1.221121997653199,-0.5103111744793222,-4.480918086998174e-16,3.158431839014374e-17,1.3485456706162223e-17,1.0,0.0
2.42,-2.181481392734639,1.221121997653199,-0.5103111744793222,-4.722623208797917e-16,5.0842056321602615e-17,7.934954884310401e-19,1.0,0.0
2.44,-2.181481392734639,1.221121997653199,-0.5103111744793222,-4.96432833059766e-16,7.009979425306149e-17,-1.1898465729300143e-17,1.0,0.0
2.46,-2.181481392734639,1.221121997653199,-0.5103111744793222,-5.206033452397402e-16,8.935753218452034e-17,-2.4590426947031326e-17,1.0,0.0
2.48,-2.181481392734639,1.221121997653199,-0.5103111744793222,-5.230718934144638e-16,1.0785879938205123e-16,-3.5467927767727636e-17,1.0,0.0
2.5,-2.181481392734639,1.221121997653199,-0.5103111744793222,-5.041134454440171e-16,1.2561318046845001e-16,-4.4553957737056505e-17,1.0,0.0
2.52,-2.181481392734639,1.221121997653199,-0.5103111744793222,-4.851549974735702e-16,1.4336756155484883e-16,-5.363998770638537e-17,1.0,0.0
2.54,-2.181481392734639,1.221121997653199,-0.5103111744793222,-4.661965495031233e-16,1.611219426412476e-16,-6.272601767571424e-17,1.0,0.0
2.56,-2.181481392734639,1.221121997653199,-0.5103111744793222,-4.472381015326765e-16,1.7887632372764642e-16,-7.18120476450431e-17,1.0,0.0
2.58,-2.181481392734639,1.221121997653199,-0.5103111744793222,-4.2827965356222965e-16,1.966307048140452e-16,-8.089807761437197e-17,1.0,0.0
2.6,-2.181481392734639,1.221121997653199,-0.5103111744793222,-4.0932120559178284e-16,2.1438508590044401e-16,-8.998410758370084e-17,1.0,0.0
2.62,-2.181481392734639,1.221121997653199,-0.5103111744793222,-3.9036275762133597e-16,2.321394669868428e-16,-9.90701375530297e-17,1.0,0.0
2.64,-2.181481392734639,1.221121997653199,-0.5103111744793222,-3.714043096508891e-16,2.498938480732416e-16,-1.0815616752235855e-16,1.0,0.0
2.66,-2.181481392734639,1.221121997653199,-0.5103111744793222,-3.524458616804423e-16,2.676482291596404e-16,-1.1724219749168743e-16,1.0,0.0
2.68,-2.181481392734639,1.221121997653199,-0.5103111744793222,-3.334874137099955e-16,2.854026102460392e-16,-1.263282274610163e-16,1.0,0.0
2.7,-2.181481392734639,1.221121997653199,-0.5103111744793222,-3.145289657395486e-16,3.0315699133243797e-16,-1.3541425743034517e-16,1.0,0.0
2.72,-2.181481392734639,1.221121997653199,-0.5103111744793222,-8.896463991274364e-05,9.227742127437793e-05,0.0011413885662163639,1.0,0.0
2.74,-2.181481392734639,1.221121997653199,-0.5103111744793222,-0.027997334792347235,0.029039873142034198,0.35919706804825874,1.0,0.0
2.7600000000000002,-2.181481392734639,1.221121997653199,-0.5103111744793222,-0.05590570494478173,0.05798746886279402,0.7172527475303012,1.0,0.0
2.7800000000000002,-2.181481392734639,1.221121997653199,-0.5103111744793222,-0.08381407509721621,0.08693506458355384,1.0753084270123434,1.0,0.0
2.8000000000000003,-2.181481392734639,1.221121997653199,-0.5103111744793222,-0.1117224452496507,0.11588266030431366,1.4333641064943858,1.0,0.0
2.82,-2.181481392734639,1.221121997653199,-0.5103111744793222,-0.1396308154020846,0.14483025602507285,1.7914197859764203,1.0,0.0
2.84,-2.181481392734639,1.221121997653199,-0.5103111744793222,-0.16753918555451908,0.17377785174583268,2.1494754654584627,1.0,0.0
2.86,-2.181481392734639,1.221121997653199,-0.5103111744793222,-0.19544755570695357,0.2027254474665925,2.507531144940505,1.0,0.0
2.88,-2.181481392734639,1.221121997653199,-0.5103111744793222,-0.22335592585938807,0.23167304318735232,2.8655868244225475,1.0,0.0
2.9,-2.181481392734639,1.221121997653199,-0.5103111744793222,-0.25126429601182254,0.26062063890811216,3.22364250390459,1.0,0.0
2.92,-2.181481392734639,1.221121997653199,-0.5103111744793222,-0.279172666164257,0.28956823462887193,3.5816981833866324,1.0,0.0
2.94,-2.181481392734639,1.221121997653199,-0.5103111744793222,-0.30708103631669154,0.31851583034963177,3.939753862868675,1.0,0.0
2.96,-2.181481392734639,1.221121997653199,-0.5103111744793222,-0.334989406469126,0.3474634260703916,4.297809542350717,0.0,0.0
2.98,-2.1849921801636714,1.2247635164736124,-0.46526886740251383,-0.35944902194890577,0.3754269095382322,4.659614078648401,0.0,0.0
3.0,-2.1919692727017797,1.2320004154038025,-0.37575494753200345,-0.3805035791095982,0.40241874963570257,5.025119973059024,0.0,0.0
3.02,-2.1989463652398884,1.2392373143339923,-0.28624102766149306,-0.40155813627029063,0.4294105897331729,5.390625867469646,0.0,0.0
3.04,-2.206501131959702,1.2472147887615446,-0.1866987174120927,-0.4094188843168515,0.45229936569877033,5.762795047384498,0.0,0.0
3.06,-2.2147642317818397,1.256100342788575,-0.074859785479815,-0.40110163438937124,0.4701570424087551,6.143134621342142,0.0,0.0
3.08,-2.2230273316039777,1.2649858968156056,0.036979146452462724,-0.392784384461891,0.48801471911873995,6.523474195299787,0.0,0.0
3.1,-2.2310896576528783,1.274302525196007,0.15799926351693333,-0.3805133734523934,0.5097597725448594,6.79129613213886,0.0,0.0
3.12,-2.2388447418512154,1.2842788218185528,0.29306924508758714,-0.36219196625848765,0.5374536349057507,6.886933592430489,0.0,0.0
3.14,-2.246599826049553,1.2942551184410986,0.4281392266582409,-0.34387055906458197,0.5651474972666419,6.9825710527221165,0.0,0.0
3.16,-2.2539730578583215,1.3048086069467226,0.5652024717570804,-0.3718502108025062,0.5781030112853455,6.988876838603215,0.0,0.0
3.18,-2.260609074914795,1.316476438016998,0.7061139663846163,-0.48921996359481995,0.5626042636072985,6.8227164306836015,0.0,0.0
3.2,-2.2672450919712683,1.3281442690872733,0.8470254610121521,-0.6065897163871337,0.5471055159292515,6.656556022763987,0.0,0.0
3.22,-2.27594027896614,1.3395401855071196,0.9850217879001305,-0.6945579435311551,0.5518654398473836,6.447658172817678,0.0,0.0
3.24,-2.289745212274977,1.3502613567994108,1.1157842448029127,-0.7095674825626214,0.6068964320169059,6.132709101555404,0.0,0.0
3.2600000000000002,-2.303550145583814,1.360982528091702,1.2465467017056953,-0.7245770215940875,0.6619274241864284,5.8177600302931305,0.0,0.0
3.2800000000000002,-2.317568915685392,1.3724877108611082,1.3728221654280586,-0.7315280144214724,0.7020156924586843,5.487876798999324,0.0,0.0
3.3000000000000003,-2.3322906280258215,1.386570161910424,1.4843476088591134,-0.7119882783243362,0.6929829855411512,5.1089007443733845,0.0,0.0
3.3200000000000003,-2.347012340366251,1.4006526129597396,1.595873052290168,-0.6924485422272,0.683950278623618,4.729924689747446,0.0,0.0
3.34,-2.3615201091230134,1.4146361635081197,1.7032490284588397,-0.6727828707659929,0.673080877124652,4.352146960803042,0.0,0.0
3.36,-2.3750483390853936,1.4281668989928769,1.791626705684133,-0.6525406053608203,0.6538021858254978,3.979855755330104,0.0,0.0
3.38,-2.388576569047774,1.4416976344776338,1.8800043829094264,-0.6322983399556477,0.6345234945263435,3.6075645498571656,0.0,0.0
3.4,-2.401949913651951,1.455080857470692,1.9655334433637612,-0.6118657626709686,0.6140945848267457,3.236284867720343,0.0,0.0
3.42,-2.414241750915229,1.4674340551308325,2.0311716633606682,-0.5901043077109878,0.585634124190684,2.8720682800308914,0.0,0.0
3.44,-2.4265335881785073,1.4797872527909732,2.096809883357575,-0.568342852751007,0.5571736635546223,2.50785169234144,0.0,0.0
3.46,-2.438730675843885,1.4920165333138506,2.160862300599304,-0.5462567583457045,0.5284127896807346,2.1441426380203086,0.0,0.0
3.48,-2.4496933286756875,1.5026313728881167,2.2042542590786667,-0.5199411342269458,0.49573801460349376,1.7870459270013144,0.0,0.0
3.5,-2.46065598150749,1.5132462124623827,2.2476462175580294,-0.49362551010818706,0.46306323952625295,1.4299492159823206,0.0,0.0
3.52,-2.47159083350691,1.523826533153837,2.290660925406257,-0.46724946553769453,0.43037477374275573,1.0729178653229812,0.0,0.0
3.54,-2.480946134351102,1.5324456053304496,2.312241502721516,-0.4374405311522114,0.3969084474051074,0.7196000736742724,0.0,0.0
3.56,-2.490301435195294,1.541064677507062,2.333822080036776,-0.40763159676672817,0.36344212106745905,0.36628228202556357,0.0,0.0
3.58,-2.4996567360394866,1.5496837496836744,2.3554026573520352,-0.377822662381245,0.32997579472981065,0.012964490376854876,0.0,0.0
3.6,-2.5072581201534567,1.556333709214273,2.3561945014021632,-0.4859273124233292,0.41412182001655345,5.39607553777668e-07,0.0,0.0
3.62,-2.5147926984597064,1.5629086662327543,2.3561945130389583,-0.5992850216583879,0.5027476407307897,4.957667594900955e-07,0.0,0.0
3.64,-2.5241760351899676,1.5709290276594232,2.3561945239607507,-0.7126427278081677,0.5913734590168268,4.519259673369881e-07,0.0,0.0
3.66,-2.5377329055627715,1.5822123594376,2.35619453326844,-0.8260004269929946,0.6799992718212547,4.0808518000239137e-07,0.0,0.0
3.68,-2.551289775935576,1.593495691215777,2.3561945425761297,-0.9393581261778214,0.7686250846256827,3.642443926677946e-07,0.0,0.0
3.7,-2.568765132274386,1.6078425908521354,2.3561945503683552,-1.0527158122722946,0.8572508871518607,3.2040360564015604e-07,0.0,0.0
3.72,-2.5883442941798123,1.623834296969788,2.356194557346939,-1.1660734913386557,0.9458766841597239,2.7656281877732096e-07,0.0,0.0
3.74,-2.6079234560852385,1.6398260030874408,2.356194564325523,-1.2794311704050167,1.0345024811675871,2.3272203191448588e-07,0.0,0.0
3.7600000000000002,-2.6334908305998006,1.6604994398078035,2.356194568988182,-1.3927887894034858,1.1231282311232338,1.8888124521224938e-07,0.0,0.0
3.7800000000000002,-2.659092282969026,1.6811995194257165,2.356194573637661,-1.5061464080601192,1.2117539808111149,1.4504045851092683e-07,0.0,0.0
3.8000000000000003,-2.686729383737339,1.7034911185868944,2.3561945774998576,-1.5715650007887902,1.2585463272264084,2.7215645946140057e-08,0.0,0.0
3.8200000000000003,-2.71835312336101,1.7288995691911253,2.3561945798202317,-1.5430992156758947,1.22341162228392,-2.3550039258646955e-07,0.0,0.0
3.84,-2.74997686298468,1.7543080197953556,2.356194582140606,-1.514633430563,1.1882769173414323,-4.982164311190734e-07,0.0,0.0
3.86,-2.7805696819384957,1.7784440272398137,2.3561945749464206,-1.42829714467005,1.1166775321024112,-5.519536222037335e-07,0.0,0.0
3.88,-2.8106811356046393,1.8019858958862427,2.3561945633096255,-1.3149395262242545,1.0280517821448492,-5.081128269691928e-07,0.0,0.0
3.9,-2.8406397756552457,1.8254082911221818,2.3561945517319307,-1.2015819062444701,0.9394260309879793,-4.6427203183305396e-07,0.0,0.0
3.92,-2.8647289420781448,1.8442417887679659,2.356194542424241,-1.088224227345158,0.8508002337664473,-4.2043124047647145e-07,0.0,0.0
3.94,-2.888818108501044,1.8630752864137499,2.3561945331165517,-0.9748665484458454,0.7621744365449155,-3.7659044911988894e-07,0.0,0.0
3.96,-2.910684733891387,1.8801711472908522,2.356194524668424,-0.8615088621096811,0.6735486335090773,-3.3274965853568104e-07,0.0,0.0
3.98,-2.928751609859362,1.8942962714250244,2.35619451768984,-0.7481511630591627,0.5849228205328572,-2.8890886927195706e-07,0.0,0.0
4.0,-2.946818485827337,1.9084213955591967,2.3561945107112554,-0.6347934640086443,0.4962970075566369,-2.450680800082331e-07,0.0,0.0
4.0200000000000005,-2.96059309266421,1.919190719033662,2.356194505392695,-0.5214357577769332,0.4076711889659908,-2.0122729069989562e-07,0.0,0.0
4.04,-2.9726376771066976,1.9286074688192316,2.356194500743216,-0.4080780486508092,0.31904536811242445,-1.5738650137357877e-07,0.0,0.0
4.0600000000000005,-2.9843425562099246,1.9377586286879582,2.3561944962251173,-0.29472033918390306,0.23041954699195313,-1.1355498300409004e-07,0.0,0.0
4.08,-2.990364848591645,1.94246700370643,2.3561944939047437,-0.18136262401648423,0.14179372140676696,-6.987854908600647e-08,0.0,0.0
4.1,-2.9963871409733653,1.947175378724902,2.35619449158437,-0.0680049088490654,0.053167895821580824,-2.6202115167922924e-08,0.0,0.0
4.12,-3.0,1.95,2.356194490192345,0.03156594397218929,-0.01940273190890688,-0.09995410419538318,0.0,0.0
4.14,-3.0,1.95,2.356194490192345,0.1104638904558602,-0.06789916544292915,-0.3497858079638053,0.0,0.0
4.16,-3.0,1.95,2.356194490192345,0.18936183693953465,-0.11639559897695358,-0.5996175117322385,0.0,0.0
4.18,-3.0,1.95,2.356194490192345,0.26825978342320556,-0.16489203251097584,-0.8494492155006607,0.0,0.0
4.2,-3.0,1.95,2.356194490192345,0.34715772990688,-0.21338846604500025,-1.099280919269094,0.0,0.0
4.22,-3.0,1.95,2.356194490192345,0.42605567639055086,-0.2618848995790225,-1.3491126230375161,0.0,0.0
4.24,-2.9941733647010937,1.9464185248907735,2.337744349360561,0.5050111662608117,-0.30979082188192014,-1.5992578634610617,0.0,0.0
4.26,-2.9850860537231187,1.9408328006420759,2.308969222941147,0.5839988583046233,-0.3573662849213169,-1.849578563870227,0.0,0.0
4.28,-2.9759987427451433,1.935247076393378,2.2801940965217313,0.6629865503484385,-0.4049417479607158,-2.0998992642794034,0.0,0.0
4.3,-2.9669114317671683,1.9296613521446804,2.251418970102317,0.7419742423922501,-0.45251721100011255,-2.3502199646885686,0.0,0.0
4.32,-2.957824120789193,1.9240756278959825,2.2226438436829015,0.8209619344360652,-0.5000926740395115,-2.600540665097745,0.0,0.0
4.34,-2.948736809811218,1.9184899036472849,2.193868717263487,0.8999496264798769,-0.5476681370789083,-2.85086136550691,0.0,0.0
4.36,-2.93162281195403,1.908069586374412,2.1396561355952994,1.010753762025385,-0.5793565593627646,-3.0118078140810995,0.0,0.0
4.38,-2.9134378532802025,1.8970042134551424,2.082049561080945,1.125803007019897,-0.6089252529967298,-3.160829501770471,0.0,0.0
4.4,-2.8952528946063745,1.8859388405358726,2.0244429865665876,1.2408522520144138,-0.6384939466306964,-3.3098511894598497,0.0,0.0
4.42,-2.877067935932547,1.874873467616603,1.966836412052233,1.3559014970089258,-0.6680626402646616,-3.458872877149221,0.0,0.0
4.44,-2.8588829772587183,1.8638080946973332,1.9092298375378758,1.470950742003443,-0.6976313338986281,-3.6078945648385994,0.0,0.0
4.46,-2.8390630990083325,1.8523225327009627,1.8495055744237572,1.5778252459004816,-0.7137521631147123,-3.744865946655384,0.0,0.0
4.48,-2.8076269935855733,1.8378514955503757,1.7747349737356553,1.6266175963845222,-0.6343248991394337,-3.796218994384315,0.0,0.0
4.5,-2.7761908881628155,1.8233804583997895,1.6999643730475564,1.6754099468685604,-0.5548976351641585,-3.8475720421132436,0.0,0.0
4.5200000000000005,-2.7447547827400567,1.8089094212492025,1.6251937723594545,1.7242022973526008,-0.4754703711888797,-3.8989250898421743,0.0,0.0
4.54,-2.713318677317299,1.7944383840986164,1.550423171671356,1.7729946478366392,-0.39604310721360453,-3.950278137571103,0.0,0.0
4.5600000000000005,-2.6818825718945396,1.7799673469480295,1.475652570983254,1.8217869983206796,-0.3166158432383258,-4.001631185300034,0.0,0.0
4.58,-2.648398173752058,1.768830649810447,1.3987261800379942,1.8249447175373326,-0.30797649628543233,-4.063093118915536,0.0,0.0
4.6000000000000005,-2.6113422609457446,1.7635078893899965,1.3180408358721043,1.7485314100249922,-0.42276681406400907,-4.142181456135968,0.0,0.0
4.62,-2.5742863481394327,1.7581851289695463,1.237355491706218,1.6721181025126555,-0.5375571318425807,-4.221269793356396,0.0,0.0
4.64,-2.5372304353331208,1.752862368549096,1.1566701475403316,1.5957047950003187,-0.6523474496211523,-4.300358130576823,0.0,0.0
4.66,-2.5001745225268075,1.7475396081286456,1.0759848033744415,1.5192914874879786,-0.767137767399729,-4.379446467797255,0.0,0.0
4.68,-2.4631186097204956,1.7422168477081954,0.9952994592085551,1.4428781799756418,-0.8819280851783007,-4.458534805017683,0.0,0.0
4.7,-2.431392446947068,1.7288875800461079,0.909097784424028,1.3860437580957947,-0.8718530768846858,-4.5542372972489344,0.0,0.0
4.72,-2.4031376692674353,1.7103434956064096,0.819303200447926,1.34196150119899,-0.7804504961938429,-4.660760959271385,0.0,0.0
4.74,-2.3748828915878013,1.6917994111667105,0.72950861647182,1.2978792443021832,-0.6890479155029959,-4.7672846212938405,0.0,0.0
4.76,-2.3466281139081686,1.6732553267270123,0.639714032495718,1.2537969874053785,-0.5976453348121529,-4.873808283316291,0.0,0.0
4.78,-2.3183733362285346,1.6547112422873131,0.5499194485196119,1.2097147305085716,-0.5062427541213059,-4.9803319453387465,0.0,0.0
4.8,-2.290118558548902,1.636167157847615,0.46012486454350987,1.165632473611767,-0.414840173430463,-5.086855607361198,0.0,0.0
4.82,-2.266162601548422,1.6265364850991988,0.3599422888138628,1.1350840168420688,-0.39126197751518993,-4.7903574254916865,0.0,0.0
4.84,-2.2429851318962535,1.618519970918873,0.25787851804073025,1.1069864397344609,-0.379966318927122,-4.420874713682679,0.0,0.0
4.86,-2.2198076622440834,1.610503456738547,0.1558147472675932,1.0788888626268516,-0.3686706603390536,-4.051392001873654,0.0,0.0
4.88,-2.1966301925919147,1.602486942558221,0.053750976494460645,1.0507912855192436,-0.35737500175098574,-3.681909290064646,0.0,0.0
4.9,-2.1734527229397447,1.594470428377895,-0.04831279427867646,1.0226937084116343,-0.34607934316291733,-3.312426578255622,0.0,0.0
4.92,-2.150559300280677,1.5865681054619887,-0.14664135141077772,0.9892397163549473,-0.3338928334917949,-2.95271435747416,0.0,0.0
4.94,-2.1306180545390663,1.579852603118669,-0.20614882695906944,0.9001150607917002,-0.3124474685320785,-2.6945494819710554,0.0,0.0
4.96,-2.1106768087974563,1.5731371007753494,-0.26565630250735855,0.8109904052284571,-0.29100210357236306,-2.436384606467962,0.0,0.0
4.98,-2.0907355630558455,1.5664215984320298,-0.3251637780556503,0.72186574966521,-0.26955673861264673,-2.178219730964857,0.0,0.0
5.0,-2.0707943173142356,1.5597060960887104,-0.3846712536039394,0.6327410941019669,-0.2481113736529313,-1.9200548554617638,0.0,0.0
5.0200000000000005,-2.0508530715726248,1.5529905937453905,-0.4441787291522311,0.5436164385387197,-0.2266660086932149,-1.661889979958659,0.0,0.0
5.04,-2.0342877332716656,1.54708740946016,-0.49390730885382633,0.45617401996063994,-0.20015123459915954,-1.4036176708289714,0.0,0.0
5.0600000000000005,-2.0246116908338645,1.5428419422585715,-0.5236798595803215,0.37216458303459604,-0.1632911948271033,-1.1451261193022948,0.0,0.0
5.08,-2.0149356483960634,1.538596475056983,-0.5534524103068154,0.28815514610855586,-0.1264311550550487,-0.8866345677756298,0.0,0.0
5.1000000000000005,-2.0052596059582624,1.5343510078553944,-0.5832249610333105,0.20414570918251201,-0.08957111528299244,-0.6281430162489532,0.0,0.0
5.12,-1.9955835635204617,1.5301055406538058,-0.6129975117598043,0.12013627225647183,-0.052711075510937844,-0.36965146472228816,0.0,0.0
5.14,-1.9859075210826609,1.5258600734522174,-0.6427700624862982,0.036126835330431706,-0.015851035738883218,-0.11115991319562313,1.0,0.0
5.16,-1.981746502932897,1.5240343821953224,-0.6555732436147458,-5.610717975831573e-16,1.0095595274270054e-15,2.3029073943450137e-16,1.0,0.0
5.18,-1.981746502932897,1.5240343821953224,-0.6555732436147458,-3.5903623728924205e-16,9.781295226090431e-16,1.1811256473651017e-16,1.0,0.0
5.2,-1.981746502932897,1.5240343821953224,-0.6555732436147458,-1.5700067699531792e-16,9.466995177910793e-16,5.9343900385140414e-18,1.0,0.0
5.22,-1.981746502932897,1.5240343821953224,-0.6555732436147458,4.5034883298597394e-17,9.152695129731166e-16,-1.0624378465947713e-16,1.0,0.0
5.24,-1.981746502932897,1.5240343821953224,-0.6555732436147458,2.470704435925215e-16,8.838395081551529e-16,-2.1842195935747333e-16,1.0,0.0
5.26,-1.981746502932897,1.5240343821953224,-0.6555732436147458,4.491060038864367e-16,8.524095033371904e-16,-3.3060013405546446e-16,1.0,0.0
5.28,-1.981746502932897,1.5240343821953224,-0.6555732436147458,3.749536785601649e-16,7.718368797630827e-16,-3.165036763121537e-16,1.0,0.0
5.3,-1.981746502932897,1.5240343821953224,-0.6555732436147458,2.364642043712707e-16,6.798166288923882e-16,-2.7299191743531806e-16,1.0,0.0
5.32,-1.981746502932897,1.5240343821953224,-0.6555732436147458,9.797473018237037e-17,5.877963780216897e-16,-2.2948015855848055e-16,1.0,0.0
5.34,-1.9817465029328971,1.5240343821953224,-0.6555732436147458,-4.0514744006523836e-17,4.957761271509952e-16,-1.8596839968164496e-16,1.0,0.0
5.36,-1.9817465029328971,1.5240343821953224,-0.6555732436147458,-1.7900421819542416e-16,4.037558762802967e-16,-1.4245664080480742e-16,1.0,0.0
5.38,-1.9817465029328971,1.5240343821953224,-0.6555732436147458,-3.1749369238431836e-16,3.1173562540960223e-16,-9.894488192797181e-17,1.0,0.0
5.4,-1.9817465029328971,1.5240343821953224,-0.6555732436147458,-4.559831665732188e-16,2.197153745389037e-16,-5.5433123051134294e-17,1.0,0.0
5.42,-1.9817465029328971,1.5240343821953224,-0.6555732436147458,-5.561384553399574e-16,1.6159425414934365e-16,-1.97539731730273e-17,1.0,0.0
5.44,-1.9817465029328971,1.5240343821953224,-0.6555732436147458,-5.713925798431065e-16,1.7855169911018484e-16,-1.422201774212639e-18,1.0,0.0
5.46,-1.9817465029328971,1.5240343821953224,-0.6555732436147458,-5.86646704346255e-16,1.955091440710253e-16,1.690956962460121e-17,1.0,0.0
5.48,-1.9817465029328971,1.5240343821953224,-0.6555732436147458,-6.019008288494041e-16,2.124665890318665e-16,3.5241341023415876e-17,1.0,0.0
5.5,-1.9817465029328971,1.5240343821953224,-0.6555732436147459,-6.171549533525525e-16,2.2942403399270696e-16,5.3573112422229724e-17,1.0,0.0
5.5200000000000005,-1.9817465029328971,1.5240343821953224,-0.6555732436147459,-6.324090778557016e-16,2.4638147895354815e-16,7.190488382104438e-17,1.0,0.0
5.54,-1.9817465029328971,1.5240343821953224,-0.6555732436147459,-6.476632023588502e-16,2.633389239143886e-16,9.023665521985824e-17,1.0,0.0
5.5600000000000005,-1.9817465029328971,1.5240343821953224,-0.6555732436147459,-6.629173268619993e-16,2.802963688752298e-16,1.085684266186729e-16,1.0,0.0
5.58,-1.9817465029328971,1.5240343821953224,-0.6555732436147459,-6.742036722633832e-16,2.772661658885796e-16,7.327343185344216e-17,1.0,0.0
5.6000000000000005,-1.9817465029328971,1.5240343821953224,-0.6555732436147459,-6.845657352902853e-16,2.6957989959008643e-16,2.5486240951618843e-17,1.0,0.0
5.62,-1.9817465029328971,1.5240343821953224,-0.6555732436147459,-6.94927798317187e-16,2.618936332915936e-16,-2.2300949950202356e-17,1.0,0.0
5.64,-1.9817465029328971,1.5240343821953224,-0.6555732436147459,-7.052898613440886e-16,2.5420736699310073e-16,-7.008814085202355e-17,1.0,0.0
5.66,-1.9817465029328971,1.5240343821953224,-0.6555732436147459,-7.156519243709908e-16,2.4652110069460757e-16,-1.178753317538469e-16,1.0,0.0
5.68,-1.9817465029328971,1.5240343821953224,-0.6555732436147459,-7.260139873978924e-16,2.3883483439611474e-16,-1.656625226556681e-16,1.0,0.0
5.7,-1.9817465029328971,1.5240343821953224,-0.6555732436147459,-7.363760504247946e-16,2.3114856809762153e-16,-2.1344971355749141e-16,1.0,0.0
5.72,-1.9817465029328971,1.5240343821953224,-0.6555732436147459,-7.41267883609172e-16,2.2587322414807215e-16,-2.468219510325535e-16,1.0,0.0
5.74,-1.9817465029328971,1.5240343821953224,-0.6555732436147459,-7.340444500334704e-16,2.2593750362133076e-16,-2.482684721982782e-16,1.0,0.0
5.76,-1.9817465029328971,1.5240343821953224,-0.6555732436147459,-7.26821016457769e-16,2.2600178309458936e-16,-2.4971499336400287e-16,1.0,0.0
5.78,-1.9817465029328971,1.5240343821953224,-0.6555732436147459,-7.195975828820674e-16,2.2606606256784797e-16,-2.511615145297276e-16,1.0,0.0
5.8,-1.9817465029328971,1.5240343821953224,-0.6555732436147459,-7.12374149306366e-16,2.2613034204110657e-16,-2.5260803569545227e-16,1.0,0.0
5.82,-1.9817465029328971,1.5240343821953224,-0.6555732436147459,-7.051507157306644e-16,2.261946215143652e-16,-2.54054556861177e-16,1.0,0.0
5.84,-1.9817465029328971,1.5240343821953224,-0.6555732436147459,-6.97927282154963e-16,2.262589009876238e-16,-2.5550107802690166e-16,1.0,0.0
5.86,-1.9817465029328971,1.5240343821953224,-0.6555732436147459,-6.907038485792614e-16,2.2632318046088244e-16,-2.569475991926264e-16,1.0,0.0
5.88,-1.9817465029328971,1.5240343821953224,-0.6555732436147459,-6.736669271774769e-16,2.1490997029958512e-16,-2.363682859634945e-16,1.0,0.0
5.9,-1.9817465029328971,1.5240343821953224,-0.6555732436147459,-6.54343982890544e-16,2.00823112966799e-16,-2.1065811993427058e-16,1.0,0.0
5.92,-1.9817465029328971,1.5240343821953224,-0.6555732436147459,-6.350210386036119e-16,1.8673625563401354e-16,-1.8494795390504778e-16,1.0,0.0
5.94,-1.9817465029328971,1.5240343821953224,-0.6555732436147459,-6.156980943166789e-16,1.7264939830122742e-16,-1.5923778787582384e-16,1.0,0.0
5.96,-1.9817465029328971,1.5240343821953224,-0.6555732436147459,-5.963751500297468e-16,1.5856254096844193e-16,-1.3352762184660106e-16,1.0,0.0
5.98,-1.9817465029328971,1.5240343821953224,-0.6555732436147459,-5.770522057428138e-16,1.4447568363565584e-16,-1.0781745581737713e-16,1.0,0.0
6.0,-1.9817465029328971,1.5240343821953224,-0.6555732436147459,-5.577292614558817e-16,1.3038882630287034e-16,-8.210728978815432e-17,1.0,0.0
6.0200000000000005,-1.9817465029328971,1.5240343821953224,-0.6555732436147459,-5.412197327460219e-16,1.2517709462817443e-16,-6.446276922282207e-17,1.0,0.0
6.04,-1.9817465029328971,1.5240343821953224,-0.6555732436147459,-5.309412548703029e-16,1.396216695388244e-16,-6.468174785228098e-17,1.0,0.0
6.0600000000000005,-1.9817465029328971,1.5240343821953224,-0.6555732436147459,-5.206627769945834e-16,1.5406624444947502e-16,-6.49007264817399e-17,1.0,0.0
6.08,-1.9817465029328971,1.5240343821953224,-0.6555732436147459,-5.103842991188643e-16,1.68510819360125e-16,-6.511970511119881e-17,1.0,0.0
6.1000000000000005,-1.9817465029328971,1.5240343821953224,-0.6555732436147459,-5.001058212431448e-16,1.829553942707756e-16,-6.533868374065774e-17,1.0,0.0
6.12,-1.9817465029328971,1.5240343821953224,-0.6555732436147459,-4.898273433674257e-16,1.9739996918142558e-16,-6.555766237011664e-17,1.0,0.0
6.140000000000001,-1.9817465029328971,1.5240343821953224,-0.6555732436147459,-4.795488654917062e-16,2.1184454409207622e-16,-6.577664099957557e-17,1.0,0.0
6.16,-1.9817465029328971,1.5240343821953224,-0.6555732436147459,-4.692703876159871e-16,2.262891190027262e-16,-6.599561962903447e-17,1.0,0.0
6.18,-1.9817465029328971,1.5240343821953224,-0.6555732436147459,-4.821040620806096e-16,2.3637327097335184e-16,-6.732722092249834e-17,1.0,0.0
6.2,-1.9817465029328971,1.5240343821953224,-0.6555732436147459,-5.003216438890228e-16,2.4544167535184e-16,-6.89180043658284e-17,1.0,0.0
6.22,-1.9817465029328971,1.5240343821953224,-0.6555732436147459,-5.185392256974354e-16,2.5451007973032776e-16,-7.050878780915839e-17,1.0,0.0
6.24,-1.9817465029328971,1.5240343821953224,-0.6555732436147459,-5.367568075058486e-16,2.635784841088159e-16,-7.209957125248847e-17,1.0,0.0
6.26,-1.9817465029328971,1.5240343821953224,-0.6555732436147459,-5.549743893142611e-16,2.7264688848730367e-16,-7.369035469581846e-17,1.0,0.0
6.28,-1.9817465029328971,1.5240343821953224,-0.6555732436147459,-5.731919711226743e-16,2.8171529286579177e-16,-7.528113813914852e-17,1.0,0.0
6.3,-1.9817465029328971,1.5240343821953224,-0.6555732436147459,-5.914095529310868e-16,2.9078369724427953e-16,-7.687192158247852e-17,1.0,0.0
6.32,-1.9817465029328971,1.5240343821953224,-0.6555732436147459,-6.011092422326695e-16,2.937229806870632e-16,-7.388061389279305e-17,1.0,0.0
6.34,-1.9817465029328971,1.5240343821953224,-0.6555732436147459,-5.919438119826588e-16,2.8308770926131385e-16,-6.074105686193403e-17,1.0,0.0
6.36,-1.9817465029328971,1.5240343821953224,-0.6555732436147459,-5.827783817326478e-16,2.7245243783556405e-16,-4.7601499831074423e-17,1.0,0.0
6.38,-1.9817465029328971,1.5240343821953224,-0.6555732436147459,-5.736129514826372e-16,2.6181716640981474e-16,-3.44619428002154e-17,1.0,0.0
6.4,-1.9817465029328971,1.5240343821953226,-0.6555732436147459,-5.644475212326261e-16,2.511818949840649e-16,-2.1322385769355798e-17,1.0,0.0
6.42,-1.9817465029328971,1.5240343821953226,-0.6555732436147459,-5.552820909826154e-16,2.405466235583156e-16,-8.182828738496769e-18,1.0,0.0
6.44,-1.9817465029328971,1.5240343821953226,-0.6555732436147459,-5.461166607326044e-16,2.2991135213256577e-16,4.956728292362827e-18,1.0,0.0
6.46,-1.9817465029328971,1.5240343821953226,-0.6555732436147459,-5.369512304825938e-16,2.1927608070681644e-16,1.8096285323221856e-17,1.0,0.0
6.48,-1.9817465029328971,1.5240343821953226,-0.6555732436147459,-4.244074119361942e-16,1.4589537194327052e-16,2.7391719470661666e-17,1.0,0.0
6.5,-1.9817465029328971,1.5240343821953226,-0.6555732436147459,-2.877819044262605e-16,5.789829963652854e-17,3.5791676592954103e-17,1.0,0.0
6.5200000000000005,-1.9817465029328971,1.5240343821953226,-0.6555732436147459,-1.5115639691632076e-16,-3.009877267021736e-17,4.419163371524691e-17,1.0,0.0
6.54,-1.9817465029328971,1.5240343821953226,-0.6555732436147459,-1.4530889406387098e-17,-1.1809584497695934e-16,5.259159083753935e-17,1.0,0.0
6.5600000000000005,-1.9817465029328971,1.5240343821953226,-0.6555732436147459,1.2209461810355268e-16,-2.0609291728370522e-16,6.099154795983216e-17,1.0,0.0
6.58,-1.9817465029328971,1.5240343821953226,-0.6555732436147459,2.5872012561348635e-16,-2.940899895904472e-16,6.939150508212459e-17,1.0,0.0
6.6000000000000005,-1.9817465029328971,1.5240343821953226,-0.6555732436147459,3.9534563312342613e-16,-3.820870618971931e-16,7.77914622044174e-17,1.0,0.0
6.62,-1.9817465029328971,1.5240343821953226,-0.6555732436147459,-0.014775762610836409,0.024527334749266133,0.0748381753742561,1.0,0.0
6.640000000000001,-1.9817465029328971,1.5240343821953226,-0.6555732436147459,-0.062276348632620875,0.1033769213884123,0.3154252286929811,1.0,0.0
6.66,-1.9817465029328971,1.5240343821953226,-0.6555732436147459,-0.10977693465440325,0.18222650802755497,0.5560122820116955,1.0,0.0
6.68,-1.9817465029328971,1.5240343821953226,-0.6555732436147459,-0.15727752067618558,0.2610760946666976,0.7965993353304097,1.0,0.0
6.7,-1.9817465029328971,1.5240343821953226,-0.6555732436147459,-0.20477810669797006,0.3399256813058438,1.0371863886491346,0.0,0.0
6.72,-1.9817465029328971,1.5240343821953226,-0.6555732436147459,-0.25227869271975245,0.4187752679449865,1.277773441967849,0.0,0.0
6.74,-1.9817465029328971,1.5240343821953226,-0.6555732436147459,-0.2997792787415369,0.49762485458413264,1.518360495286574,0.0,0.0
6.76,-1.9817465029328971,1.5240343821953226,-0.6555732436147459,-0.3472798647633193,0.5764744412232753,1.7589475486052883,0.0,0.0
6.78,-1.987525411276157,1.5336272014056496,-0.6263034883097045,-0.37883691150441445,0.6874126618640324,1.9194320032871124,0.0,0.0
6.8,-1.9946504991794245,1.545454639401522,-0.5902154303119002,-0.4066799580539523,0.805825834629944,2.061256795177374,0.0,0.0
6.82,-2.001775587082692,1.557282077397395,-0.5541273723140941,-0.43452300460349136,0.9242390073958606,2.203081587067642,0.0,0.0
6.84,-2.0090850321209826,1.5698935644103589,-0.5171002499699546,-0.4581920434525602,1.0408239348268764,2.3522814515365034,0.0,0.0
6.86,-2.0182828229956105,1.5905359621701527,-0.4704544152920835,-0.439107271547046,1.1386823862496473,2.5770232124161843,0.0,0.0
6.88,-2.027480613870238,1.6111783599299456,-0.42380858061421434,-0.42002249964153254,1.236540837672414,2.8017649732958554,0.0,0.0
6.9,-2.036678404744866,1.6318207576897394,-0.37716274593634314,-0.4009377277360183,1.334399289095185,3.026506734175536,0.0,0.0
6.92,-2.0453550404551004,1.6551354136033616,-0.32437980205344613,-0.37245418123466384,1.4369524067942723,3.2320307682204974,0.0,0.0
6.94,-2.053132115268152,1.6830626285140062,-0.2610036532293287,-0.32774750065440145,1.5476089426230184,3.4043832695350993,0.0,0.0
6.96,-2.0609091900812033,1.7109898434246495,-0.19762750440521415,-0.283040820074141,1.6582654784517596,3.5767357708496936,0.0,0.0
6.98,-2.0686862648942554,1.7389170583352942,-0.13425135558109672,-0.23833413949387863,1.7689220142805058,3.749088272164296,0.0,0.0
7.0,-2.074317711160057,1.7721550639182104,-0.06260341287270534,-0.23628411096965718,1.7966210838260097,3.8997465107651865,0.0,0.0
7.0200000000000005,-2.0787667137553933,1.8083198159893046,0.013603068327541754,-0.25774192041279975,1.778602766244943,4.038449164759369,0.0,0.0
7.04,-2.08321571635073,1.8444845680603972,0.08980954952778546,-0.27919972985594144,1.760584448663877,4.177151818753545,0.0,0.0
7.0600000000000005,-2.087664718946067,1.8806493201314913,0.16601603072803256,-0.300657539299084,1.7425661310828102,4.315854472747729,0.0,0.0
7.08,-2.0935874342225373,1.9155765822722688,0.251748547688945,-0.41110329287600567,1.6740519629282802,4.395838640581325,0.0,0.0
7.1000000000000005,-2.099633807468821,1.9504000076920873,0.3382803861577851,-0.5290159486858353,1.601300731168451,4.470895790494768,0.0,0.0
7.12,-2.1056801807151047,1.9852234331119043,0.42481222462662127,-0.6469286044956598,1.528549499408625,4.545952940408207,0.0,0.0
7.140000000000001,-2.11348619296939,2.018961174349602,0.5124641590504688,-0.7176709324405821,1.47752631169789,4.574489765140084,0.0,0.0
7.16,-2.128310266300412,2.0483688240938,0.6045834312568368,-0.6002813535226024,1.513162228224552,4.417487122998737,0.0,0.0
7.18,-2.1431343396314335,2.0777764738379982,0.6967027034632047,-0.48289177460462274,1.548798144751214,4.26048448085739,0.0,0.0
7.2,-2.157958412962456,2.107184123582198,0.7888219756695769,-0.3655021956866379,1.5844340612778776,4.103481838716037,0.0,0.0
7.22,-2.168602322663344,2.137860744248397,0.8753504898157504,-0.2695341387323893,1.5817935096720308,3.89176701343969,0.0,0.0
7.24,-2.174687635004391,2.1699212168415998,0.9557821098717092,-0.19692691214460256,1.5374112890762353,3.620386865066322,0.0,0.0
7.26,-2.180772947345438,2.2019816894348017,1.0362137299276644,-0.12431968555681902,1.4930290684804415,3.349006716692966,0.0,0.0
7.28,-2.186858259686485,2.2340421620280044,1.116645349983623,-0.051712458969032316,1.4486468478846457,3.077626568319598,0.0,0.0
7.3,-2.1888561185738826,2.2636041193992336,1.1817995138296395,-0.03960343881316962,1.3861560736328808,2.783616680769933,0.0,0.0
7.32,-2.189536375328699,2.292360673351908,1.2420289466393561,-0.04699618588620682,1.3178279561096529,2.482312033062964,0.0,0.0
7.34,-2.1902166320835157,2.321117227304581,1.3022583794490699,-0.0543889329592437,1.2494998385864278,2.1810073853560095,0.0,0.0
7.36,-2.1909156597630477,2.349700289328297,1.3617227696024194,-0.06152527988203343,1.1804127232221693,1.881236550532573,0.0,0.0
7.38,-2.192146250289622,2.373370334806919,1.3995223638715504,-0.06140078079373329,1.0898319915665304,1.624900866376588,0.0,0.0
7.4,-2.1933768408161964,2.397040380285542,1.4373219581406829,-0.06127628170543315,0.9992512599108876,1.3685651822205918,0.0,0.0
7.42,-2.194607431342771,2.420710425764163,1.4751215524098136,-0.06115178261713302,0.9086705282552489,1.1122294980646066,0.0,0.0
7.44,-2.1958351303551704,2.4422767171260977,1.5069677033699749,-0.05887736012455386,0.8172163107130522,0.8574230770934326,0.0,0.0
7.46,-2.1970564528718737,2.459203716317885,1.5256850562878046,-0.05186183089484933,0.7238358432341029,0.6059890553314549,0.0,0.0
7.48,-2.198277775388577,2.4761307155096732,1.5444024092056352,-0.0448463016651445,0.6304553757551494,0.35455503356946605,0.0,0.0
7.5,-2.1994990979052806,2.49305771470146,1.5631197621234647,-0.03783077243543998,0.5370749082762001,0.10312101180748834,0.0,0.0
7.5200000000000005,-2.200412359645048,2.505884259256067,1.5707963285865563,-0.033170318342896576,0.5836345795274727,1.441609044795795e-07,0.0,0.0
7.54,-2.201111429388365,2.515859793130809,1.5707963316239413,-0.030147327644545092,0.7274934201059031,1.310930052899035e-07,0.0,0.0
7.5600000000000005,-2.2017717205638903,2.527680731228878,1.5707963344936928,-0.027124337020832938,0.8713522565418039,1.1801305129579612e-07,0.0,0.0
7.58,-2.2023309763349563,2.544309767529436,1.5707963369266849,-0.024101346591589887,1.0152110821845501,1.0490168917831852e-07,0.0,0.0
7.6000000000000005,-2.2028902321060224,2.5609388038299943,1.5707963393596769,-0.021078356162346705,1.159069907827303,9.179032706084034e-08,0.0,0.0
7.62,-2.203314588724186,2.5839874548038373,1.570796341207582,-0.01805536628860114,1.3029287046495133,7.868531356703705e-08,0.0,0.0
7.640000000000001,-2.2037340305354474,2.607269992839432,1.5707963430341705,-0.015032376435093982,1.446787500421706,6.558053137386616e-08,0.0,0.0
7.66,-2.204062266582418,2.634892853553611,1.5707963444653785,-0.012009387793122394,1.5906462377388115,5.248886037008309e-08,0.0,0.0
7.68,-2.204341894460502,2.6648288919427223,1.570796345685868,-0.008986399796839364,1.734504943902245,3.940417698285031e-08,0.0,0.0
7.7,-2.2045740099664064,2.697025960940292,1.5707963467007056,-0.0008269587798607377,1.8050679287657787,3.887149573966275e-09,0.0,0.0
7.72,-2.2047138239972113,2.733615495538495,1.5707963473160256,0.017310981916996156,1.7332405659359191,-7.520880997682078e-08,0.0,0.0
7.74,-2.2048307237953257,2.7701142883632577,1.5707963478314213,0.03487090869476918,1.6594456562131334,-1.5178468277323278e-07,0.0,0.0
7.76,-2.2041316541541875,2.8033817919280763,1.5707963447885362,0.03184792092295194,1.5155869500449763,-1.3862096866649817e-07,0.0,0.0
7.78,-2.20343258451305,2.8366492954928963,1.5707963417456512,0.028824933151134564,1.371728243876813,-1.25457254559763e-07,0.0,0.0
7.8,-2.202833454411798,2.8651608509731434,1.5707963391379567,0.025801944083169322,1.2278694736552722,-1.1230781448063414e-07,0.0,0.0
7.82,-2.2022741986075585,2.8917748583286516,1.5707963367038962,0.02277895449806138,1.0840106778774372,-9.916406951293868e-08,0.0,0.0
7.84,-2.2017711890441114,2.9157122052989313,1.5707963345143905,0.019755964666959974,0.9401518700831769,-8.602294575040882e-08,0.0,0.0
7.86,-2.201351747160635,2.935672712300662,1.5707963326882313,0.016732974470374203,0.796293044435534,-7.288571643542335e-08,0.0,0.0
7.88,-2.2009448581614492,2.9550358494549562,1.570796330916624,0.01370998424633869,0.6524342174469996,-5.974877994212028e-08,0.0,0.0
7.9,-2.200665230227017,2.9683428547214232,1.570796329698064,0.010686993744016365,0.5085753768644453,-4.6614812073249587e-08,0.0,0.0
7.92,-2.2003856022925845,2.98164985998789,1.5707963284795043,0.007664003241694171,0.3647165362818975,-3.348084420437949e-08,0.0,0.0
7.94,-2.200214647834599,2.989785284228319,1.5707963277330976,0.004641012603869081,0.22085768873409536,-2.0285333769026794e-08,0.0,0.0
7.96,-2.2000748338633516,2.9964387870687794,1.570796327121987,0.0016180219272156834,0.07699883919040129,-7.072188253450759e-09,0.0,0.0
7.98,-2.2,3.0,1.5707963267948966,-0.05437961839798969,-0.015536127372221521,0.07378820528121041,0.0,0.0
8.0,-2.2,3.0,1.5707963267948966,-0.17138512438014486,-0.04896432156964879,0.23255405448699165,0.0,0.0
8.02,-2.2,3.0,1.5707963267948966,-0.28839063036230006,-0.08239251576707607,0.3913199036927729,0.0,0.0
8.040000000000001,-2.2,3.0,1.5707963267948966,-0.4053961363444656,-0.1158207099645063,0.5500857528985682,0.0,0.0
8.06,-2.2,3.0,1.5707963267948966,-0.5224016423266208,-0.14924890416193357,0.7088516021043495,0.0,0.0
8.08,-2.2,3.0,1.5707963267948966,-0.639407148308776,-0.18267709835936083,0.8676174513101307,0.0,0.0
8.1,-2.209454376348969,2.9972989072099128,1.5836250571794652,-0.7570467459125172,-0.21721195763432505,1.0226557323570462,0.0,0.0
8.120000000000001,-2.2229423300828097,2.9934454309742775,1.6019269858846674,-0.8749568698344903,-0.2522189600803082,1.1761036986046494,0.0,0.0
8.14,-2.236430283816649,2.9895919547386423,1.620228914589868,-0.9928669937564528,-0.2872259625262883,1.3295516648522387,0.0,0.0
8.16,-2.249918237550489,2.985738478503007,1.6385308432950687,-1.1107771176784154,-0.3222329649722683,1.4829996310998284,0.0,0.0
8.18,-2.2634061912843286,2.9818850022673717,1.6568327720002693,-1.2286872416003778,-0.35723996741824837,1.6364475973474177,0.0,0.0
8.2,-2.276894145018168,2.9780315260317365,1.67513470070547,-1.3465973655223404,-0.3922469698642284,1.7898955635950071,0.0,0.0
8.22,-2.303119899646215,2.9703962521672986,1.7100135744317482,-1.4644935942784765,-0.43173918614114554,1.9396870190084148,0.0,0.0
8.24,-2.330200088060474,2.9625073006316907,1.7460044063379223,-1.5823888909664015,-0.47153226425970496,2.0892332008127816,0.0,0.0
8.26,-2.3572802764747336,2.9546183490960827,1.7819952382440964,-1.7002841876543264,-0.5113253423782644,2.2387793826171483,0.0,0.0
8.28,-2.384360464888993,2.946729397560475,1.8179860701502706,-1.8181794843422514,-0.5511184204968239,2.388325564421515,0.0,0.0
8.3,-2.411440653303255,2.9388404460248663,1.853976902056448,-1.936074781030187,-0.5909114986153868,2.537871746225895,0.0,0.0
8.32,-2.440876440529779,2.93015641164723,1.8929557310934118,-2.046295294352394,-0.6352576088281175,2.623529697072413,0.0,0.0
8.34,-2.481547154396803,2.9176802640469166,1.946185683195838,-2.119911260394897,-0.7013192086664651,2.404475493936911,0.0,0.0
8.36,-2.5222178682638265,2.9052041164466034,1.9994156352982642,-2.193527226437399,-0.7673808085048128,2.1854212908014086,0.0,0.0
8.38,-2.562888582130854,2.8927279688462892,2.0526455874006952,-2.267143192479908,-0.8334424083431663,1.966367087665887,0.0,0.0
8.4,-2.6035592959978775,2.880251821245976,2.1058755395031215,-2.3407591585224106,-0.899504008181514,1.747312884530385,0.0,0.0
8.42,-2.644230009864901,2.8677756736456628,2.1591054916055477,-2.4143751245649128,-0.9655656080198616,1.5282586813948824,0.0,0.0
8.44,-2.688375938051396,2.852180933298868,2.2019944763281902,-2.458619856102991,-1.0039286996643766,1.3908343923258673,0.0,0.0
8.46,-2.7375328230239497,2.832089453456505,2.2299726855122524,-2.460513822098309,-1.0023529516178158,1.3711133394413766,0.0,0.0
8.48,-2.7866897079964996,2.8119979736141443,2.257950894696312,-2.462407788093627,-1.000777203571255,1.3513922865568877,0.0,0.0
8.5,-2.835846592969049,2.791906493771783,2.2859291038803713,-2.464301754088945,-0.9992014555246943,1.3316712336723988,0.0,0.0
8.52,-2.8850034779415985,2.771815013929422,2.313907313064431,-2.466195720084263,-0.9976257074781336,1.31195018078791,0.0,0.0
8.540000000000001,-2.9341603629141524,2.751723534087059,2.3418855222484933,-2.468089686079581,-0.9960499594315727,1.2922291279034193,0.0,0.0
8.56,-2.98345822384326,2.7317493438838505,2.368395809462678,-2.415853945996173,-0.9559487027405761,1.432140293863164,0.0,0.0
8.58,-3.032833438077359,2.711839510337275,2.3941006499992046,-2.3339173138909466,-0.894708554760019,1.6596414291495551,0.0,0.0
8.6,-3.082208652311458,2.6919296767906995,2.4198054905357314,-2.2519806817857195,-0.8334684067794618,1.8871425644359465,0.0,0.0
8.620000000000001,-3.131583866545561,2.6720198432441222,2.4455103310722603,-2.170044049680485,-0.7722282587988991,2.114643699722358,0.0,0.0
8.64,-3.18095908077966,2.6521100096975467,2.471215171608787,-2.088107417575258,-0.710988110818342,2.3421448350087495,0.0,0.0
8.66,-3.2303342950137592,2.6322001761509712,2.496920012145314,-2.006170785470031,-0.6497479628377848,2.5696459702951406,0.0,0.0
8.68,-3.2713797350334604,2.6185160879447613,2.5457528851840934,-1.899483617188597,-0.5953083314368908,2.4654193645555718,0.0,0.0
8.700000000000001,-3.311309603139061,2.6056657878422023,2.5976831991407114,-1.789481712840302,-0.5417794648541496,2.316765846213955,0.0,0.0
8.72,-3.351239471244658,2.5928154877396445,2.6496135130973255,-1.6794798084920166,-0.48825059827141326,2.1681123278723513,0.0,0.0
8.74,-3.391169339350255,2.579965187637087,2.701543827053939,-1.5694779041437315,-0.4347217316886769,2.019458809530748,0.0,0.0
8.76,-3.431099207455852,2.5671148875345287,2.753474141010553,-1.4594759997954463,-0.3811928651059405,1.8708052911891444,0.0,0.0
8.78,-3.469531745320569,2.5549932147331913,2.803381004466516,-1.3481688091952084,-0.3302137291667691,1.72387617218275,0.0,0.0
8.8,-3.4967810084919857,2.5483135206190632,2.838175101106404,-1.2271126839174662,-0.29827804630322347,1.5898262637339677,0.0,0.0
8.82,-3.5240302716633995,2.541633826504936,2.8729691977462886,-1.1060565586397346,-0.26634236343968065,1.4557763552851974,0.0,0.0
8.84,-3.5512795348348134,2.534954132390809,2.9077632943861733,-0.985000433362003,-0.23440668057613784,1.321726446836427,0.0,0.0
8.86,-3.5785287980062273,2.5282744382766817,2.942557391026058,-0.8639443080842715,-0.202470997712595,1.1876765383876566,0.0,0.0
8.88,-3.6057780611776438,2.521594744162554,2.977351487665946,-0.742888182806529,-0.17053531484904935,1.0536266299388743,0.0,0.0
8.9,-3.6280835408660246,2.516219264115232,3.006671150676217,-0.6238619923720914,-0.14069911877735355,0.9076263346132172,0.0,0.0
8.92,-3.641377910178059,2.513220995155471,3.0260124791065595,-0.5085357954734727,-0.11468968965043663,0.7398438848794545,0.0,0.0
8.94,-3.654672279490094,2.51022272619571,3.045353807536902,-0.3932095985748541,-0.08868026052351971,0.5720614351456919,0.0,0.0
8.96,-3.6679666488021296,2.5072244572359486,3.0646951359672463,-0.2778834016762252,-0.0626708313966005,0.4042789854119143,0.0,0.0
8.98,-3.6812610181141645,2.5042261882761876,3.084036464397589,-0.1625572047776066,-0.03666140226968358,0.23649653567815165,0.0,0.0
9.0,-3.694555387426199,2.501227919316426,3.103377792827932,-0.04723100787898793,-0.010651973142766669,0.06871408594438899,0.0,1.0
9.02,-3.7,2.5,3.111298893671018,8.020336057764006e-16,-7.252157845503767e-16,-1.352151882958503e-15,0.0,1.0
9.040000000000001,-3.7,2.5,3.111298893671018,6.470003391390826e-16,-5.850935367620906e-16,-1.0907831093905245e-15,0.0,1.0
9.06,-3.7,2.5,3.111298893671018,4.919670725017781e-16,-4.449712889738168e-16,-8.294143358225692e-16,0.0,1.0
9.08,-3.7,2.5,3.111298893671018,3.3693380586447375e-16,-3.0484904118554305e-16,-5.68045562254614e-16,0.0,1.0
9.1,-3.7,2.5,3.111298893671018,1.819005392271693e-16,-1.6472679339726933e-16,-3.066767886866587e-16,0.0,1.0
9.120000000000001,-3.7,2.5,3.111298893671018,2.6867272589851138e-17,-2.460454560898318e-17,-4.5308015118680083e-17,0.0,1.0
9.14,-3.7,2.5,3.111298893671018,-7.888991705426828e-16,1.3963287960194136e-15,-1.1200844607460155e-15,0.0,1.0
9.16,-3.7,2.5,3.111298893671018,-1.7432267130424152e-15,3.085858599211251e-15,-2.4750613822567687e-15,0.0,1.0
9.18,-3.7,2.5,3.111298893671018,-2.361430237523047e-15,3.094086419687989e-15,-3.4376196674370395e-15,0.0,1.0
9.200000000000001,-3.7,2.5,3.111298893671018,-2.286740659611924e-15,-3.6355693954600157e-16,-3.59123794301671e-15,0.0,1.0
9.22,-3.7,2.5,3.111298893671018,-2.2120510817008073e-15,-3.821200298779686e-15,-3.744856218596367e-15,0.0,1.0
9.24,-3.7,2.5,3.111298893671018,-2.2649984390501174e-15,-4.426833507915671e-15,-1.1843028072513205e-15,0.0,1.0
9.26,-3.7,2.5,3.111298893671018,-2.3447122956440487e-15,-4.434377085923465e-15,1.945434392936753e-15,0.0,1.0
9.28,-3.7,2.5,3.111298893671018,-2.288368628609896e-15,-3.3024359685804866e-15,4.0208904544166386e-15,0.0,1.0
9.3,-3.7,2.5,3.111298893671018,-1.9515531279769474e-15,1.7846280535206905e-16,3.9230292584813965e-15,0.0,1.0
9.32,-3.7,2.5,3.111298893671018,-1.6147376273440283e-15,3.659361579284316e-15,3.825168062546163e-15,0.0,1.0
9.34,-3.7,2.5,3.111298893671018,-1.8019354540152352e-15,3.4276631955957395e-15,1.0893088037005246e-15,0.0,1.0
9.36,-3.7,2.5,3.111298893671018,-2.0990231201818752e-15,2.417403114133071e-15,-2.1997600179893837e-15,0.0,1.0
9.38,-3.7,2.5,3.111298893671018,-2.2680585570927706e-15,2.0775322786786738e-15,-4.3609550841217926e-15,0.0,1.0
9.4,-3.7,2.5,3.111298893671018,-2.173124442169551e-15,3.119615899243679e-15,-4.1971275285442385e-15,0.0,1.0
9.42,-3.7,2.5,3.111298893671018,-2.078190327246332e-15,4.1616995198086845e-15,-4.0332999729666845e-15,0.0,1.0
9.44,-3.7,2.5,3.111298893671018,-2.049553882901699e-15,4.270422325503686e-15,-1.4852588182403454e-15,0.0,1.0
9.46,-3.7,2.5,3.111298893671018,-2.0348205971203844e-15,4.183411807649328e-15,1.5627712415036152e-15,0.0,1.0
9.48,-3.7,2.5,3.111298893671018,-2.0853557902673193e-15,4.024879408756514e-15,2.5693851326243365e-15,0.0,1.0
9.5,-3.7,2.5,3.111298893671018,-2.2704367951640007e-15,3.718910303811954e-15,-6.322190937382856e-16,0.0,1.0
9.52,-3.7,2.5,3.111298893671018,-2.455517800060682e-15,3.4129411988673925e-15,-3.833823320100908e-15,0.0,1.0
9.540000000000001,-3.7,2.5,3.111298893671018,-2.5892765873197354e-15,2.640667638596518e-15,-3.783502319708364e-15,0.0,1.0
9.56,-3.7,2.5,3.111298893671018,-2.7122726898055396e-15,1.7706062567536456e-15,-3.0512262571083428e-15,0.0,1.0
9.58,-3.7,2.5,3.111298893671018,-0.00014311211287323567,-0.035038732154186486,0.07000233849204048,0.0,1.0
9.6,-3.7,2.5,3.111298893671018,-0.0005812385376068735,-0.14230704185911983,0.2843089661517003,0.0,0.0
9.620000000000001,-3.7,2.5,3.111298893671018,-0.0010193649623405502,-0.24957535156406271,0.4986155938113792,0.0,0.0
9.64,-3.7000181087662622,2.4955663556496672,3.120156676287112,-0.0013716940102698866,-0.35824425078863065,0.7084252681488484,0.0,0.0
9.66,-3.700040015087499,2.4902029401644206,3.130872007670095,-0.0017060306532833917,-0.46720686498091385,0.917291894947172,0.0,0.0
9.68,-3.7000619214087354,2.484839524679174,3.141587339053078,-0.002040367296296897,-0.576169479173197,1.1261585217454955,0.0,0.0
9.700000000000001,-3.7000838277299724,2.479476109193927,3.152302670436062,-0.0023747039393104317,-0.68513209336549,1.3350251485438376,0.0,0.0
9.72,-3.700105734051209,2.47411269370868,3.163018001819045,-0.0027090405823239367,-0.7940947075577731,1.543891775342161,0.0,0.0
9.74,-3.700127640372446,2.4687492782234335,3.173733333202028,-0.003043377225337442,-0.9030573217500564,1.752758402140485,0.0,0.0
9.76,-3.700168502026245,2.457208189330072,3.1962904308254725,-0.002213648713636097,-1.0141756197302068,1.954359248338757,0.0,0.0
9.78,-3.7002330864115143,2.437935698896539,3.2336675818414453,7.291549258435503e-05,-1.1279917710698033,2.146866919224783,0.0,0.0
9.8,-3.7002976707967834,2.4186632084630038,3.2710447328574213,0.00235947969880501,-1.2418079224094098,2.3393745901108267,0.0,0.0
9.82,-3.7003622551820525,2.3993907180294705,3.308421883873394,0.0046460439050254616,-1.3556240737490062,2.531882260996853,0.0,0.0
9.84,-3.7004268395673217,2.380118227595937,3.345799034889367,0.006932608111245915,-1.4694402250886027,2.724389931882879,0.0,0.0
9.86,-3.700491423952591,2.3608457371624034,3.3831761859053398,0.009219172317466367,-1.5832563764281993,2.9168976027689055,0.0,0.0
9.88,-3.7005380144617175,2.340677582515883,3.4220682557576008,0.012124629993222173,-1.6970487645522667,3.0858661206863087,0.0,0.0
9.9,-3.7003107189838413,2.3068764632398517,3.48401900609773,0.02445030638184012,-1.8104794511901756,2.896543623759636,0.0,0.0
9.92,-3.700083423505965,2.2730753439638205,3.5459697564378594,0.03677598277045807,-1.9239101378280845,2.707221126832963,0.0,0.0
9.94,-3.699856128028089,2.2392742246877892,3.6079205067779885,0.04910165915907602,-2.037340824465993,2.5178986299062904,0.0,0.0
9.96,-3.699628832550213,2.2054731054117553,3.6698712571181233,0.06142733554769506,-2.1507715111039123,2.3285761329796006,0.0,0.0
9.98,-3.6994015370723368,2.171671986135724,3.731822007458253,0.073753011936313,-2.264202197741821,2.1392536360529277,0.0,0.0
10.0,-3.6991742415944606,2.137870866859693,3.793772757798382,0.08607868832493096,-2.37763288437973,1.9499311391262546,0.0,0.0
10.02,-3.6978783911342075,2.0942360539558362,3.8393104942812046,0.08353911649546232,-2.4723820857608767,1.7296463088938219,0.0,0.0
10.040000000000001,-3.696077723376779,2.045955510396733,3.8770942326726066,0.0739767573026424,-2.558305595390031,1.4947339473958645,0.0,0.0
10.06,-3.694277055619352,1.997674966837634,3.9148779710640054,0.06441439810982333,-2.644229105019177,1.259821585897928,0.0,0.0
10.08,-3.692476387861924,1.949394423278535,3.9526617094554037,0.05485203891700427,-2.7301526146483237,1.0249092243999915,0.0,0.0
10.1,-3.690675720104496,1.901113879719436,3.990445447846802,0.045289679724185204,-2.81607612427747,0.7899968629020548,0.0,0.0
10.120000000000001,-3.6888750523470684,1.8528333361603329,4.028229186238204,0.035727320531365285,-2.901999633906624,0.5550845014040975,0.0,0.0
10.14,-3.687436486856056,1.8012990874278885,4.057117389877966,0.029182319042917463,-2.9690596430943423,0.37173925201184255,0.0,0.0
10.16,-3.686856454007962,1.7420504100358158,4.064914571260116,0.02979137408720048,-2.9913949090513645,0.3106579406005793,0.0,0.0
10.18,-3.6862764211598678,1.6828017326437434,4.072711752642264,0.030400429131483494,-3.0137301750083862,0.24957662918931597,0.0,0.0
10.200000000000001,-3.685696388311774,1.6235530552516657,4.080508934024413,0.03100948417576656,-3.03606544096541,0.18849531777804726,0.0,0.0
10.22,-3.68511635546368,1.5643043778595933,4.088306115406562,0.03161853922004958,-3.058400706922432,0.12741400636678396,0.0,0.0
10.24,-3.684536322615586,1.5050557004675207,4.09610329678871,0.03222759426433259,-3.080735972879454,0.06633269495552069,0.0,0.0
10.26,-3.683956289767492,1.4458070230754483,4.103900478170859,0.03283664930861561,-3.103071238836476,0.00525138354425736,0.0,0.0
10.28,-3.6833051853836927,1.3839520103991458,4.104569990805096,0.03288874171058038,-3.1049886784002463,7.676217257697588e-06,0.0,0.0
10.3,-3.682647406674586,1.3218522368720391,4.104570144329051,0.03288852977126499,-3.1049886806374727,7.67623862416289e-06,0.0,0.0
10.32,-3.6819896279654794,1.2597524633449382,4.104570297853005,0.03288831783194961,-3.104988682874699,7.676259990628194e-06,0.0,0.0
10.34,-3.6813318492563725,1.197652689817837,4.10457045137696,0.032888105892634224,-3.1049886851119255,7.676281357093498e-06,0.0,0.0
10.36,-3.680674070547266,1.1355529162907358,4.104570604900914,0.032887893953318835,-3.104988687349152,7.676302723558802e-06,0.0,0.0
10.38,-3.680016291838159,1.0734531427636294,4.1045707584248685,0.03288768201400345,-3.1049886895863783,7.676324090024105e-06,0.0,0.0
10.4,-3.679358527512426,1.011353369084698,4.104570911950273,0.024395716188310913,-3.0690494452782664,0.09921511719722614,0.0,0.0
10.42,-3.6787007758573678,0.949253595272016,4.104571065476955,0.008423151234239978,-3.0014504166689475,0.28581688266977845,0.0,0.0
10.44,-3.678043024202309,0.887153821459334,4.104571219003637,-0.00754941371983095,-2.9338513880596286,0.4724186481423308,0.0,0.0
10.46,-3.6773852725472507,0.8250540476466464,4.1045713725303195,-0.023521978673903307,-2.8662523594503035,0.6590204136148997,0.0,0.0
10.48,-3.6767275208921926,0.7629542738339643,4.1045715260570015,-0.039494543627974235,-2.7986533308409847,0.8456221790874521,0.0,0.0
10.5,-3.676069769237134,0.7008545000212822,4.1045716795836835,-0.05546710858204516,-2.731054302231666,1.0322239445600045,0.0,0.0
10.52,-3.6757161284118585,0.6400417829050054,4.108124651201887,-0.06967744600060598,-2.657165780703258,1.2170663197201899,0.0,0.0
10.540000000000001,-3.6770972742695793,0.5865710233861493,4.131944515375933,-0.07383523493480905,-2.5473991269602827,1.3918723312090786,0.0,0.0
10.56,-3.6784784201273,0.5331002638672981,4.155764379549977,-0.07799302386901176,-2.4376324732173167,1.5666783426979516,0.0,0.0
10.58,-3.6798595659850206,0.47962950434844687,4.179584243724021,-0.08215081280321446,-2.327865819474351,1.7414843541868248,0.0,0.0
10.6,-3.681240711842741,0.42615874482959565,4.203404107898065,-0.08630860173741715,-2.2180991657313855,1.9162903656756978,0.0,0.0
10.620000000000001,-3.682621857700462,0.37268798531073966,4.227223972072111,-0.09046639067162023,-2.10833251198841,2.0910963771645865,0.0,0.0
10.64,-3.6840030035581823,0.31921722579188844,4.251043836246155,-0.09462417960582292,-1.9985658582454446,2.2659023886534597,0.0,0.0
10.66,-3.685791045586219,0.2764886255656759,4.291970845046484,-0.08737896389269215,-1.881718378176445,2.1814346028671783,0.0,0.0
10.68,-3.687702933096328,0.2370295766234387,4.338104692169939,-0.07666305783973221,-1.7627157331936507,2.0180526105709373,0.0,0.0
10.700000000000001,-3.689614820606437,0.19757052768119804,4.384238539293397,-0.0659471517867713,-1.6437130882108457,1.8546706182746817,0.0,0.0
10.72,-3.6915267081165464,0.1581114787389609,4.430372386416852,-0.05523124573381135,-1.5247104432280514,1.6912886259784408,0.0,0.0
10.74,-3.6934385956266556,0.11865242979672375,4.476506233540306,-0.044515339680851404,-1.405707798245257,1.5279066336821998,0.0,0.0
10.76,-3.6953504831367647,0.07919338085448657,4.52264008066376,-0.03379943362789145,-1.2867051532624625,1.3645246413859586,0.0,0.0
10.78,-3.6967368878987124,0.0455699408299657,4.560762060392368,-0.02541450344327671,-1.1704778219196057,1.1878335360208407,0.0,0.0
10.8,-3.6972808902719394,0.021301576512721854,4.586040200327681,-0.020766365087532806,-1.0586996011287224,0.9898065662906188,0.0,0.0
10.82,-3.697824892645167,-0.002966787804519831,4.611318340262994,-0.016118226731789313,-0.9469213803378491,0.7917795965604144,0.0,0.0
10.84,-3.698368895018394,-0.027235152121761516,4.636596480198305,-0.011470088376045823,-0.8351431595469758,0.5937526268302101,0.0,0.0
10.86,-3.6989128973916214,-0.051503516439003194,4.6618746201336165,-0.0068219500203023295,-0.7233649387561024,0.39572565710000585,0.0,0.0
10.88,-3.699456899764849,-0.07577188075624702,4.687152760068931,-0.002173811664558427,-0.6115867179652191,0.1976986873697839,0.0,0.0
10.9,-3.6999999181904126,-0.10001658314461812,4.712388980388426,0.0024662645457180997,-0.5002324814171207,1.1279351946609935e-07,0.0,0.0
10.92,-3.699950585819982,-0.11001646040241018,4.712388982641588,0.002252811993299856,-0.6441229220668181,1.9445051100827035e-07,0.0,0.0
10.94,-3.699901253449552,-0.12001633766020225,4.71238898489475,0.0020393594408816117,-0.7880133627165153,2.7610750255044134e-07,0.0,0.0
10.96,-3.6998587311234905,-0.1346069320302681,4.7123889897531175,0.0018258997455961646,-0.9319037930364422,3.753428832686941e-07,0.0,0.0
10.98,-3.6998192668970735,-0.1512590211000172,4.712388995781371,0.001612436842754601,-1.0757942187176925,4.824719666981313e-07,0.0,0.0
11.0,-3.699783538431834,-0.1704293007259403,4.712389003684464,0.0013989661046962887,-1.219684633066356,6.088857468449982e-07,0.0,0.0
11.02,-3.699753942827942,-0.19373360091563882,4.712389014665412,0.0011854825038516076,-1.3635750288107298,7.6695850236232e-07,0.0,0.0
11.040000000000001,-3.69972500843592,-0.21748356549025044,4.712389026135951,0.0009719947430379257,-1.507465418538266,9.352743408402538e-07,0.0,0.0
11.06,-3.699705282411444,-0.24744007541588509,4.712389044424775,0.0007584490484134868,-1.651355724472123,1.2462404809391013e-06,0.0,0.0
11.08,-3.6996855563869677,-0.27739658534151973,4.712389062713599,0.0005449033537890478,-1.7952460304059803,1.5572066210379489e-06,0.0,0.0
11.1,-3.699673288410855,-0.31237844060403647,4.712389091862863,-0.0004742549898575446,-1.7757331572870187,5.729989804060557e-07,0.0,0.0
11.120000000000001,-3.6996634348364577,-0.3489871561135699,4.7123891245279905,-0.001754215150160803,-1.703321603895146,-8.304966087338599e-07,0.0,0.0
11.14,-3.699679847751623,-0.3841098899727839,4.712389128391516,-0.0023713394411001513,-1.5991816321941603,-1.474554756211801e-06,0.0,0.0
11.16,-3.6997291681297053,-0.417370940490668,4.7123890961715125,-0.0021580426459056746,-1.4552913258909503,-1.1671664079519043e-06,0.0,0.0
11.18,-3.6997771835939597,-0.44975169437692836,4.71238906583206,-0.001944737599289036,-1.3114010077274199,-8.802389471818886e-07,0.0,0.0
11.200000000000001,-3.6998166430288544,-0.4763605392938422,4.712389047822955,-0.0017313784499348745,-1.167510611798396,-7.274689689934481e-07,0.0,0.0
11.22,-3.6998561024637495,-0.5029693842107537,4.712389029813851,-0.001518019300580732,-1.0236202158693848,-5.746989908050212e-07,0.0,0.0
11.24,-3.699887465896457,-0.5241182478532603,4.712389017601667,-0.0013046430937904182,-0.8797297954193861,-4.642145373546161e-07,0.0,0.0
11.26,-3.6999170615054635,-0.5440748830257016,4.712389006655284,-0.0010912631623790831,-0.7358393696150429,-3.629634500882034e-07,0.0,0.0
11.28,-3.699941633742034,-0.5606440618704192,4.712388998092547,-0.0008778779396136029,-0.5919489362041017,-2.748298424826636e-07,0.0,0.0
11.3,-3.699961364564375,-0.573948485917221,4.712388991827113,-0.0006644876171590852,-0.44805849546207804,-1.9933856898159597e-07,0.0,0.0
11.32,-3.6999791453376574,-0.5859379795801057,4.712388986251549,-0.0004510960623213093,-0.3041680529484451,-1.2690290663248092e-07,0.0,0.0
11.34,-3.6999890108929443,-0.5925901918106816,4.712388983476159,-0.00023769950525948883,-0.16027760324382687,-6.686992115898048e-08,0.0,0.0
11.36,-3.6999988764482317,-0.5992424040412575,4.712388980700768,-2.4302948197668357e-05,-0.01638715353920861,-6.836935685480047e-09,0.0,0.0
11.38,-3.7,-0.6,4.71238898038469,0.0004917708213476464,0.09749758626279405,-0.18204784099049282,0.0,0.0
11.4,-3.7,-0.6,4.71238898038469,0.0010467456868092973,0.20752589105475094,-0.38749308433456764,0.0,0.0
11.42,-3.7,-0.6,4.71238898038469,0.0016017205522709482,0.31755419584670785,-0.5929383276786425,0.0,0.0
11.44,-3.7,-0.6,4.71238898038469,0.002156695417732599,0.42758250063866476,-0.7983835710227173,0.0,0.0
11.46,-3.7,-0.6,4.71238898038469,0.0027116702831942994,0.5376108054306314,-1.0038288143668104,0.0,0.0
11.48,-3.7,-0.6,4.71238898038469,0.0032666451486559503,0.6476391102225884,-1.2092740577108851,0.0,0.0
11.5,-3.7,-0.6,4.71238898038469,0.003821620014117601,0.7576674150145453,-1.4147193010549601,0.0,0.0
11.52,-3.6999875053773974,-0.5975228389075363,4.7077636163530805,0.004373306152119527,0.8682519251301238,-1.6182790617336977,0.0,0.0
11.540000000000001,-3.699901587628592,-0.5804889427062796,4.675957864580553,0.0049056664842133295,0.9821049080094314,-1.8107590134347349,0.0,0.0
11.56,-3.699815669879787,-0.5634550465050245,4.64415211280803,0.005438026816307085,1.0959578908887289,-2.003238965135755,0.0,0.0
11.58,-3.6997297521309815,-0.5464211503037694,4.612346361035506,0.005970387148400841,1.2098108737680262,-2.1957189168367752,0.0,0.0
11.6,-3.6996438343821763,-0.5293872541025143,4.580540609262982,0.006502747480494597,1.3236638566473236,-2.388198868537795,0.0,0.0
11.620000000000001,-3.699557916633371,-0.5123533579012576,4.548734857490456,0.007035107812588399,1.437516839526631,-2.580678820238832,0.0,0.0
11.64,-3.699471998884566,-0.49531946170000246,4.516929105717932,0.007567468144682154,1.5513698224059285,-2.7731587719398525,0.0,0.0
11.66,-3.699386081135761,-0.47828556549874734,4.485123353945408,0.00809982847677591,1.6652228052852258,-2.9656387236408728,0.0,0.0
11.68,-3.699266806286914,-0.45411776935975806,4.441257024744617,0.011520330170643397,1.776616975696883,-2.995668511261613,0.0,0.0
11.700000000000001,-3.699098471830374,-0.4194578641398555,4.379652726822558,0.019188535711398315,1.8843948732640816,-2.786776410908193,0.0,0.0
11.72,-3.6989301373738344,-0.38479795891995594,4.318048428900504,0.026856741252152545,1.9921727708312706,-2.5778843105547917,0.0,0.0
11.74,-3.6987618029172946,-0.35013805370005646,4.2564441309784495,0.03452494679290678,2.0999506683984595,-2.36899221020139,0.0,0.0
11.76,-3.6985934684607553,-0.315478148480157,4.194839833056395,0.04219315233366101,2.2077285659656485,-2.160100109847989,0.0,0.0
11.78,-3.6984251340042156,-0.28081824326025745,4.133235535134341,0.04986135787441525,2.3155064635328375,-1.9512080094945876,0.0,0.0
11.8,-3.698256799547676,-0.24615833804035486,4.071631237212282,0.05752956341517017,2.4232843611000363,-1.7423159091411677,0.0,0.0
11.82,-3.698088465091136,-0.21149843282045533,4.010026939290228,0.0651977689559244,2.5310622586672253,-1.5334238087877663,0.0,0.0
11.84,-3.6971318092073764,-0.16575853951450414,3.9698975637356564,0.06427451923699976,2.613404508747896,-1.3377193769734643,0.0,0.0
11.86,-3.6957763309747143,-0.11441313211023149,3.940632638499658,0.05900473744518826,2.6828785247223315,-1.148686762975733,0.0,0.0
11.88,-3.6944208527420517,-0.06306772470595431,3.9113677132636564,0.053734955653376305,2.752352540696773,-0.9596541489779846,0.0,0.0
11.9,-3.6930653745093895,-0.011722317301681662,3.882102788027658,0.048465173861564806,2.8218265566712084,-0.7706215349802532,0.0,0.0
11.92,-3.691709896276727,0.03962309010259096,3.852837862791659,0.04319539206975331,2.8913005726456436,-0.5815889209825218,0.0,0.0
11.94,-3.690354418044065,0.09096849750686362,3.82357293755566,0.03792561027794182,2.960774588620079,-0.3925563069847904,0.0,0.0
11.96,-3.6889989398114023,0.1423139049111408,3.794308012319659,0.03265582848612986,3.0302486045945205,-0.2035236929870421,0.0,0.0
11.98,-3.68764346157874,0.19365931231541342,3.76504308708366,0.027386046694318364,3.099722620568956,-0.01449107898931068,0.0,0.0
12.0,-3.687041292971368,0.25493595539673236,3.7628001702047214,0.026982049929832514,3.105047072942798,-3.7208982989743227e-06,0.0,0.0
12.02,-3.6865016495024485,0.3170368968340923,3.7628000957866794,0.02698191616178566,3.105047074106712,-3.7208941783391622e-06,0.0,0.0
12.040000000000001,-3.685962006033529,0.37913783827145775,3.7628000213686374,0.026981782393738808,3.1050470752706265,-3.7208900577040013e-06,0.0,0.0
12.06,-3.68542236256461,0.44123877970881764,3.7627999469505955,0.026981648625691957,3.105047076434541,-3.7208859370688404e-06,0.0,0.0
12.08,-3.6848827190956905,0.5033397211461776,3.762799872532553,0.026981514857645102,3.105047077598455,-3.7208818164336795e-06,0.0,0.0
12.1,-3.684343075626771,0.5654406625835375,3.762799798114511,0.02698138108959825,3.10504707876237,-3.7208776957985186e-06,0.0,0.0
12.120000000000001,-3.683803432157852,0.627541604020903,3.762799723696469,0.0269812473215514,3.105047079926284,-3.720873575163358e-06,0.0,0.0
12.14,-3.6832637924719167,0.6896425454911788,3.7627996492785436,0.0245559273171169,3.0951609523293073,-0.027227535862342014,0.0,0.0
12.16,-3.6827241697121327,0.7517434871087294,3.7627995748611394,0.011279632385245746,3.0410414649580213,-0.17625846384091642,0.0,0.0
12.18,-3.682184546952348,0.81384442872628,3.7627995004437356,-0.0019966625466254113,2.986921977586735,-0.3252893918194909,0.0,0.0
12.200000000000001,-3.6816449241925637,0.8759453703438362,3.7627994260263313,-0.015272957478497742,2.9328024902154435,-0.47432031979807854,0.0,0.0
12.22,-3.6811053014327797,0.9380463119613869,3.762799351608927,-0.0285492524103689,2.8786830028441575,-0.623351247776653,0.0,0.0
12.24,-3.6805656786729952,1.0001472535789375,3.762799277191523,-0.041825547342240046,2.824563515472871,-0.7723821757552274,0.0,0.0
12.26,-3.6800260559132107,1.0622481951964882,3.7627992027741186,-0.055101842274111204,2.7704440281015845,-0.9214131037338018,0.0,0.0
12.280000000000001,-3.6794864331534263,1.1243491368140441,3.7627991283567144,-0.06837813720598354,2.7163245407302936,-1.0704440317123893,0.0,0.0
12.3,-3.679855243554498,1.1827469415828828,3.752601582606868,-0.07468242407078424,2.6385961746960227,-1.2345503665561084,0.0,0.0
12.32,-3.681370974008001,1.2364694415613409,3.7295294690195093,-0.07218437279734356,2.5310609967566102,-1.4176897873518242,0.0,0.0
12.34,-3.6828867044615046,1.2901919415397989,3.7064573554321503,-0.06968632152390289,2.4235258188171978,-1.6008292081475402,0.0,0.0
12.36,-3.684402434915008,1.343914441518257,3.6833852418447917,-0.06718827025046221,2.3159906408777853,-1.783968628943256,0.0,0.0
12.38,-3.6859181653685114,1.3976369414967198,3.660313128257431,-0.06469021897702132,2.208455462938363,-1.9671080497389881,0.0,0.0
12.4,-3.6874338958220148,1.4513594414751778,3.637241014670072,-0.062192167703580645,2.1009202849989506,-2.150247470534704,0.0,0.0
12.42,-3.688949626275518,1.505081941453636,3.614168901082713,-0.05969411643013997,1.993385107059538,-2.33338689133042,0.0,0.0
12.44,-3.6904653567290215,1.5588044414320938,3.5910967874953545,-0.0571960651566993,1.8858499291201256,-2.5165263121261354,0.0,0.0
12.46,-3.691709873194277,1.6008518229708373,3.5481411858276894,-0.05153613780406843,1.7666394397041563,-2.469604406740408,0.0,0.0
12.48,-3.692838870923163,1.6379263971045148,3.496716568854126,-0.04452946601696689,1.6424560606625591,-2.3246920036684764,0.0,0.0
12.5,-3.693967868652049,1.6750009712381924,3.4452919518805634,-0.03752279422986535,1.5182726816209617,-2.1797796005965453,0.0,0.0
12.52,-3.6950968663809354,1.71207554537187,3.393867334907,-0.030516122442763804,1.3940893025793646,-2.0348671975246138,0.0,0.0
12.540000000000001,-3.6962258641098216,1.7491501195055508,3.3424427179334324,-0.023509450655661637,1.2699059235377563,-1.8899547944526693,0.0,0.0
12.56,-3.6973548618387078,1.7862246936392283,3.2910181009598696,-0.016502778868560095,1.1457225444961592,-1.7450423913807378,0.0,0.0
12.58,-3.698483859567594,1.8232992677729059,3.2395934839863063,-0.009496107081458552,1.0215391654545618,-1.6001299883088065,0.0,0.0
12.6,-3.69961285729648,1.8603738419065834,3.1881688670127435,-0.002489435294357009,0.8973557864129648,-1.455217585236875,0.0,0.0
12.620000000000001,-3.6996998560952146,1.878980454069763,3.158294933952278,-0.0019387417092933197,0.7817104981780498,-1.2696272791610408,0.0,0.0
12.64,-3.699744124579536,1.896829731653472,3.1293047517986374,-0.0016527950164158096,0.6664153401535542,-1.0823688527688429,0.0,0.0
12.66,-3.6997883930638573,1.9146790092371808,3.1003145696449974,-0.0013668483235382996,0.5511201821290584,-0.8951104263766451,0.0,0.0
12.68,-3.6998326615481782,1.9325282868208897,3.0713243874913574,-0.0010809016306607896,0.4358250241045627,-0.7078519999844471,0.0,0.0
12.700000000000001,-3.6998769300324996,1.9503775644046002,3.0423342053377147,-0.0007949549377832541,0.32052986608005674,-0.5205935735922327,0.0,0.0
12.72,-3.699921198516821,1.968226841988309,3.0133440231840742,-0.0005090082449057442,0.2052347080555611,-0.33333514720003476,0.0,0.0
12.74,-3.699965467001142,1.986076119572018,2.984353841030434,-0.00022306155202823398,0.08993955003106535,-0.14607672080783685,0.0,1.0
12.76,-3.7,2.0,2.961739153797315,-8.438745755288794e-17,-7.131328495571274e-17,-2.6322146712174405e-16,0.0,1.0
12.780000000000001,-3.7,2.0,2.961739153797315,-7.317280771612054e-17,-6.190235690033785e-17,-2.2823508882698127e-16,0.0,1.0
12.8,-3.7,2.0,2.961739153797315,-6.195815787935414e-17,-5.249142884496381e-17,-1.932487105322216e-16,0.0,1.0
12.82,-3.7,2.0,2.961739153797315,-5.0743508042587735e-17,-4.3080500789589755e-17,-1.582623322374619e-16,0.0,1.0
12.84,-3.7,2.0,2.961739153797315,-3.952885820582134e-17,-3.36695727342157e-17,-1.2327595394270222e-16,0.0,1.0
12.86,-3.7,2.0,2.961739153797315,-2.831420836905493e-17,-2.4258644678841656e-17,-8.828957564794254e-17,0.0,1.0
12.88,-3.7,2.0,2.961739153797315,-1.7099558532287544e-17,-1.484771662346677e-17,-5.330319735317974e-17,0.0,1.0
12.9,-3.7,2.0,2.961739153797315,-5.884908695521143e-18,-5.436788568092713e-18,-1.831681905842006e-17,0.0,1.0
12.92,-3.7,2.0,2.961739153797315,-5.668246152093183e-16,-2.0274942983704418e-16,7.896362662673932e-16,0.0,1.0
12.94,-3.7,2.0,2.961739153797315,-1.7495113876017256e-15,-6.247038504593309e-16,2.4375546105904615e-15,0.0,1.0
12.96,-3.7,2.0,2.961739153797315,-2.932198159994238e-15,-1.0466582710816552e-15,4.085472954913676e-15,0.0,1.0
12.98,-3.7,2.0,2.961739153797315,-2.4580392728353327e-15,-1.0529793292165045e-15,4.17189517697759e-15,0.0,1.0
13.0,-3.7,2.0,2.961739153797315,-1.9487392046938284e-15,-1.0504849330394944e-15,4.225198552080951e-15,0.0,1.0
13.02,-3.7,2.0,2.961739153797315,-1.820160244390118e-15,-4.8846271689484e-16,4.2035447699220325e-15,0.0,1.0
13.040000000000001,-3.7,2.0,2.961739153797315,-2.105302212868895e-15,6.815855965454356e-16,4.1004367576639e-15,0.0,1.0
13.06,-3.7,2.0,2.961739153797315,-2.3904441813476473e-15,1.851633909985607e-15,3.997328745405778e-15,0.0,1.0
13.08,-3.7,2.0,2.961739153797315,-2.326926879398545e-15,1.6695034141615327e-15,4.069606848243771e-15,0.0,1.0
13.1,-3.7,2.0,2.961739153797315,-2.2560146227940504e-15,1.4586936264654207e-15,4.145604836019083e-15,0.0,1.0
13.120000000000001,-3.7,2.0,2.961739153797315,-2.137826845711583e-15,1.1632041099440115e-15,3.64947115693551e-15,0.0,1.0
13.14,-3.7,2.0,2.961739153797315,-1.9682658407251295e-15,7.756950669571884e-16,2.531615068125486e-15,0.0,1.0
13.16,-3.7,2.0,2.961739153797315,-1.7987048357386765e-15,3.8818602397036517e-16,1.4137589793154625e-15,0.0,1.0
13.18,-3.7,2.0,2.961739153797315,-2.4184281673199824e-15,3.9084569827137685e-16,-5.872678500466842e-16,0.0,1.0
13.200000000000001,-3.7,2.0,2.961739153797315,-3.0548919741279694e-15,4.0178072968179773e-16,-2.607026456055413e-15,0.0,1.0
13.22,-3.7,2.0,2.961739153797315,-3.3832424508280567e-15,2.733379288099212e-16,-3.684542400565623e-15,0.0,1.0
13.24,-3.7,2.0,2.961739153797315,-3.3767732117882475e-15,-6.563577755953315e-18,-3.738144774149006e-15,0.0,1.0
13.26,-3.7,2.0,2.961739153797315,-3.3703039727484388e-15,-2.8646508432182786e-16,-3.791747147732389e-15,0.0,1.0
13.280000000000001,-3.7,2.0,2.961739153797315,-3.11437696291255e-15,2.344309705789883e-16,-2.0454216590235067e-15,0.0,1.0
13.3,-3.7,2.0,2.961739153797315,-2.853159031366189e-15,7.723116926246396e-16,-2.609202603259434e-16,0.0,1.0
13.32,-3.7,2.0,2.961739153797315,-1.274519310824522e-15,4.610513766284614e-16,4.1242678070799154e-16,0.0,1.0
13.34,-3.7,2.0,2.961739153797315,1.7357325660187392e-15,-7.729511033654077e-16,-1.2169222994063615e-16,0.0,1.0
13.36,-3.7,2.0,2.961739153797315,4.745984442861999e-15,-2.0069535833592767e-15,-6.558112405892638e-16,0.0,1.0
13.38,-3.7,2.0,2.961739153797315,0.04593695076948159,0.08761700277515273,-0.21836787772029936,0.0,1.0
13.4,-3.7,2.0,2.961739153797315,0.09284820997346217,0.17709233492088686,-0.4413672701912234,0.0,0.0
13.42,-3.698875933941626,2.002143966835114,2.956395744723074,0.14113107173643874,0.2669466216154473,-0.6609705790605978,0.0,0.0
13.44,-3.696530370981427,2.006617733442401,2.945245775099528,0.19090442266049906,0.3572127095594765,-0.8768834414773574,0.0,0.0
13.46,-3.6941848080212276,2.011091500049688,2.9340958054759807,0.24067777358456377,0.44747879750351366,-1.092796303894136,0.0,0.0
13.48,-3.6918392450610282,2.0155652666569748,2.9229458358524343,0.2904511245086241,0.5377448854475428,-1.3087091663108956,0.0,0.0
13.5,-3.6894936821008293,2.0200390332642613,2.911795866228888,0.3402244754326844,0.628010973391572,-1.5246220287276553,0.0,0.0
13.52,-3.685339730245173,2.027792390014542,2.892801248504865,0.39071282828028137,0.7169063727370215,-1.7433326247282575,0.0,0.0
13.540000000000001,-3.6778926472729325,2.0415179800475354,2.8595212882733563,0.4425032213520467,0.803305706503626,-1.9671379785788146,0.0,0.0
13.56,-3.6704455643006924,2.0552435700805285,2.82624132804185,0.4942936144238075,0.8897050402702228,-2.1909433324293515,0.0,0.0
13.58,-3.6629984813284526,2.068969160113521,2.7929613678103444,0.5460840074955682,0.9761043740368196,-2.414748686279889,0.0,0.0
13.6,-3.6555513983562125,2.082694750146514,2.7596814075788383,0.597874400567329,1.0625037078034163,-2.6385540401304257,0.0,0.0
13.620000000000001,-3.6468848495731243,2.098454714266269,2.7211316866616517,0.6504538933377935,1.1454280050672607,-2.869525789316142,0.0,0.0
13.64,-3.6341295098373365,2.121035804723772,2.664912794847813,0.7056791869827992,1.2167007269557188,-3.1245260042031475,0.0,0.0
13.66,-3.621374170101549,2.143616895181275,2.608693903033974,0.7609044806278049,1.287973448844177,-3.3795262190901534,0.0,0.0
13.68,-3.6086188303657614,2.166197985638778,2.5524750112201353,0.8161297742728107,1.359246170732635,-3.634526433977159,0.0,0.0
13.700000000000001,-3.5958634906299727,2.188779076096283,2.4962561194062918,0.8713550679178215,1.4305188926210994,-3.8895266488641873,0.0,0.0
13.72,-3.5825139331658193,2.21212705274125,2.4372934549762855,0.9259898121369698,1.4820433237199608,-4.13163195237407,0.0,0.0
13.74,-3.5640982765039992,2.2420132414144898,2.3549383140417977,0.9755897318638476,1.3652005127313267,-4.263799606663567,0.0,0.0
13.76,-3.545682619842179,2.271899430087729,2.2725831731073103,1.0251896515907253,1.2483577017426923,-4.395967260953065,0.0,0.0
13.780000000000001,-3.5272669631803577,2.301785618760971,2.1902280321728154,1.0747895713176074,1.1315148907540478,-4.528134915242574,0.0,0.0
13.8,-3.5088513065185376,2.33167180743421,2.1078728912383276,1.1243894910444852,1.0146720797654136,-4.660302569532071,0.0,0.0
13.82,-3.4904356498567175,2.3615579961074498,2.0255177503038397,1.1739894107713629,0.8978292687767794,-4.792470223821569,0.0,0.0
13.84,-3.4670367588303153,2.3797051514479923,1.9298839105253143,1.0670851784315345,0.9529582794063908,-4.81809626096671,0.0,0.0
13.86,-3.4435373579884345,2.3976155352486392,1.8339822447781577,0.957024320836903,1.0115558919105598,-4.841573396917064,0.0,0.0
13.88,-3.420037957146552,2.415525919049288,1.7380805790309926,0.8469634632422618,1.0701535044147341,-4.86505053286742,0.0,0.0
13.9,-3.3965385563046713,2.433436302849935,1.642178913283836,0.7369026056476304,1.1287511169189033,-4.8885276688177735,0.0,0.0
13.92,-3.3730391554627905,2.4513466866505813,1.5462772475366795,0.626841748052999,1.1873487294230722,-4.912004804768126,0.0,0.0
13.94,-3.3591901440821372,2.474395044064391,1.448317052442156,0.6712781066352358,1.2656645735014225,-4.762316392703901,0.0,0.0
13.96,-3.3469714317439903,2.498311390640259,1.350009097452806,0.7418146205132986,1.3473115384826697,-4.5833740703951396,0.0,0.0
13.98,-3.334752719405844,2.522227737216125,1.2517011424634648,0.8123511343913551,1.4289585034639096,-4.404431748086394,0.0,0.0
14.0,-3.3225340070676985,2.546144083791991,1.1533931874741237,0.8828876482694117,1.5106054684451498,-4.225489425777649,0.0,0.0
14.02,-3.3103152947295524,2.5700604303678567,1.0550852324847824,0.9534241621474682,1.5922524334263897,-4.046547103468904,0.0,0.0
14.040000000000001,-3.2928136790428253,2.6000918087334517,0.970179343202306,0.9840509329779119,1.550951911141738,-3.8865601577727706,0.0,0.0
14.06,-3.273365326135019,2.632376561656114,0.890212083008697,0.9999710591570877,1.4643455344989675,-3.7335582229232567,0.0,0.0
14.08,-3.253916973227213,2.664661314578776,0.8102448228150881,1.0158911853362635,1.377739157856197,-3.5805562880737423,0.0,0.0
14.1,-3.2344686203194066,2.6969460675014383,0.7302775626214792,1.0318113115154395,1.2911327812134266,-3.4275543532242283,0.0,0.0
14.120000000000001,-3.215020267411599,2.729230820424103,0.6503103024278631,1.0477314376946167,1.2045264045706483,-3.2745524183747006,0.0,0.0
14.14,-3.19458312001702,2.75613647604691,0.5798459486774645,1.0108330196688675,1.1284458182797692,-3.071526138269741,0.0,0.0
14.16,-3.1735030336456345,2.7795445076837666,0.5155606230537566,0.9395906593762486,1.0592093648895622,-2.8359727741405534,0.0,0.0
14.18,-3.1524229472742493,2.802952539320623,0.45127529743004857,0.8683482990836299,0.9899729114993554,-2.600419410011366,0.0,0.0
14.200000000000001,-3.131342860902862,2.826360570957482,0.3869899718063349,0.7971059387910047,0.9207364581091423,-2.3648660458821573,0.0,0.0
14.22,-3.1102627745314764,2.8497686025943385,0.32270464618262684,0.7258635784983858,0.8515000047189354,-2.12931268175297,0.0,0.0
14.24,-3.092696605003625,2.8697616555758683,0.27003761802078013,0.6505252292632633,0.7889231856995228,-1.8952654197933803,0.0,0.0
14.26,-3.0789185049359613,2.8860732963534526,0.2298953363894686,0.5707713257298335,0.7335255797062912,-1.6628417647336162,0.0,0.0
14.280000000000001,-3.065140404868296,2.902384937131038,0.18975305475815346,0.49101742219639666,0.6781279737130548,-1.4304181096738313,0.0,0.0
14.3,-3.0513623048006324,2.9186965779086225,0.14961077312684193,0.4112635186629669,0.6227303677198232,-1.1979944546140673,0.0,0.0
14.32,-3.037584204732968,2.9350082186862068,0.10946849149553037,0.33150961512953714,0.5673327617265915,-0.965570799554303,0.0,0.0
14.34,-3.026720083039451,2.94929579018703,0.07781830209391596,0.2606964329657831,0.49469930969426645,-0.7592399224727291,0.0,0.0
14.36,-3.021116359969931,2.9599294528830336,0.061498284898208716,0.20602330139672825,0.3909512064373831,-0.6000124880901544,0.0,0.0
14.38,-3.01551263690041,2.970563115579038,0.04517826770250002,0.15135016982766858,0.2872031031804906,-0.4407850537075656,0.0,0.0
14.4,-3.00990891383089,2.981196778275042,0.02885825050679277,0.09667703825861376,0.18345499992360725,-0.281557619324991,0.0,0.0
14.42,-3.00430519076137,2.9918304409710457,0.012538233311085528,0.042003906689558945,0.07970689666672393,-0.12233018494241632,0.0,0.0
