0.0,-1.45,-1.7,0.7853981633974483,-4.1915944912635173e-19,-7.116947324001466e-19,-4.1650155599838875e-19,0.0,0.0
0.02,-1.45,-1.7,0.7853981633974483,-0.06764933400272181,-0.05980571585393451,0.2624033385741611,0.0,0.0
0.04,-1.45,-1.7,0.7853981633974483,-0.13529866800544363,-0.11961143170786902,0.5248066771483222,0.0,0.0
0.06,-1.45,-1.7,0.7853981633974483,-0.20294800200816543,-0.17941714756180352,0.7872100157224832,0.0,0.0
0.08,-1.45,-1.7,0.7853981633974483,-0.27059733601088726,-0.23922286341573804,1.0496133542966444,0.0,0.0
0.1,-1.4530742133932888,-1.7027177729889549,0.7973226541523157,-0.33810392284890317,-0.29892192236125603,1.3124760422284658,0.0,0.0
0.12,-1.4591551446947797,-1.7080936492618777,0.820909829084254,-0.40547089658868607,-0.3585166660899874,1.57578799433395,0.0,0.0
0.14,-1.4652360759962706,-1.7134695255348005,0.8444970040161924,-0.47283787032846913,-0.41811140981871886,1.8390999464394342,1.0,0.0
0.16,-1.4713170072977615,-1.718845401807723,0.8680841789481307,-0.5402048440682521,-0.47770615354745016,2.102411898544918,0.0,0.0
0.18,-1.4774651523662232,-1.7242807372933033,0.8919340670050173,-0.6075309918887207,-0.5373398994065594,2.3657195709289045,0.0,0.0
0.2,-1.4896016338862053,-1.7350135257647967,0.9391900912348731,-0.6712197994467161,-0.6004484970639551,2.6286459462453236,0.0,0.0
0.22,-1.501738115406187,-1.7457463142362903,0.9864461154647286,-0.7349086070047112,-0.6635570947213507,2.8915723215617426,0.0,0.0
0.24,-1.5138745969261689,-1.7564791027077837,1.0337021396945842,-0.7985974145627064,-0.7266656923787462,3.154498696878161,0.0,0.0
0.26,-1.526011078446151,-1.7672118911792773,1.0809581639244399,-0.8622862221207017,-0.789774290036142,3.4174250721945802,0.0,0.0
0.28,-1.5411053376753718,-1.780875511779201,1.1404247758839179,-0.9083871249682005,-0.8080065944878794,3.716369070218767,0.0,0.0
0.3,-1.5589667427166771,-1.7972810692815413,1.21131499029789,-0.9380336821388875,-0.7842549302262102,4.049009317127956,0.0,0.0
0.32,-1.5768281477579824,-1.8136866267838816,1.2822052047118622,-0.9676802393095746,-0.7605032659645409,4.3816495640371445,0.0,0.0
0.34,-1.5946895527992877,-1.830092184286222,1.3530954191258344,-0.9973267964802617,-0.7367516017028716,4.714289810946334,0.0,0.0
0.36,-1.612610116109832,-1.8464503464926705,1.424649401044854,-1.0290915099804865,-0.7129414260344605,5.03650615895849,0.0,0.0
0.38,-1.6331364206677152,-1.8607208905347825,1.5254403161735492,-1.1541545465583416,-0.6865540014379141,4.899581567531063,0.0,0.0
0.4,-1.6536627252255984,-1.8749914345768948,1.6262312313022447,-1.2792175831361967,-0.6601665768413677,4.762656976103636,0.0,0.0
0.42,-1.6741890297834816,-1.8892619786190068,1.7270221464309399,-1.4042806197140514,-0.6337791522448214,4.625732384676209,0.0,0.0
0.44,-1.6947153343413648,-1.9035325226611188,1.827813061559635,-1.5293436562919065,-0.607391727648275,4.488807793248783,0.0,0.0
0.46,-1.7211744813818863,-1.916551278501556,1.9221084360780334,-1.5676283356744203,-0.6653232223473957,4.385909788444546,0.0,0.0
0.48,-1.7529425778213448,-1.9284498832103345,2.0105913359656418,-1.52826020215635,-0.7987067246168718,4.313460160978777,0.0,0.0
0.5,-1.7847106742608032,-1.940348487919113,2.0990742358532497,-1.4888920686382796,-0.9320902268863482,4.241010533513009,0.0,0.0
0.52,-1.8164787707002619,-1.9522470926278916,2.1875571357408585,-1.4495239351202092,-1.0654737291558245,4.16856090604724,0.0,0.0
0.54,-1.8481290313335914,-1.9645449378164612,2.2758231810434695,-1.4120463364540223,-1.1930330048716038,4.089554653159388,0.0,0.0
0.56,-1.8763583654345815,-1.9884332527863977,2.3577936560279706,-1.4294534205305423,-1.1515074174848525,3.8202010465608787,0.0,0.0
0.58,-1.9045876995355715,-2.012321567756334,2.4397641310124714,-1.4468605046070617,-1.1099818300981017,3.5508474399623706,0.0,0.0
0.6,-1.9328170336365615,-2.0362098827262707,2.5217346059969725,-1.4642675886835814,-1.0684562427113504,3.2814938333638612,0.0,0.0
0.62,-1.9610463677375516,-2.060098197696207,2.6037050809814737,-1.4816746727601011,-1.0269306553245994,3.012140226765352,0.0,0.0
0.64,-1.9901188408080241,-2.0819751567835327,2.6726289985244476,-1.454056415080085,-0.9677080805392906,2.7630621740675916,0.0,0.0
0.66,-2.019912880371219,-2.102130778034079,2.7303875459019684,-1.3879050340232033,-0.8933402526093246,2.531336136690813,0.0,0.0
0.68,-2.0497069199344145,-2.1222863992846253,2.7881460932794893,-1.321753652966322,-0.8189724246793586,2.2996100993140347,0.0,0.0
0.7000000000000001,-2.0795009594976093,-2.1424420205351717,2.84590464065701,-1.2556022719094404,-0.7446045967493926,2.067884061937256,0.0,0.0
0.72,-2.109030995305591,-2.162300846986775,2.902738391861408,-1.1899331082265638,-0.6699350533845471,1.8363955220215542,0.0,0.0
0.74,-2.13287875306667,-2.1757716182036906,2.939667316378219,-1.1346429378118912,-0.5887715456037592,1.6100187526114365,0.0,0.0
0.76,-2.1567265108277494,-2.1892423894206057,2.97659624089503,-1.0793527673972185,-0.5076080378229715,1.3836419832013187,0.0,0.0
0.78,-2.1805742685888285,-2.202713160637521,3.013525165411841,-1.0240625969825459,-0.42644453004218363,1.157265213791201,0.0,0.0
0.8,-2.2044220263499077,-2.2161839318544367,3.0504540899286523,-0.9687724265678732,-0.3452810222613958,0.9308884443810833,0.0,0.0
0.8200000000000001,-2.225536554987264,-2.225642444444073,3.07619224446871,-0.8878999305123123,-0.28518782232166673,0.7275685289536025,0.0,0.0
0.84,-2.244414334360591,-2.2318175087293706,3.092772386498158,-0.7860920333398991,-0.24233759522577897,0.5431172845529544,0.0,0.0
0.86,-2.2632921137339186,-2.237992573014668,3.109352528527606,-0.6842841361674854,-0.19948736812989096,0.3586660401523052,0.0,0.0
0.88,-2.2821698931072456,-2.2441676372999653,3.125932670557054,-0.5824762389950716,-0.15663714103400295,0.174214795751656,0.0,0.0
0.9,-2.300539790658333,-2.2501289377022506,3.1415926537705112,-0.4942907594344984,-0.11570477059216917,1.6217102758593766e-07,0.0,0.0
0.92,-2.3102661594851828,-2.2524522377231295,3.1415926570268304,-0.6379422009162214,-0.10741197958078362,1.5054994427311129e-07,0.0,0.0
0.9400000000000001,-2.3199925283120324,-2.254775537744009,3.1415926602831497,-0.7815936423979446,-0.09911918856939807,1.389288609602849e-07,0.0,0.0
0.96,-2.3317626089200822,-2.2569808572245313,3.1415926633741376,-0.9252450808345315,-0.09082639767285862,1.2730714667710987e-07,0.0,0.0
0.98,-2.349538027893515,-2.258839497162523,3.1415926659793065,-1.068896510323151,-0.08253360711378814,1.1568357832112594e-07,0.0,0.0
1.0,-2.367313446866948,-2.260698137100515,3.141592668584476,-1.2125479398117704,-0.07424081655471766,1.0406000996514199e-07,0.0,0.0
1.02,-2.388729585693381,-2.262346603514076,3.141592670895056,-1.356199358455331,-0.06594802647928265,9.24364287177723e-08,0.0,0.0
1.04,-2.414554054141402,-2.2637405833945246,3.1415926728489354,-1.499850763967259,-0.05765523698945285,8.081283186099574e-08,0.0,0.0
1.06,-2.440378522589423,-2.265134563274973,3.141592674802815,-1.6435021694791871,-0.049362447499623055,6.918923500421915e-08,0.0,0.0
1.08,-2.4714407182586444,-2.266226176679467,3.1415926763328823,-1.7871535282036402,-0.041069660430388066,5.7565583135336724e-08,0.0,0.0
1.1,-2.505314234837796,-2.267155496562284,3.1415926776354706,-1.9308048618151765,-0.03277687466039386,4.594190173901292e-08,0.0,0.0
1.12,-2.5391877514169474,-2.268084816445101,3.141592678938059,-2.074456195426713,-0.024484088890399665,3.4318220342689116e-08,0.0,0.0
1.1400000000000001,-2.5798959997722477,-2.268619577050325,3.1415926796876086,-2.0707090612055863,0.01901721999169066,-2.6654788222292383e-08,0.0,0.0
1.16,-2.6218185604538204,-2.269084237143939,3.141592680338901,-2.040773953231411,0.06877395264243151,-9.639558727808482e-08,0.0,0.0
1.18,-2.663661372403685,-2.2694163426355694,3.1415926808044,-2.005432164236132,0.11577069904931817,-1.6226789725029604e-07,0.0,0.0
1.2,-2.703906614829749,-2.2670930429836704,3.1415926775479894,-1.8617808305098054,0.10747791526770231,-1.5064455142102357e-07,0.0,0.0
1.22,-2.7441518572558126,-2.264769743331772,3.1415926742915787,-1.7181294967834786,0.09918513148608647,-1.390212055917511e-07,0.0,0.0
1.24,-2.7824173976534974,-2.262560729015397,3.1415926711953532,-1.5744781453789818,0.09089234668415797,-1.273978392929948e-07,0.0,0.0
1.26,-2.8146135959707075,-2.2607020890412883,3.1415926685902194,-1.4308267397770047,0.08259955875416956,-1.1577441023918847e-07,0.0,0.0
1.28,-2.8468097942879176,-2.25884344906718,3.141592665985086,-1.2871753341750278,0.07430677082418115,-1.0415098118538214e-07,0.0,0.0
1.3,-2.875429281609339,-2.257191287447047,3.1415926636693587,-1.1435239179267067,0.06601398227969504,-9.252753978970281e-08,0.0,0.0
1.32,-2.899576431790373,-2.2557973073831694,3.141592661715507,-0.9998724883661447,0.05772119296683798,-8.090408296168436e-08,0.0,0.0
1.34,-2.923723581971407,-2.2544033273192916,3.1415926597616552,-0.8562210588055827,0.04942840365398092,-6.928062613366592e-08,0.0,0.0
1.36,-2.9426970123168945,-2.253308018620476,3.1415926582264317,-0.7125696215450382,0.041135613896687566,-5.7657160378642226e-08,0.0,0.0
1.3800000000000001,-2.9587951130193093,-2.252378698544314,3.141592656923863,-0.5689181800051766,0.03284282389239576,-4.6033689662375236e-08,0.0,0.0
1.4000000000000001,-2.974893213721724,-2.2514493784681524,3.1415926556212947,-0.42526673846531493,0.024550033888103954,-3.4410218946108245e-08,0.0,0.0
1.42,-2.984220585780748,-2.250910922766297,3.141592654866576,-0.2816152908793794,0.01625724353483195,-2.2786743405341216e-08,0.0,0.0
1.44,-2.992269636333322,-2.250446262716593,3.1415926542152914,-0.13796384215193624,0.007964453115671968,-1.1163266953702768e-08,0.0,0.0
1.46,-3.0,-2.25,3.141592653589793,0.003187289074769994,-0.004029318184296897,-0.0046059006673437675,0.0,0.0
1.48,-3.0,-2.25,3.141592653589793,0.08368840795939499,-0.1057975025468882,-0.12093678515712636,0.0,0.0
1.5,-3.0,-2.25,3.141592653589793,0.16418952684402,-0.20756568690947952,-0.23726766964690896,0.0,0.0
1.52,-2.998045415331383,-2.2524709536421876,3.1387681144223776,0.24802390987105913,-0.306086241033324,-0.3542699136562874,0.0,0.0
1.54,-2.9939131524859275,-2.25769489205345,3.1327966472127717,0.33557201105885104,-0.4009884850317942,-0.47202014520394475,0.0,0.0
1.56,-2.989780889640472,-2.262918830464712,3.1268251800031663,0.4231201122466429,-0.49589072903026443,-0.589770376751602,0.0,0.0
1.58,-2.9815751842077267,-2.2725583854009237,3.1153750239203366,0.52174320987004,-0.5741095416556418,-0.719632875061407,0.0,0.0
1.6,-2.9729489246235805,-2.2826538215287244,3.1033592319409657,0.6215097225847109,-0.6506059079292623,-0.8507458792910922,0.0,0.0
1.62,-2.962582323829483,-2.294083671128691,3.0890562861039275,0.720854212814103,-0.7142134198250327,-1.008012784209907,0.0,0.0
1.6400000000000001,-2.948834875131154,-2.3081057991651823,3.070310234925168,0.8193788673545304,-0.7527825909275433,-1.2160871743659574,0.0,0.0
1.6600000000000001,-2.935087426432825,-2.3221279272016737,3.0515641837464083,0.9179035218949576,-0.7913517620300538,-1.4241615645220078,0.0,0.0
1.68,-2.9174293394774415,-2.33768094186507,3.0245592487963417,1.0070225486200943,-0.8142260596561626,-1.6772858384447211,0.0,0.0
1.7,-2.8986244484111094,-2.353682892728066,2.995132376239621,1.0933833522789167,-0.8324977977407236,-1.9436210995530083,0.0,0.0
1.72,-2.8789034361972914,-2.369878671403581,2.9628802015239915,1.178605056902786,-0.8478766699796365,-2.2135982041949425,0.0,0.0
1.74,-2.85566549444536,-2.3868185424527164,2.91978187546251,1.2594538343719255,-0.8521500182708905,-2.4975561094458616,0.0,0.0
1.76,-2.832427552693428,-2.4037584135018513,2.8766835494010286,1.340302611841065,-0.8564233665621446,-2.7815140146967803,0.0,0.0
1.78,-2.806533251522704,-2.42083868925887,2.82425553055054,1.4130160900360835,-0.8015051887446403,-3.004295982120215,0.0,0.0
1.8,-2.7791452010037743,-2.4379979187295318,2.7665811499223705,1.4811548491994064,-0.713301867765134,-3.192676913069001,0.0,0.0
1.82,-2.751500131696464,-2.4548244460646154,2.70819619811238,1.5480191016451763,-0.6224927452032336,-3.3751078089064896,0.0,0.0
1.84,-2.720614399819471,-2.4674560452218186,2.6408518957174385,1.598813531956903,-0.4988279559202669,-3.482516733801816,0.0,0.0
1.86,-2.689728667942478,-2.480087644379022,2.5735075933224967,1.64960796226863,-0.37516316663730026,-3.589925658697142,0.0,0.0
1.8800000000000001,-2.6575212738565352,-2.4895015073086513,2.503368529453377,1.684553934698126,-0.2427299605285801,-3.6634680410601215,0.0,0.0
1.9000000000000001,-2.6240281752740677,-2.4957851771311397,2.430510739596834,1.7040826292299878,-0.10176689492630595,-3.7040652686621014,0.0,0.0
1.92,-2.5905350766916,-2.5020688469536276,2.357652949740292,1.7236113237618493,0.03919617067596659,-3.7446624962640813,0.0,0.0
1.94,-2.556099373724995,-2.5015485594802835,2.2828356267127523,1.7243527650761126,0.18282350236240602,-3.7563665302679907,0.0,0.0
1.96,-2.5216038331895163,-2.500596349272277,2.207893910352174,1.723901570776463,0.32661996460668224,-3.7662363923849504,0.0,0.0
1.98,-2.4871169482526643,-2.4968855836878356,2.132762853024631,1.7152306758543225,0.4694558879780403,-3.7610157431993017,0.0,0.0
2.0,-2.452644568307577,-2.488552050257582,2.057314499426201,1.6927852640004364,0.6106821470104796,-3.730506520500683,0.0,0.0
2.02,-2.4181721883624894,-2.480218516827328,1.9818661458277713,1.6703398521465505,0.7519084060429189,-3.6999972978020645,0.0,0.0
2.04,-2.3836998084174024,-2.471884983397074,1.9064177922293413,1.6478944402926645,0.8931346650753582,-3.669488075103446,0.0,0.0
2.06,-2.3503841082981265,-2.4562736345379435,1.832541670970706,1.5997337366208957,1.0129497774489233,-3.557986940599716,0.0,0.0
2.08,-2.3175601297557997,-2.437568379483192,1.7593339287640795,1.5406410848315844,1.123662697007817,-3.412054955220775,0.0,0.0
2.1,-2.2847361512134725,-2.4188631244284413,1.6861261865574528,1.481548433042273,1.2343756165667106,-3.2661229698418337,0.0,0.0
2.12,-2.252040955311382,-2.3999165889156746,1.6132364789253961,1.4226340622369542,1.3453378792198774,-3.120952899633374,0.0,0.0
2.14,-2.2235567683815436,-2.37308052596608,1.550746049057355,1.3695492257679145,1.4644533060357454,-3.0006963706685594,0.0,0.0
2.16,-2.195072581451705,-2.3462444630164847,1.488255619189314,1.3164643892988748,1.5835687328516133,-2.8804398417037453,0.0,0.0
2.18,-2.166588394521867,-2.31940840006689,1.4257651893212728,1.263379552829835,1.7026841596674813,-2.7601833127389312,0.0,0.0
2.2,-2.139498539817056,-2.2894436380545384,1.3664334308320796,1.2028801174917865,1.8178972011248098,-2.643339409265627,0.0,0.0
2.22,-2.1149129277706065,-2.2538596832002686,1.3127746959370308,1.1290639456908438,1.9261014969555155,-2.532624634976496,0.0,0.0
2.24,-2.090327315724157,-2.218275728345999,1.259115961041982,1.0552477738899013,2.0343057927862214,-2.4219098606873657,0.0,0.0
2.2600000000000002,-2.0657417036777073,-2.182691773491729,1.2054572261469332,0.9814316020889586,2.142510088616927,-2.3111950863982353,0.0,0.0
2.2800000000000002,-2.044872949093572,-2.1416594198028873,1.1573732999281559,0.9186443915765335,2.1053842828851677,-2.1573162116653464,0.0,0.0
2.3000000000000003,-2.0257084307626303,-2.09812889153784,1.1118455091401955,0.8609141292665972,2.001622392699202,-1.9836459336950216,0.0,0.0
2.32,-2.006543912431689,-2.054598363272793,1.066317718352236,0.8031838669566622,1.8978605025132385,-1.8099756557247009,0.0,0.0
2.34,-1.9874370784159963,-2.0111715143146607,1.0209634596194395,0.7455057003059835,1.79391909573863,-1.6368715411050214,0.0,0.0
2.36,-1.9725122971855775,-1.9752613071401353,0.9881900941762977,0.691604414701034,1.676962923229201,-1.5048136798260294,0.0,0.0
2.38,-1.9575875159551586,-1.9393510999656098,0.9554167287331559,0.6377031290960845,1.560006750719772,-1.3727558185470372,0.0,0.0
2.4,-1.9426627347247396,-1.9034408927910846,0.9226433632900141,0.583801843491135,1.4430505782103429,-1.2406979572680452,0.0,0.0
2.42,-1.9290901201311668,-1.8704646459602798,0.8931827988710153,0.5307640071448853,1.324429472412398,-1.115007656604646,0.0,0.0
2.44,-1.9181238741853839,-1.8431437540578943,0.8701078236911006,0.47939051231950147,1.2025991246426408,-1.0015911466850373,0.0,0.0
2.46,-1.907157628239601,-1.815822862155509,0.847032848511186,0.4280170174941177,1.0807687768728838,-0.8881746367654287,0.0,0.0
2.48,-1.8961913822938181,-1.7885019702531235,0.8239578733312714,0.3766435226687339,0.9589384291031267,-0.7747581268458201,0.0,0.0
2.5,-1.887751312790761,-1.767171812592026,0.8064599007778847,0.32644218838570993,0.8354083193284068,-0.6681901388712005,0.0,0.0
2.52,-1.8805579600084519,-1.748798197641821,0.791714286416329,0.27681933790248897,0.711039344272134,-0.5650020283575605,0.0,0.0
2.54,-1.8733646072261425,-1.730424582691616,0.7769686720547734,0.227196487419268,0.5866703692158612,-0.4618139178439205,0.0,0.0
2.56,-1.8661712544438334,-1.712050967741411,0.7622230576932176,0.17757363693604708,0.46230139415958854,-0.35862580733028054,0.0,0.0
2.58,-1.8626132486309983,-1.702788566116614,0.755036956362224,0.1292452025610409,0.33649011427016556,-0.26101689130247885,0.0,0.0
2.6,-1.8590642208839347,-1.6935486660778223,0.747869524447316,0.08091996495186006,0.2106752723802614,-0.16342175398011197,0.0,0.0
2.62,-1.8555151931368712,-1.6843087660390308,0.7407020925324079,0.03259472734267921,0.08486043049035724,-0.06582661665774509,1.0,0.0
2.64,-1.8531214213217655,-1.6780765768696013,0.7358677554329609,-1.3278948254997413e-15,-2.813537801648807e-16,5.61940469528507e-16,1.0,0.0
2.66,-1.8531214213217655,-1.6780765768696013,0.7358677554329609,-9.882591466969228e-16,-2.5311305814482627e-16,4.488806626174792e-16,1.0,0.0
2.68,-1.8531214213217655,-1.6780765768696013,0.7358677554329609,-6.486234678941044e-16,-2.248723361247718e-16,3.3582085570645146e-16,1.0,0.0
2.7,-1.8531214213217655,-1.6780765768696013,0.7358677554329609,-3.08987789091286e-16,-1.9663161410471738e-16,2.2276104879542365e-16,1.0,0.0
2.72,-1.8531214213217655,-1.6780765768696013,0.7358677554329609,-1.6152225372972815e-16,-2.0972365757972765e-16,1.4021532582224054e-16,1.0,0.0
2.74,-1.8531214213217655,-1.6780765768696013,0.7358677554329609,-1.159539046716029e-16,-2.447321779364553e-16,7.384953194841583e-17,1.0,0.0
2.7600000000000002,-1.8531214213217655,-1.6780765768696013,0.7358677554329609,-7.038555561347766e-17,-2.7974069829318293e-16,7.48373807459109e-18,1.0,0.0
2.7800000000000002,-1.8531214213217655,-1.6780765768696013,0.7358677554329609,-2.481720655535239e-17,-3.147492186499106e-16,-5.88820557992336e-17,1.0,0.0
2.8000000000000003,-1.8531214213217655,-1.6780765768696013,0.7358677554329609,2.0751142502772854e-17,-3.497577390066382e-16,-1.2524784967305833e-16,1.0,0.0
2.82,-1.8531214213217655,-1.6780765768696013,0.7358677554329609,6.631949156089711e-17,-3.84766259363365e-16,-1.9161364354688159e-16,1.0,0.0
2.84,-1.8531214213217655,-1.6780765768696013,0.7358677554329609,1.1188784061902236e-16,-4.1977477972009267e-16,-2.579794374207063e-16,1.0,0.0
2.86,-1.8531214213217655,-1.6780765768696013,0.7358677554329609,1.509469597397162e-16,-4.448367632592981e-16,-3.0326344461748874e-16,1.0,0.0
2.88,-1.8531214213217655,-1.6780765768696013,0.7358677554329609,1.541072183334446e-16,-4.1504289727854333e-16,-2.3227991681349993e-16,1.0,0.0
2.9,-1.8531214213217655,-1.6780765768696013,0.7358677554329609,1.5726747692717297e-16,-3.8524903129778863e-16,-1.6129638900951107e-16,1.0,0.0
2.92,-1.8531214213217655,-1.6780765768696013,0.7358677554329609,1.6042773552090136e-16,-3.554551653170339e-16,-9.031286120552221e-17,1.0,0.0
2.94,-1.8531214213217655,-1.6780765768696013,0.7358677554329609,1.6358799411462973e-16,-3.2566129933627917e-16,-1.932933340153335e-17,1.0,0.0
2.96,-1.8531214213217655,-1.6780765768696013,0.7358677554329609,1.6674825270835813e-16,-2.9586743335552447e-16,5.165419440245546e-17,1.0,0.0
2.98,-1.8531214213217655,-1.6780765768696013,0.7358677554329609,1.699085113020865e-16,-2.6607356737476976e-16,1.2263772220644432e-16,1.0,0.0
3.0,-1.8531214213217655,-1.6780765768696013,0.7358677554329609,1.730687698958149e-16,-2.3627970139401506e-16,1.9362125001043318e-16,1.0,0.0
3.02,-1.8531214213217655,-1.6780765768696013,0.7358677554329609,1.8647892421453344e-16,-2.168732048814713e-16,1.7000664157045375e-16,1.0,0.0
3.04,-1.8531214213217655,-1.6780765768696013,0.7358677554329609,2.0532403068334666e-16,-2.0297455523291458e-16,9.623187952807303e-17,1.0,0.0
3.06,-1.8531214213217655,-1.6780765768696013,0.7358677554329609,2.241691371521599e-16,-1.8907590558435784e-16,2.2457117485692307e-17,1.0,0.0
3.08,-1.8531214213217655,-1.6780765768696013,0.7358677554329609,2.4301424362097313e-16,-1.7517725593580108e-16,-5.1317644556688416e-17,1.0,0.0
3.1,-1.8531214213217655,-1.6780765768696013,0.7358677554329609,2.618593500897863e-16,-1.6127860628724435e-16,-1.2509240659906916e-16,1.0,0.0
3.12,-1.8531214213217655,-1.6780765768696013,0.7358677554329609,2.8070445655859957e-16,-1.4737995663868762e-16,-1.9886716864144986e-16,1.0,0.0
3.14,-1.8531214213217655,-1.6780765768696013,0.7358677554329609,2.9954956302741276e-16,-1.3348130699013086e-16,-2.726419306838306e-16,1.0,0.0
3.16,-1.8531214213217655,-1.6780765768696013,0.7358677554329609,3.030657701764071e-16,-1.230185088447153e-16,-3.3197225879130213e-16,1.0,0.0
3.18,-1.8531214213217655,-1.6780765768696013,0.7358677554329609,2.2204202037141133e-16,-1.3150467318614351e-16,-3.116405186964493e-16,1.0,0.0
3.2,-1.8531214213217655,-1.6780765768696013,0.7358677554329609,1.4101827056641563e-16,-1.3999083752757175e-16,-2.913087786015964e-16,1.0,0.0
3.22,-1.8531214213217655,-1.6780765768696013,0.7358677554329609,5.999452076141992e-17,-1.4847700186899997e-16,-2.7097703850674356e-16,1.0,0.0
3.24,-1.8531214213217655,-1.6780765768696013,0.7358677554329609,-2.1029229043575828e-17,-1.569631662104282e-16,-2.5064529841189066e-16,1.0,0.0
3.2600000000000002,-1.8531214213217655,-1.6780765768696013,0.7358677554329609,-1.0205297884857153e-16,-1.6544933055185645e-16,-2.3031355831703777e-16,1.0,0.0
3.2800000000000002,-1.8531214213217655,-1.6780765768696013,0.7358677554329609,-1.8307672865356728e-16,-1.7393549489328467e-16,-2.099818182221849e-16,1.0,0.0
3.3000000000000003,-1.8531214213217655,-1.6780765768696013,0.7358677554329609,-2.6410047845856294e-16,-1.8242165923471288e-16,-1.8965007812733204e-16,1.0,0.0
3.3200000000000003,-1.8531214213217655,-1.6780765768696013,0.7358677554329609,-2.687735719586012e-16,-2.1575458652050064e-16,-1.8499479405806041e-16,1.0,0.0
3.34,-1.8531214213217655,-1.6780765768696013,0.7358677554329609,-2.3296214007619627e-16,-2.6226237639128885e-16,-1.8865186658909736e-16,1.0,0.0
3.36,-1.8531214213217655,-1.6780765768696013,0.7358677554329609,-1.9715070819379062e-16,-3.08770166262078e-16,-1.9230893912013438e-16,1.0,0.0
3.38,-1.8531214213217655,-1.6780765768696013,0.7358677554329609,-1.6133927631138495e-16,-3.552779561328672e-16,-1.959660116511714e-16,1.0,0.0
3.4,-1.8531214213217655,-1.6780765768696013,0.7358677554329609,-1.2552784442897927e-16,-4.0178574600365643e-16,-1.9962308418220842e-16,1.0,0.0
3.42,-1.8531214213217655,-1.6780765768696013,0.7358677554329609,-8.97164125465736e-17,-4.482935358744456e-16,-2.0328015671324545e-16,1.0,0.0
3.44,-1.8531214213217655,-1.6780765768696013,0.7358677554329609,-5.390498066416792e-17,-4.948013257452349e-16,-2.0693722924428247e-16,1.0,0.0
3.46,-1.8531214213217655,-1.6780765768696013,0.7358677554329609,-1.767739289600667e-17,-5.326360945187043e-16,-2.112531944169795e-16,1.0,0.0
3.48,-1.8531214213217655,-1.6780765768696013,0.7358677554329609,2.0845323826550088e-17,-5.226385424626884e-16,-2.192029988106843e-16,1.0,0.0
3.5,-1.8531214213217655,-1.6780765768696013,0.7358677554329609,5.936804054910685e-17,-5.126409904066724e-16,-2.2715280320438913e-16,1.0,0.0
3.52,-1.8531214213217655,-1.6780765768696013,0.7358677554329609,9.78907572716636e-17,-5.026434383506564e-16,-2.3510260759809395e-16,1.0,0.0
3.54,-1.8531214213217655,-1.6780765768696013,0.7358677554329609,1.3641347399422036e-16,-4.926458862946405e-16,-2.430524119917988e-16,1.0,0.0
3.56,-1.8531214213217655,-1.6780765768696013,0.7358677554329609,1.7493619071677712e-16,-4.826483342386246e-16,-2.510022163855036e-16,1.0,0.0
3.58,-1.8531214213217655,-1.6780765768696013,0.7358677554329609,2.1345890743933388e-16,-4.726507821826086e-16,-2.5895202077920843e-16,1.0,0.0
3.6,-1.8531214213217655,-1.6780765768696013,0.7358677554329609,2.519816241618906e-16,-4.626532301265927e-16,-2.6690182517291326e-16,1.0,0.0
3.62,-1.8531214213217655,-1.6780765768696013,0.7358677554329609,2.583431098110764e-16,-4.3845402712316417e-16,-2.609835934850756e-16,1.0,0.0
3.64,-1.8531214213217655,-1.6780765768696013,0.7358677554329609,2.47651275440065e-16,-4.067244749901002e-16,-2.477119101581929e-16,1.0,0.0
3.66,-1.8531214213217655,-1.6780765768696013,0.7358677554329609,2.3695944106905356e-16,-3.7499492285703623e-16,-2.344402268313102e-16,1.0,0.0
3.68,-1.8531214213217655,-1.6780765768696013,0.7358677554329609,2.2626760669804214e-16,-3.4326537072397226e-16,-2.211685435044275e-16,1.0,0.0
3.7,-1.8531214213217655,-1.6780765768696013,0.7358677554329609,2.155757723270307e-16,-3.1153581859090834e-16,-2.078968601775448e-16,1.0,0.0
3.72,-1.8531214213217655,-1.6780765768696013,0.7358677554329609,2.0488393795601926e-16,-2.7980626645784432e-16,-1.9462517685066206e-16,1.0,0.0
3.74,-1.8531214213217655,-1.6780765768696013,0.7358677554329609,1.9419210358500784e-16,-2.480767143247804e-16,-1.8135349352377938e-16,1.0,0.0
3.7600000000000002,-1.8531214213217655,-1.6780765768696013,0.7358677554329609,1.8438470432855973e-16,-2.2208810048605583e-16,-1.7316684580773326e-16,1.0,0.0
3.7800000000000002,-1.8531214213217655,-1.6780765768696013,0.7358677554329609,1.7945502688068882e-16,-2.2776116477260785e-16,-1.9302452682530652e-16,1.0,0.0
3.8000000000000003,-1.8531214213217655,-1.6780765768696013,0.7358677554329609,1.7452534943281793e-16,-2.334342290591598e-16,-2.128822078428798e-16,1.0,0.0
3.8200000000000003,-1.8531214213217655,-1.6780765768696013,0.7358677554329609,1.6959567198494702e-16,-2.3910729334571184e-16,-2.327398888604531e-16,1.0,0.0
3.84,-1.8531214213217655,-1.6780765768696013,0.7358677554329609,1.6466599453707626e-16,-2.447803576322637e-16,-2.525975698780259e-16,1.0,0.0
3.86,-1.8531214213217655,-1.6780765768696013,0.7358677554329609,1.5973631708920535e-16,-2.5045342191881573e-16,-2.7245525089559917e-16,1.0,0.0
3.88,-1.8531214213217655,-1.6780765768696013,0.7358677554329609,1.5480663964133446e-16,-2.5612648620536775e-16,-2.9231293191317246e-16,1.0,0.0
3.9,-1.8531214213217655,-1.6780765768696013,0.7358677554329609,1.4987696219346355e-16,-2.6179955049191977e-16,-3.1217061293074575e-16,1.0,0.0
3.92,-1.8531214213217655,-1.6780765768696013,0.7358677554329609,1.6037428087958368e-16,-1.9013744770593582e-16,-2.678579530930175e-16,1.0,0.0
3.94,-1.8531214213217655,-1.6780765768696013,0.7358677554329609,1.7905168139849001e-16,-7.746878799136871e-17,-1.895193147125469e-16,1.0,0.0
3.96,-1.8531214213217655,-1.6780765768696013,0.7358677554329609,1.9772908191739632e-16,3.5199871723198395e-17,-1.1118067633207628e-16,1.0,0.0
3.98,-1.8531214213217655,-1.6780765768696013,0.7358677554329609,2.1640648243630265e-16,1.478685314377655e-16,-3.2842037951605647e-17,1.0,0.0
4.0,-1.8531214213217655,-1.6780765768696013,0.7358677554329609,2.35083882955209e-16,2.605371911523326e-16,4.549660042886494e-17,1.0,0.0
4.0200000000000005,-1.8531214213217655,-1.6780765768696013,0.7358677554329609,2.537612834741157e-16,3.732058508669022e-16,1.238352388093373e-16,1.0,0.0
4.04,-1.8531214213217655,-1.6780765768696013,0.7358677554329609,2.724386839930216e-16,4.858745105814668e-16,2.0217387718980622e-16,1.0,0.0
4.0600000000000005,-1.8531214213217655,-1.6780765768696013,0.7358677554329609,-0.018080921917472886,-0.005117071012443335,-0.022879639934068503,1.0,0.0
4.08,-1.8531214213217655,-1.6780765768696013,0.7358677554329609,-0.13587939880738792,-0.038455148249583924,-0.17194210192160592,1.0,0.0
4.1,-1.8531214213217655,-1.6780765768696013,0.7358677554329609,-0.253677875697303,-0.07179322548672451,-0.32100456390914334,1.0,0.0
4.12,-1.8531214213217655,-1.6780765768696013,0.7358677554329609,-0.3714763525872232,-0.10513130272386659,-0.47006702589668736,0.0,0.0
4.14,-1.8531214213217655,-1.6780765768696013,0.7358677554329609,-0.48927482947713824,-0.13846937996100717,-0.6191294878842248,0.0,0.0
4.16,-1.8531214213217655,-1.6780765768696013,0.7358677554329609,-0.6070733063670585,-0.17180745719814924,-0.7681919498717689,0.0,0.0
4.18,-1.8531214213217655,-1.6780765768696013,0.7358677554329609,-0.7248717832569735,-0.20514553443528985,-0.9172544118593063,0.0,0.0
4.2,-1.8531214213217655,-1.6780765768696013,0.7358677554329609,-0.8426702601468937,-0.2384836116724319,-1.0663168738468503,0.0,0.0
4.22,-1.8646684453761293,-1.6813444933142532,0.7212561247937862,-0.9604687357993069,-0.27182168496286446,-1.2153793301272764,0.0,0.0
4.24,-1.8823382169096174,-1.6863452048998244,0.6988967554956546,-1.0782672107955467,-0.3051597561605778,-1.364441783381544,0.0,0.0
4.26,-1.9000079884431047,-1.6913459164853957,0.6765373861975239,-1.1960656857917813,-0.3384978273582896,-1.513504236635805,0.0,0.0
4.28,-1.9176777599765928,-1.696346628070967,0.6541780168993923,-1.313864160788021,-0.37183589855600285,-1.6625666898900726,1.0,0.0
4.3,-1.93534753151008,-1.701347339656538,0.6318186476012616,-1.4316626357842557,-0.40517396975371467,-1.8116291431443337,1.0,0.0
4.32,-1.9530173030435682,-1.7063480512421092,0.6094592783031298,-1.5494611107804954,-0.43851204095142793,-1.9606915963986011,0.0,0.0
4.34,-1.9706870745770555,-1.7113487628276804,0.5870999090049992,-1.6672595857767298,-0.47185011214913974,-2.109754049652862,0.0,0.0
4.36,-1.9883568461105436,-1.7163494744132517,0.5647405397068676,-1.7850580607729696,-0.505188183346853,-2.2588165029071297,0.0,0.0
4.38,-2.006026617644031,-1.7213501859988227,0.5423811704087369,-1.9028565357692044,-0.5385262545445648,-2.4078789561613907,0.0,0.0
4.4,-2.023696389177519,-1.726350897584394,0.5200218011106053,-2.020655010765444,-0.5718643257422782,-2.556941409415658,0.0,0.0
4.42,-2.0579889192183285,-1.7360560054419643,0.4766279560857406,-2.043683496986739,-0.539564025224624,-2.697249754559894,0.0,0.0
4.44,-2.0990863442670404,-1.7476869622909892,0.42462318172543234,-2.0279157856196908,-0.4803932009117821,-2.8339744113199066,0.0,0.0
4.46,-2.14018376931575,-1.7593179191400137,0.3726184073651264,-2.012148074252643,-0.4212223765989429,-2.970699068079913,0.0,0.0
4.48,-2.181281194364462,-1.7709488759890388,0.3206136330048181,-1.9963803628855945,-0.362051552286101,-3.107423724839926,0.0,0.0
4.5,-2.2223786194131723,-1.7825798328380633,0.2686088586445121,-1.9806126515185467,-0.30288072797326177,-3.2441483815999326,0.0,0.0
4.5200000000000005,-2.2634760444618838,-1.7942107896870882,0.21660408428420386,-1.9648449401514985,-0.2437099036604199,-3.3808730383599452,0.0,0.0
4.54,-2.304573469510594,-1.8058417465361127,0.16459930992389787,-1.9490772287844507,-0.18453907934758063,-3.517597695119952,0.0,0.0
4.5600000000000005,-2.345670894559306,-1.8174727033851377,0.11259453556358962,-1.9333095174174022,-0.12536825503473875,-3.654322351879965,0.0,0.0
4.58,-2.3867683196080156,-1.8291036602341622,0.06058976120328363,-1.9175418060503544,-0.06619743072189954,-3.7910470086399712,0.0,0.0
4.6000000000000005,-2.4278657446567276,-1.8407346170831873,0.008584986842975373,-1.9017740946833062,-0.007026606409057612,-3.927771665399984,0.0,0.0
4.62,-2.4665624077933392,-1.8433563361290257,-0.06423722517541318,-1.9468010034678787,-0.031224084497060805,-3.767079240647053,0.0,0.0
4.64,-2.5045239647533744,-1.8432194532818604,-0.14343367485803188,-2.0104430446197417,-0.08094868950118858,-3.515318587704705,0.0,0.0
4.66,-2.5424855217134112,-1.8430825704346951,-0.2226301245406541,-2.0740850857716078,-0.13067329450531856,-3.2635579347623467,0.0,0.0
4.68,-2.580447078673447,-1.8429456875875296,-0.3018265742232728,-2.137727126923471,-0.18039789950944635,-3.0117972818199994,0.0,0.0
4.7,-2.6184086356334837,-1.8428088047403643,-0.38102302390589504,-2.2013691680753373,-0.23012250451357633,-2.760036628877641,0.0,0.0
4.72,-2.6563701925935193,-1.842671921893199,-0.4602194735885138,-2.2650112092272003,-0.2798471095177041,-2.5082759759352933,0.0,0.0
4.74,-2.694331749553556,-1.8425350390460338,-0.539415923271136,-2.3286532503790665,-0.32957171452183404,-2.256515322992935,0.0,0.0
4.76,-2.7322933065135913,-1.8423981561988685,-0.6186123729537546,-2.39229529153093,-0.3792963195259618,-2.0047546700505876,0.0,0.0
4.78,-2.7702548634736286,-1.842261273351703,-0.6978088226363769,-2.4559373326827956,-0.42902092453009183,-1.7529940171082288,0.0,0.0
4.8,-2.8082164204336637,-1.8421243905045377,-0.7770052723189955,-2.519579373834659,-0.47874552953421956,-1.5012333641658815,0.0,0.0
4.82,-2.8565773660777536,-1.8501127262273582,-0.8150629269863714,-2.5594244727290656,-0.49584637897680023,-1.3790591808726096,0.0,0.0
4.84,-2.9071959942702903,-1.859865027575958,-0.8441894471042137,-2.5941033120602026,-0.5058646886822962,-1.2850179119198313,0.0,0.0
4.86,-2.9578146224628292,-1.8696173289245586,-0.8733159672220573,-2.628782151391342,-0.5158829983877925,-1.1909766429670487,0.0,0.0
4.88,-3.0084332506553664,-1.8793696302731584,-0.9024424873398995,-2.663460990722479,-0.5259013080932884,-1.0969353740142704,0.0,0.0
4.9,-3.0590518788479053,-1.889121931621759,-0.9315690074577431,-2.6981398300536177,-0.5359196177987848,-1.0028941050614877,0.0,0.0
4.92,-3.109670507040442,-1.8988742329703587,-0.9606955275755854,-2.732818669384755,-0.5459379275042807,-0.9088528361087094,0.0,0.0
4.94,-3.1602891352329814,-1.9086265343189592,-0.989822047693429,-2.767497508715894,-0.555956237209777,-0.8148115671559268,0.0,0.0
4.96,-3.210907763425518,-1.918378835667559,-1.0189485678112713,-2.8021763480470314,-0.5659745469152729,-0.7207702982031484,0.0,0.0
4.98,-3.261526391618057,-1.9281311370161596,-1.0480750879291147,-2.83685518737817,-0.5759928566207694,-0.6267290292503658,0.0,0.0
5.0,-3.312145019810594,-1.9378834383647594,-1.077201608046957,-2.8715340267093077,-0.5860111663262653,-0.5326877602975875,0.0,0.0
5.0200000000000005,-3.3688168624372112,-1.9493844423252122,-1.0899131622200529,-2.8776591770554734,-0.5883445722527681,-0.5173937124144944,0.0,0.0
5.04,-3.42633238663953,-1.9611291759917693,-1.1003368403424618,-2.879804587120279,-0.5896068759079068,-0.5130752511850603,0.0,0.0
5.0600000000000005,-3.4838479108418516,-1.9728739096583268,-1.1107605184648714,-2.881949997185085,-0.5908691795630454,-0.5087567899556259,0.0,0.0
5.08,-3.54136343504417,-1.9846186433248836,-1.1211841965872804,-2.884095407249891,-0.592131483218184,-0.5044383287261919,0.0,0.0
5.1000000000000005,-3.5988789592464916,-1.996363376991441,-1.13160787470969,-2.8862408173146967,-0.5933937868733227,-0.5001198674967575,0.0,0.0
5.12,-3.6563944834488105,-2.0081081106579983,-1.142031552832099,-2.8883862273795025,-0.5946560905284612,-0.49580140626732344,0.0,0.0
5.14,-3.7139100076511293,-2.019852844324555,-1.1524552309545082,-2.890531637444308,-0.5959183941835998,-0.4914829450378893,0.0,0.0
5.16,-3.771425531853451,-2.0315975779911124,-1.1628789090769176,-2.892677047509114,-0.5971806978387385,-0.487164483808455,0.0,0.0
5.18,-3.8289410560557693,-2.0433423116576694,-1.1733025871993268,-2.89482245757392,-0.5984430014938771,-0.48284602257902093,0.0,0.0
5.2,-3.886456580258091,-2.055087045324227,-1.1837262653217362,-2.896967867638726,-0.5997053051490158,-0.4785275613495866,0.0,0.0
5.22,-3.944370500548166,-2.0670661849190575,-1.19334801840093,-2.898690969687941,-0.6007208657481398,-0.47545868344343695,0.0,0.0
5.24,-4.0023127019519364,-2.0790619643879014,-1.2029128448836612,-2.9003840931772022,-0.6017189106922801,-0.4724785102437844,0.0,0.0
5.26,-4.0602549033557045,-2.0910577438567453,-1.2124776713663923,-2.9020772166664632,-0.6027169556364204,-0.469498337044132,0.0,0.0
5.28,-4.118197104759475,-2.1030535233255896,-1.2220424978491236,-2.9037703401557247,-0.6037150005805607,-0.46651816384447947,0.0,0.0
5.3,-4.176139306163243,-2.1150493027944335,-1.2316073243318544,-2.905463463644986,-0.6047130455247011,-0.46353799064482704,0.0,0.0
5.32,-4.234081507567014,-2.1270450822632774,-1.2411721508145859,-2.907156587134247,-0.6057110904688414,-0.46055781744517454,0.0,0.0
5.34,-4.292023708970782,-2.1390408617321213,-1.2507369772973167,-2.9088497106235085,-0.6067091354129818,-0.4575776442455221,0.0,0.0
5.36,-4.349965910374553,-2.1510366412009656,-1.260301803780048,-2.91054283411277,-0.6077071803571221,-0.45459747104586956,0.0,0.0
5.38,-4.407908111778321,-2.1630324206698095,-1.269866630262779,-2.912235957602031,-0.6087052253012625,-0.4516172978462172,0.0,0.0
5.4,-4.4658503131820915,-2.1750282001386534,-1.2794314567455103,-2.9139290810912923,-0.6097032702454028,-0.44863712464656463,0.0,0.0
5.42,-4.524125794464272,-2.187220437987375,-1.2884096563413485,-2.913003362949896,-0.6082450177337163,-0.4564629376761977,0.0,0.0
5.44,-4.582404722726911,-2.1994147077265285,-1.2973817886899746,-2.912050559177175,-0.6067613607200795,-0.46440051269849425,0.0,0.0
5.46,-4.640683650989546,-2.2116089774656804,-1.3063539210386004,-2.9110977554044544,-0.6052777037064426,-0.4723380877207904,0.0,0.0
5.48,-4.698962579252185,-2.2238032472048332,-1.3153260533872264,-2.9101449516317333,-0.6037940466928058,-0.4802756627430869,0.0,0.0
5.5,-4.75724150751482,-2.2359975169439856,-1.3242981857358522,-2.909192147859012,-0.602310389679169,-0.48821323776538306,0.0,0.0
5.5200000000000005,-4.815520435777459,-2.2481917866831385,-1.3332703180844783,-2.908239344086291,-0.6008267326655321,-0.4961508127876796,0.0,0.0
5.54,-4.873799364040094,-2.260386056422291,-1.3422424504331039,-2.90728654031357,-0.5993430756518954,-0.5040883878099757,0.0,0.0
5.5600000000000005,-4.932078292302733,-2.2725803261614437,-1.3512145827817301,-2.906333736540849,-0.5978594186382585,-0.5120259628322722,0.0,0.0
5.58,-4.990357220565368,-2.284774595900596,-1.3601867151303557,-2.9053809327681277,-0.5963757616246217,-0.5199635378545684,0.0,0.0
5.6000000000000005,-5.0486274683978625,-2.296955348920532,-1.3692311620178892,-2.9024443755853118,-0.5933254569691306,-0.5352877234411977,0.0,0.0
5.62,-5.106716903913194,-2.3088545503028826,-1.3797819120640649,-2.8581864731690634,-0.5576420701277266,-0.7044741197645696,0.0,0.0
5.64,-5.164806339428526,-2.3207537516852326,-1.3903326621102403,-2.8139285707528146,-0.5219586832863227,-0.8736605160879416,0.0,0.0
5.66,-5.22289577494386,-2.3326529530675835,-1.4008834121564164,-2.769670668336564,-0.48627529644491707,-1.042846912411321,0.0,0.0
5.68,-5.280985210459191,-2.344552154449934,-1.4114341622025919,-2.725412765920315,-0.45059190960351314,-1.2120333087346928,0.0,0.0
5.7,-5.339074645974525,-2.356451355832285,-1.421984912248768,-2.6811548635040645,-0.41490852276210755,-1.3812197050580721,0.0,0.0
5.72,-5.397164081489857,-2.3683505572146353,-1.4325356622949434,-2.6368969610878157,-0.3792251359207036,-1.5504061013814443,0.0,0.0
5.74,-5.455253517005191,-2.380249758596986,-1.4430864123411196,-2.592639058671565,-0.343541749079298,-1.7195924977048236,0.0,0.0
5.76,-5.513342952520522,-2.392148959979336,-1.453637162387295,-2.5483811562553162,-0.30785836223789403,-1.8887788940281953,0.0,0.0
5.78,-5.571432388035856,-2.404048161361687,-1.464187912433471,-2.5041232538390656,-0.2721749753964885,-2.057965290351575,0.0,0.0
5.8,-5.628625305179274,-2.415224535630034,-1.4781658179547315,-2.45387540036861,-0.23959831895404118,-2.2101004638685158,0.0,0.0
5.82,-5.677912769335034,-2.4200270575078595,-1.5223642045486638,-2.350808465950147,-0.23441665170951886,-2.211878829871527,0.0,0.0
5.84,-5.72720023349079,-2.424829579385685,-1.5665625911425944,-2.247741531531689,-0.22923498446499674,-2.2136571958745384,0.0,0.0
5.86,-5.77648769764655,-2.4296321012635107,-1.6107609777365268,-2.144674597113226,-0.2240533172204744,-2.21543556187755,0.0,0.0
5.88,-5.825775161802307,-2.4344346231413363,-1.6549593643304574,-2.041607662694768,-0.2188716499759523,-2.2172139278805614,0.0,0.0
5.9,-5.875062625958066,-2.439237145019162,-1.69915775092439,-1.9385407282763052,-0.21368998273142994,-2.2189922938835727,0.0,0.0
5.92,-5.924350090113823,-2.4440396668969875,-1.7433561375183204,-1.8354737938578471,-0.20850831548690785,-2.220770659886584,0.0,0.0
5.94,-5.973637554269581,-2.448842188774813,-1.787554524112253,-1.7324068594393844,-0.2033266482423855,-2.2225490258895952,0.0,0.0
5.96,-6.0229250184253385,-2.4536447106526387,-1.8317529107061836,-1.6293399250209264,-0.1981449809978634,-2.224327391892607,0.0,0.0
5.98,-6.072212482581098,-2.4584472325304643,-1.875951297300116,-1.5262729906024637,-0.19296331375334105,-2.2261057578956183,0.0,0.0
6.0,-6.1182633396819455,-2.46308703470721,-1.9202055298545773,-1.4235495150032311,-0.189485332310996,-2.1922312729772666,0.0,0.0
6.0200000000000005,-6.14705294570746,-2.46685903131856,-1.9647575962609447,-1.3226577504557584,-0.19509333130617654,-1.9682154453303593,0.0,0.0
6.04,-6.175842551732974,-2.470631027929911,-2.0093096626673104,-1.22176598590829,-0.2007013303013568,-1.7441996176834622,0.0,0.0
6.0600000000000005,-6.204632157758489,-2.474403024541261,-2.053861729073678,-1.1208742213608174,-0.20630932929653734,-1.520183790036555,0.0,0.0
6.08,-6.233421763784003,-2.478175021152612,-2.0984137954800435,-1.019982456813349,-0.2119173282917176,-1.2961679623896576,0.0,0.0
6.1000000000000005,-6.262211369809518,-2.481947017763962,-2.142965861886411,-0.9190906922658763,-0.21752532728689813,-1.0721521347427505,0.0,0.0
6.12,-6.291000975835031,-2.485719014375313,-2.1875179282927766,-0.818198927718408,-0.2231333262820784,-0.8481363070958532,0.0,0.0
6.140000000000001,-6.319790581860547,-2.4894910109866633,-2.232069994699144,-0.7173071631709351,-0.22874132527725893,-0.6241204794489459,0.0,0.0
6.16,-6.34858018788606,-2.493263007598014,-2.2766220611055092,-0.6164153986234668,-0.2343493242724392,-0.40010465180204857,0.0,0.0
6.18,-6.377369793911574,-2.4970350042093643,-2.321174127511875,-0.5155236340759985,-0.23995732326761948,-0.17608882415515126,0.0,0.0
6.2,-6.401866532038981,-2.5010456169155666,-2.356194490716433,-0.46009089424379923,-0.2638011685903926,-1.2021797258782957e-07,0.0,0.0
6.22,-6.410590875738874,-2.5059329272640176,-2.35619449316607,-0.5716788233717394,-0.354645203023369,-1.096364381870973e-07,0.0,0.0
6.24,-6.419315219438768,-2.5108202376124686,-2.356194495615707,-0.6832667524996845,-0.4454892374563494,-9.905490378636457e-08,0.0,0.0
6.26,-6.4326839477553435,-2.519488554018969,-2.3561944976249314,-0.7948546711844331,-0.5363332635033947,-8.847336924157126e-08,0.0,0.0
6.28,-6.446574837352236,-2.5285819633338087,-2.3561944995846407,-0.906442588695074,-0.6271772886076263,-7.78918346805809e-08,0.0,0.0
6.3,-6.463482591931959,-2.5401314105813437,-2.3561945012582703,-1.0180304926662667,-0.718021302783208,-6.73102999668133e-08,0.0,0.0
6.32,-6.482540026887966,-2.5534309184306485,-2.3561945027280524,-1.1296183869898744,-0.808865309171539,-5.672876514418281e-08,0.0,0.0
6.34,-6.502986807387783,-2.5678614962425392,-2.356194504066087,-1.2412062626444182,-0.8997093004160118,-4.61472302499475e-08,0.0,0.0
6.36,-6.52721078662934,-2.58536710175976,-2.356194505045942,-1.3527940875435989,-0.9905532504890554,-3.556569516103925e-08,0.0,0.0
6.38,-6.551434765870895,-2.60287270727698,-2.3561945060257963,-1.4643819124427744,-1.0813972005620949,-2.498416007213146e-08,0.0,0.0
6.4,-6.580587113063484,-2.62439051047338,-2.356194506538309,-1.3962264539780924,-1.0715503667576987,3.6066040243614636e-08,0.0,0.0
6.42,-6.609977633376222,-2.646102211051104,-2.356194507028236,-1.3193845461552787,-1.0568374518479982,9.955523853725821e-08,0.0,0.0
6.44,-6.637095113388159,-2.667378692755696,-2.356194505640106,-1.2203438275994825,-0.9934851990621368,1.1572140518406556e-07,0.0,0.0
6.46,-6.662927836305765,-2.688409182106062,-2.356194503190469,-1.108756002173313,-0.9026412496364233,1.0513987157587304e-07,0.0,0.0
6.48,-6.687087226863601,-2.7080774070724507,-2.3561945008995098,-0.9971681542942908,-0.8117972819317822,9.455833798665338e-08,0.0,0.0
6.5,-6.707753408685624,-2.7249018013922837,-2.3561944989398,-0.8855802595432448,-0.7209532760684999,8.397680443704247e-08,0.0,0.0
6.5200000000000005,-6.7283737759266815,-2.7416888979382734,-2.356194496984435,-0.7739923645872794,-0.6301092700383922,7.339527088718115e-08,0.0,0.0
6.54,-6.743873413443365,-2.754307194614501,-2.356194495514653,-0.6624044467278936,-0.5392652453625482,6.281373730938548e-08,0.0,0.0
6.5600000000000005,-6.759373050960049,-2.766925491290729,-2.356194494044871,-0.5508165288685026,-0.4484212206867001,5.2232203731589334e-08,0.0,0.0
6.58,-6.771287847666429,-2.776625359401594,-2.3561944929150282,-0.43922860299217403,-0.3575771894842413,4.1650670155084176e-08,0.0,0.0
6.6000000000000005,-6.781620939807851,-2.7850375575631907,-2.3561944919351734,-0.3276406735786025,-0.2667331554021035,3.1069136579147954e-08,0.0,0.0
6.62,-6.789996710091716,-2.791856294725268,-2.3561944911409256,-0.21605274153868756,-0.17588911918185252,2.0487603001684815e-08,0.0,0.0
6.640000000000001,-6.7951632563229145,-2.7960623939367206,-2.356194490650998,-0.10446480519260817,-0.08504507945594145,9.906069421716902e-09,0.0,0.0
6.66,-6.8,-2.8,-2.356194490192345,0.007348118709172565,0.005511089031879443,5.995701383487579e-18,0.0,0.0
6.68,-6.8,-2.8,-2.356194490192345,0.12246061419980166,0.09184546064985157,9.992180352774874e-17,0.0,0.0
6.7,-6.8,-2.8,-2.356194490192345,0.23757310969043588,0.17817983226782752,1.938479056720141e-16,0.0,0.0
6.72,-6.799209904941235,-2.7994074287059263,-2.356194490192345,0.352685604421361,0.2645142033160216,2.905182222305874e-16,0.0,0.0
6.74,-6.7924242581117875,-2.794318193583841,-2.356194490192345,0.4677980933873588,0.35084857004052017,4.0801271609334e-16,0.0,0.0
6.76,-6.785638611282341,-2.7892289584617553,-2.356194490192345,0.5829105823533515,0.43718293676501496,5.255072099560873e-16,0.0,0.0
6.78,-6.777705931011298,-2.783279448258474,-2.356194490192345,0.6980230691135243,0.5235173018351448,6.428697756144346e-16,0.0,0.0
6.8,-6.764134637737018,-2.773100978302764,-2.356194490192345,0.8131355450302475,0.6098516587726875,7.59583805613851e-16,0.0,0.0
6.82,-6.750563344462738,-2.7629225083470534,-2.356194490192345,0.9282480209469761,0.6961860157102342,8.7629783561327275e-16,0.0,0.0
6.84,-6.735488079489743,-2.751616059617307,-2.356194490192345,1.0433604881869836,0.7825203661402401,9.889995041394663e-16,0.0,0.0
6.86,-6.715131140539856,-2.7363483554048917,-2.356194490192345,1.1584729249559549,0.8688546937169689,1.087610491838954e-15,0.0,0.0
6.88,-6.69477420158997,-2.7210806511924774,-2.356194490192345,1.2735853617249209,0.9551890212936938,1.1862214795384372e-15,0.0,0.0
6.9,-6.6725563531870815,-2.7044172648903113,-2.356194490192345,1.3571291158905567,1.017846836917921,1.0656167350868634e-15,0.0,0.0
6.92,-6.64541377086927,-2.6840603281519533,-2.356194490192345,1.3571291158905556,1.0178468369179205,3.648767513480987e-16,0.0,0.0
6.94,-6.618271188551459,-2.663703391413594,-2.356194490192345,1.3571291158905547,1.01784683691792,-3.358632323906971e-16,0.0,0.0
6.96,-6.591128606233648,-2.6433464546752363,-2.356194490192345,1.319505291376567,0.9896289685324294,-8.398452762395914e-16,0.0,0.0
6.98,-6.563986023915836,-2.6229895179368774,-2.356194490192345,1.2043928546075975,0.903294640955702,-9.385920759535878e-16,0.0,0.0
7.0,-6.536843441598026,-2.60263258119852,-2.356194490192345,1.089280417838633,0.8169603133789783,-1.0373388756675799e-15,0.0,0.0
7.0200000000000005,-6.512275645264738,-2.584206733948554,-2.356194490192345,0.9741679662151981,0.7306259746614018,-1.1397965410523303e-15,0.0,0.0
7.04,-6.491918706314853,-2.5689390297361396,-2.356194490192345,0.8590554902984731,0.6442916177238577,-1.2483230316530052e-15,0.0,0.0
7.0600000000000005,-6.471561767364966,-2.553671325523725,-2.356194490192345,0.7439430143817428,0.5579572607863098,-1.3568495222536851e-15,0.0,0.0
7.08,-6.454136553662394,-2.5406024152467963,-2.356194490192345,0.6288305328271067,0.4716228996203323,-1.4696022624144733e-15,0.0,0.0
7.1000000000000005,-6.440565260388114,-2.5304239452910857,-2.356194490192345,0.5137180438611089,0.38528853289583376,-1.5879106492136057e-15,0.0,0.0
7.12,-6.426993967113834,-2.520245475335375,-2.356194490192345,0.39860555489511623,0.29895416617133896,-1.7062190360127328e-15,0.0,0.0
7.140000000000001,-6.416711337846824,-2.512533503385118,-2.356194490192345,0.28349306276695385,0.21261979707521683,-1.8030361878338764e-15,0.0,0.0
7.16,-6.409925691017377,-2.5074442682630322,-2.356194490192345,0.16838056727632644,0.126285425457246,-1.877000755410047e-15,0.0,0.0
7.18,-6.403140044187929,-2.502355033140947,-2.356194490192345,0.05326807178569909,0.039951053839275164,-1.9509653229862175e-15,0.0,0.0
7.2,-6.4,-2.5,-2.356194490192345,-2.3037743500076066e-15,-1.1214075951623135e-15,-1.6233458673903963e-15,0.0,0.0
7.22,-6.4,-2.5,-2.356194490192345,-1.3479295216292493e-15,-6.560738839193091e-16,-9.498325495382521e-16,0.0,0.0
7.24,-6.4,-2.5,-2.356194490192345,-3.9208469325084944e-16,-1.9074017267628397e-16,-2.7631923168607803e-16,0.0,0.0
7.26,-6.4,-2.5,-2.356194490192345,-5.632325031564795e-17,3.434638226664364e-17,-3.123738228144368e-17,0.0,0.0
7.28,-6.4,-2.5,-2.356194490192345,-1.5172730720379357e-16,9.238075090848589e-17,-8.405880293653406e-17,0.0,0.0
7.3,-6.4,-2.5,-2.356194490192345,-2.4713136409193495e-16,1.504151195503256e-16,-1.368802235916221e-16,0.0,0.0
7.32,-6.4,-2.5,-2.356194490192345,-3.4253542098008057e-16,2.0844948819216787e-16,-1.8970164424671249e-16,0.0,0.0
7.34,-6.4,-2.5,-2.356194490192345,-4.3793947786822195e-16,2.664838568340075e-16,-2.425230649018005e-16,0.0,0.0
7.36,-6.4,-2.5,-2.356194490192345,-5.333435347563676e-16,3.245182254758498e-16,-2.953444855568909e-16,0.0,0.0
7.38,-6.4,-2.5,-2.356194490192345,-6.287475916445089e-16,3.8255259411768945e-16,-3.481659062119789e-16,0.0,0.0
7.4,-6.4,-2.5,-2.356194490192345,-7.24514894611921e-16,4.2300851252109416e-16,-3.951146668126831e-16,0.0,0.0
7.42,-6.4,-2.5,-2.356194490192345,-8.239615759943322e-16,2.8540945918976203e-16,-3.82578301830188e-16,0.0,0.0
7.44,-6.4,-2.5,-2.356194490192345,-9.23408257376748e-16,1.478104058584238e-16,-3.700419368476924e-16,0.0,0.0
7.46,-6.4,-2.5,-2.356194490192345,-1.0228549387591592e-15,1.0211352527091678e-17,-3.575055718651973e-16,0.0,0.0
7.48,-6.4,-2.5,-2.356194490192345,-1.1223016201415751e-15,-1.2738770080424656e-16,-3.449692068827016e-16,0.0,0.0
7.5,-6.4,-2.5,-2.356194490192345,-1.2217483015239863e-15,-2.6498675413557863e-16,-3.324328419002065e-16,0.0,0.0
7.5200000000000005,-6.4,-2.5,-2.356194490192345,-1.3211949829064022e-15,-4.025858074669169e-16,-3.198964769177109e-16,0.0,0.0
7.54,-6.4,-2.5,-2.356194490192345,-1.4206416642888133e-15,-5.401848607982491e-16,-3.0736011193521573e-16,0.0,0.0
7.5600000000000005,-6.4,-2.5,-2.356194490192345,-1.4924293475370179e-15,-4.890573158933588e-16,-3.0079286401683785e-16,0.0,0.0
7.58,-6.4,-2.5,-2.356194490192345,-1.5449847693908456e-15,-3.067016168905615e-16,-2.98376150369936e-16,0.0,0.0
7.6000000000000005,-6.4,-2.5,-2.356194490192345,-1.5975401912446757e-15,-1.2434591788775608e-16,-2.9595943672303407e-16,0.0,0.0
7.62,-6.4,-2.5,-2.356194490192345,-1.6500956130985034e-15,5.800978111504125e-17,-2.935427230761322e-16,0.0,0.0
7.640000000000001,-6.4,-2.5,-2.356194490192345,-1.7026510349523335e-15,2.4036548011784667e-16,-2.911260094292303e-16,0.0,0.0
7.66,-6.4,-2.5,-2.356194490192345,-1.7552064568061612e-15,4.22721179120644e-16,-2.887092957823285e-16,0.0,0.0
7.68,-6.4,-2.5,-2.356194490192345,-1.807761878659989e-15,6.050768781234412e-16,-2.8629258213542664e-16,0.0,0.0
7.7,-6.4,-2.5,-2.356194490192345,-1.851991878330066e-15,7.669665233349062e-16,-2.832840075870998e-16,0.0,0.0
7.72,-6.4,-2.5,-2.356194490192345,-1.8118923272433566e-15,7.215521923761298e-16,-2.742803780342274e-16,0.0,0.0
7.74,-6.4,-2.5,-2.356194490192345,-1.771792776156646e-15,6.761378614173514e-16,-2.652767484813546e-16,0.0,0.0
7.76,-6.4,-2.5,-2.356194490192345,-1.731693225069937e-15,6.30723530458575e-16,-2.5627311892848215e-16,0.0,0.0
7.78,-6.4,-2.5,-2.356194490192345,-1.6915936739832262e-15,5.853091994997966e-16,-2.4726948937560936e-16,0.0,0.0
7.8,-6.4,-2.5,-2.356194490192345,-1.6514941228965174e-15,5.398948685410202e-16,-2.382658598227369e-16,0.0,0.0
7.82,-6.4,-2.5,-2.356194490192345,-1.6113945718098066e-15,4.944805375822417e-16,-2.2926223026986413e-16,0.0,0.0
7.84,-6.4,-2.5,-2.356194490192345,-1.5712950207230975e-15,4.490662066234654e-16,-2.2025860071699172e-16,0.0,0.0
7.86,-6.4,-2.5,-2.356194490192345,-1.5960192342224886e-15,4.600105128035228e-16,-2.341974450124205e-16,0.0,0.0
7.88,-6.4,-2.5,-2.356194490192345,-1.6658176611491973e-15,5.101429354882069e-16,-2.6408898766456743e-16,0.0,0.0
7.9,-6.4,-2.5,-2.356194490192345,-1.735616088075909e-15,5.602753581728933e-16,-2.939805303167156e-16,0.0,0.0
7.92,-6.4,-2.5,-2.356194490192345,-1.8054145150026177e-15,6.104077808575774e-16,-3.2387207296886243e-16,0.0,0.0
7.94,-6.4,-2.5,-2.356194490192345,-1.875212941929329e-15,6.605402035422638e-16,-3.5376361562101063e-16,0.0,0.0
7.96,-6.4,-2.5,-2.356194490192345,-1.945011368856038e-15,7.10672626226948e-16,-3.8365515827315753e-16,0.0,0.0
7.98,-6.4,-2.5,-2.356194490192345,-2.0148097957827493e-15,7.608050489116344e-16,-4.1354670092530573e-16,0.0,0.0
8.0,-6.4,-2.5,-2.356194490192345,-2.0743538767801238e-15,7.910123481741597e-16,-4.4034520147418443e-16,0.0,0.0
8.02,-6.4,-2.5,-2.356194490192345,-2.030030025744825e-15,6.1939484265464e-16,-4.3581377721163075e-16,0.0,0.0
8.040000000000001,-6.4,-2.5,-2.356194490192345,-1.985706174709523e-15,4.477773371351051e-16,-4.312823529490766e-16,0.0,0.0
8.06,-6.4,-2.5,-2.356194490192345,-1.941382323674224e-15,2.7615983161558533e-16,-4.2675092868652294e-16,0.0,0.0
8.08,-6.4,-2.5,-2.356194490192345,-1.8970584726389255e-15,1.0454232609606562e-16,-4.2221950442396926e-16,0.0,0.0
8.1,-6.4,-2.5,-2.356194490192345,-1.852734621603627e-15,-6.707517942345408e-17,-4.1768808016141557e-16,0.0,0.0
8.120000000000001,-6.4,-2.5,-2.356194490192345,-1.808410770568324e-15,-2.3869268494298897e-16,-4.131566558988615e-16,0.0,0.0
8.14,-6.4,-2.5,-2.356194490192345,-1.7640869195330255e-15,-4.1031019046250877e-16,-4.086252316363078e-16,0.0,0.0
8.16,-6.4,-2.5,-2.356194490192345,-1.7301578405175638e-15,-4.77511961927742e-16,-3.6279389796410054e-16,0.0,0.0
8.18,-6.4,-2.5,-2.356194490192345,-1.7034566072704252e-15,-4.721098494318484e-16,-2.8824530383740476e-16,0.0,0.0
8.2,-6.4,-2.5,-2.356194490192345,-1.6767553740232866e-15,-4.667077369359547e-16,-2.1369670971070903e-16,0.0,0.0
8.22,-6.4,-2.5,-2.356194490192345,-1.6500541407761456e-15,-4.613056244400606e-16,-1.3914811558400664e-16,0.0,0.0
8.24,-6.4,-2.5,-2.356194490192345,-1.6233529075290071e-15,-4.55903511944167e-16,-6.459952145731091e-17,0.0,0.0
8.26,-6.4,-2.5,-2.356194490192345,-1.5966516742818685e-15,-4.505013994482733e-16,9.949072669384818e-18,0.0,0.0
8.28,-6.4,-2.5,-2.356194490192345,-1.5699504410347298e-15,-4.450992869523797e-16,8.44976667960806e-17,0.0,0.0
8.3,-6.4,-2.5,-2.356194490192345,-1.5446364527197534e-15,-4.360628190513644e-16,1.4029387782797062e-16,0.0,0.0
8.32,-6.4,-2.5,-2.356194490192345,-1.5333740931795153e-15,-3.902133761636343e-16,6.144160941552775e-18,0.0,0.0
8.34,-6.4,-2.5,-2.356194490192345,-1.5221117336392771e-15,-3.443639332759042e-16,-1.2800555594486507e-16,0.0,0.0
8.36,-6.4,-2.5,-2.356194490192345,-1.510849374099039e-15,-2.9851449038817407e-16,-2.62155272831283e-16,0.0,0.0
8.38,-6.4,-2.5,-2.356194490192345,-1.4995870145588e-15,-2.526650475004399e-16,-3.9630498971771267e-16,0.0,0.0
8.4,-6.4,-2.5,-2.356194490192345,-1.488324655018562e-15,-2.0681560461270975e-16,-5.304547066041305e-16,0.0,0.0
8.42,-6.4,-2.5,-2.356194490192345,-1.4770622954783238e-15,-1.6096616172497964e-16,-6.646044234905484e-16,0.0,0.0
8.44,-6.4,-2.5,-2.356194490192345,-1.4657999359380859e-15,-1.1511671883724953e-16,-7.987541403769663e-16,0.0,0.0
8.46,-6.4,-2.5,-2.356194490192345,-1.3549657682605404e-15,-1.809790327965388e-16,-6.848697528751716e-16,0.0,0.0
8.48,-6.4,-2.5,-2.356194490192345,-1.1748958664354773e-15,-3.2451840859593856e-16,-3.985186437963074e-16,0.0,0.0
8.5,-6.4,-2.5,-2.356194490192345,-9.948259646104143e-16,-4.680577843953383e-16,-1.121675347174432e-16,0.0,0.0
8.52,-6.4,-2.5,-2.356194490192345,-8.147560627853512e-16,-6.11597160194738e-16,1.741835743614209e-16,0.0,0.0
8.540000000000001,-6.4,-2.5,-2.356194490192345,-6.346861609602721e-16,-7.551365359941505e-16,4.605346834403106e-16,0.0,0.0
8.56,-6.4,-2.5,-2.356194490192345,-4.54616259135209e-16,-8.986759117935504e-16,7.468857925191747e-16,0.0,0.0
8.58,-6.4,-2.5,-2.356194490192345,-2.74546357310146e-16,-1.04221528759295e-15,1.0332369015980389e-15,0.0,0.0
8.6,-6.4,-2.5,-2.356194490192345,0.011225783021701134,-0.0004912628102148186,-0.011766503249322892,0.0,0.0
8.620000000000001,-6.4,-2.5,-2.356194490192345,0.13615934184372938,-0.005958606253273824,-0.14271782512925082,0.0,0.0
8.64,-6.4,-2.5,-2.356194490192345,0.26109290066574653,-0.011425949696332344,-0.27366914700916717,0.0,0.0
8.66,-6.4,-2.5,-2.356194490192345,0.3860264594877637,-0.016893293139390864,-0.40462046888908343,0.0,0.0
8.68,-6.4,-2.5,-2.356194490192345,0.5109600183097809,-0.022360636582449384,-0.5355717907689997,0.0,0.0
8.700000000000001,-6.4,-2.5,-2.356194490192345,0.635893577131809,-0.02782798002550839,-0.6665231126489276,0.0,0.0
8.72,-6.4,-2.5,-2.356194490192345,0.7608271359538262,-0.03329532346856691,-0.7974744345288439,0.0,0.0
8.74,-6.4,-2.5,-2.356194490192345,0.8857606947758434,-0.03876266691162543,-0.9284257564087602,0.0,0.0
8.76,-6.388946115635094,-2.5004837401797615,-2.3677808148207373,1.0110003614548795,-0.043672022256464736,-1.0584804100469771,0.0,0.0
8.78,-6.370206081811792,-2.5013038416962203,-2.3874235131027244,1.1364528755513272,-0.0481933891098978,-1.1879115791350772,0.0,0.0
8.8,-6.351466047988487,-2.502123943212679,-2.4070662113847137,1.2619053896477863,-0.05271475596333127,-1.3173427482231885,0.0,0.0
8.82,-6.332726014165185,-2.502944044729138,-2.426708909666701,1.387357903744234,-0.05723612281676434,-1.4467739173112886,0.0,0.0
8.84,-6.313985980341882,-2.5037641462455973,-2.4463516079486887,1.5128104178406818,-0.06175748967019741,-1.5762050863993884,0.0,0.0
8.86,-6.29524594651858,-2.504584247762056,-2.465994306230676,1.6382629319371296,-0.06627885652363047,-1.7056362554874882,0.0,0.0
8.88,-6.276505912695276,-2.505404349278515,-2.485637004512665,1.7637154460335887,-0.07080022337706394,-1.8350674245755998,0.0,0.0
8.9,-6.257765878871973,-2.506224450794974,-2.5052797027946525,1.8891679601300364,-0.075321590230497,-1.9644985936636998,0.0,0.0
8.92,-6.2213490319836104,-2.507681632861331,-2.5431598241943916,2.0104217710383923,-0.056049085166805276,-1.8392120741204372,0.0,0.0
8.94,-6.183360844126022,-2.5091954467857653,-2.582661120746718,2.131302347568312,-0.03466147679675093,-1.6912829923540218,0.0,0.0
8.96,-6.145372656268431,-2.5107092607102,-2.6221624172990476,2.2521829240982427,-0.013273868426694695,-1.543353910587593,0.0,0.0
8.98,-6.107384468410843,-2.512223074634634,-2.661663713851374,2.3730635006281626,0.008113739943359649,-1.3954248288211777,0.0,0.0
9.0,-6.069396280553255,-2.5137368885590683,-2.7011650104037,2.4939440771580825,0.029501348313413986,-1.2474957470547623,0.0,0.0
9.02,-6.031408092695667,-2.5152507024835025,-2.7406663069560264,2.614824653688003,0.05088895668346834,-1.0995666652883467,0.0,0.0
9.040000000000001,-5.993419904838076,-2.5167645164079366,-2.7801676035083562,2.7357052302179334,0.07227656505352457,-0.9516375835219182,0.0,0.0
9.06,-5.950853021146787,-2.5174682138012625,-2.814065665117479,2.8318022472176416,0.08674725602418758,-0.825848039082129,0.0,0.0
9.08,-5.894318150717241,-2.515700531270271,-2.8308702323734813,2.8522933617031727,0.08011687061558787,-0.7675984175813924,0.0,0.0
9.1,-5.837783280287694,-2.5139328487392794,-2.847674799629484,2.872784476188704,0.07348648520698815,-0.7093487960806556,0.0,0.0
9.120000000000001,-5.781248409858143,-2.512165166208287,-2.864479366885488,2.8932755906742367,0.06685609979838786,-0.6510991745799137,0.0,0.0
9.14,-5.724713539428596,-2.5103974836772958,-2.8812839341414906,2.9137667051597673,0.060225714389788146,-0.5928495530791771,0.0,0.0
9.16,-5.668178668999049,-2.508629801146304,-2.8980885013974933,2.9342578196452984,0.05359532898118843,-0.5345999315784403,0.0,0.0
9.18,-5.611643798569503,-2.506862118615312,-2.9148930686534955,2.9547489341308295,0.04696494357258872,-0.4763503100777036,0.0,0.0
9.200000000000001,-5.555108928139951,-2.5050944360843204,-2.9316976359095,2.975240048616362,0.04033455816398842,-0.4181006885769617,0.0,0.0
9.22,-5.49676508007563,-2.5039120911113497,-2.9433598639040954,2.9846833282242753,0.03778167294135791,-0.3921269681402135,0.0,0.0
9.24,-5.437086262067252,-2.5031617072815484,-2.951227203435646,2.9859736449513945,0.03823785764336833,-0.3899718715545514,0.0,0.0
9.26,-5.377407444058875,-2.502411323451747,-2.9590945429671964,2.9872639616785133,0.03869404234537876,-0.3878167749688893,0.0,0.0
9.28,-5.3177286260504975,-2.501660939621946,-2.966961882498747,2.9885542784056325,0.03915022704738918,-0.3856616783832271,0.0,0.0
9.3,-5.258049808042116,-2.500910555792144,-2.9748292220302983,2.9898445951327517,0.03960641174939965,-0.3835065817975648,0.0,0.0
9.32,-5.198370990033738,-2.5001601719623427,-2.982696561561849,2.9911349118598705,0.04006259645141007,-0.38135148521190265,0.0,0.0
9.34,-5.138692172025361,-2.4994097881325414,-2.9905639010933993,2.9924252285869897,0.040518781153420495,-0.37919638862624055,0.0,0.0
9.36,-5.0790133540169835,-2.49865940430274,-2.99843124062495,2.9937155453141084,0.040974965855430916,-0.3770412920405784,0.0,0.0
9.38,-5.019155589328533,-2.4978457548140454,-3.0059997020817413,2.9948747089551127,0.04138138867409586,-0.37524620322455426,0.0,0.0
9.4,-4.959278798283941,-2.4970253786570624,-3.0135363855771145,2.9960199278538875,0.04178252060211816,-0.37348939193364766,0.0,0.0
9.42,-4.899402007239347,-2.4962050025000795,-3.021073069072488,2.9971651467526628,0.042183652530140454,-0.37173258064274106,0.0,0.0
9.44,-4.839525216194755,-2.495384626343097,-3.0286097525678612,2.9983103656514376,0.04258478445816275,-0.36997576935183446,0.0,0.0
9.46,-4.779648425150157,-2.494564250186114,-3.0361464360632353,2.999455584550213,0.04298591638618508,-0.3682189580609277,0.0,0.0
9.48,-4.719771634105564,-2.493743874029131,-3.0436831195586085,3.000600803448988,0.04338704831420738,-0.3664621467700211,0.0,0.0
9.5,-4.659894843060972,-2.492923497872148,-3.0512198030539817,3.001746022347763,0.04378818024222968,-0.3647053354791145,0.0,0.0
9.52,-4.599977216101728,-2.492088818258251,-3.058693842633846,3.002866393136016,0.04417876909097829,-0.3630174352749181,0.0,0.0
9.540000000000001,-4.5399247143515655,-2.4912068965101395,-3.0659609789258013,3.00390469440924,0.044534535758694725,-0.36155713786818294,0.0,0.0
9.56,-4.479872212601409,-2.4903249747620277,-3.073228115217756,3.0049429956824634,0.044890302426411136,-0.36009684046144796,0.0,0.0
9.58,-4.419819710851252,-2.4894430530139164,-3.080495251509711,3.0059812969556865,0.045246069094127546,-0.35863654305471293,0.0,0.0
9.6,-4.359767209101095,-2.488561131265805,-3.0877623878016656,3.00701959822891,0.045601835761843956,-0.35717624564797795,0.0,0.0
9.620000000000001,-4.299714707350933,-2.487679209517694,-3.0950295240936208,3.0080578995021336,0.0459576024295604,-0.3557159482412428,0.0,0.0
9.64,-4.239662205600776,-2.4867972877695825,-3.1022966603855755,3.009096200775357,0.04631336909727681,-0.3542556508345078,0.0,0.0
9.66,-4.179609703850619,-2.485915366021471,-3.1095637966775302,3.010134502048581,0.04666913576499322,-0.3527953534277728,0.0,0.0
9.68,-4.119467844888311,-2.4850028266497244,-3.1167052583617934,2.998926555307005,0.038148774320584784,-0.39482468581437524,0.0,0.0
9.700000000000001,-4.059256036782394,-2.484066319693259,-3.1237483415160083,2.9781322020475733,0.022680148208943877,-0.47089785513831217,0.0,0.0
9.72,-3.9990442286764836,-2.4831298127367933,-3.130791424670223,2.9573378487881437,0.007211522097304343,-0.5469710244622423,0.0,0.0
9.74,-3.9388324205705727,-2.4821933057803283,-3.1378345078244374,2.936543495528714,-0.008257104014335194,-0.6230441937861724,0.0,0.0
9.76,-3.878620612464662,-2.4812567988238627,-3.1448775909786515,2.9157491422692843,-0.023725730125974724,-0.6991173631101025,0.0,0.0
9.78,-3.8184088043587505,-2.4803202918673977,-3.151920674132866,2.8949547890098546,-0.03919435623761427,-0.7751905324340327,0.0,0.0
9.8,-3.7581969962528343,-2.479383784910932,-3.158963757287081,2.874160435750423,-0.05466298234925517,-0.8512637017579695,0.0,0.0
9.82,-3.6979851881469235,-2.4784472779544666,-3.1660068404412955,2.8533660824909934,-0.07013160846089472,-0.9273368710818997,0.0,0.0
9.84,-3.640611064775971,-2.479621684650384,-3.1834311876164336,2.782564204527618,-0.10816169805372766,-1.150672889337786,0.0,0.0
9.86,-3.5835897301130473,-2.481058525890565,-3.202146161856844,2.7055452546623915,-0.14899669033878524,-1.392317026735776,0.0,0.0
9.88,-3.526568395450119,-2.4824953671307464,-3.220861136097256,2.628526304797158,-0.18983168262384642,-1.6339611641337874,0.0,0.0
9.9,-3.469547060787195,-2.4839322083709274,-3.239576110337666,2.551507354931931,-0.23066667490890402,-1.8756053015317775,0.0,0.0
9.92,-3.412525726124272,-2.4853690496111085,-3.2582910845780764,2.474488405066704,-0.27150166719396157,-2.1172494389297674,0.0,0.0
9.94,-3.3555043914613485,-2.48680589085129,-3.2770060588184866,2.3974694552014775,-0.3123366594790192,-2.358893576327757,0.0,0.0
9.96,-3.29848305679842,-2.488242732091471,-3.2957210330588986,2.320450505336244,-0.3531716517640804,-2.600537713725769,0.0,0.0
9.98,-3.244037053195471,-2.491044998647754,-3.3225160142792896,2.2713851057362975,-0.36519562964611835,-2.743759666515579,0.0,0.0
10.0,-3.1988327205371876,-2.4987471445504412,-3.378306399974129,2.3226320571586707,-0.27383021467187824,-2.53378996253534,0.0,0.0
10.02,-3.153628387878904,-2.5064492904531286,-3.434096785668969,2.3738790085810435,-0.18246479969763815,-2.3238202585551004,0.0,0.0
10.040000000000001,-3.108424055220616,-2.514151436355817,-3.4898871713638133,2.425125960003421,-0.09109938472338996,-2.1138505545748427,0.0,0.0
10.06,-3.0632197225623323,-2.521853582258504,-3.545677557058653,2.476372911425794,0.00026603025085014664,-1.9038808505946037,0.0,0.0
10.08,-3.0180153899040487,-2.5295557281611916,-3.6014679427534926,2.527619862848167,0.09163144522509026,-1.6939111466143646,0.0,0.0
10.1,-2.972811057245765,-2.537257874063879,-3.657258328448332,2.5788668142705404,0.18299686019933037,-1.4839414426341255,0.0,0.0
10.120000000000001,-2.9276067245874775,-2.5449600199665667,-3.7130487141431763,2.6301137656929177,0.2743622751735786,-1.2739717386538678,0.0,0.0
10.14,-2.8781058034975606,-2.5450020109891285,-3.7512350594790225,2.6266872852563474,0.3892891038495291,-1.1947362794121517,0.0,0.0
10.16,-2.8250386613781044,-2.5386859796277195,-3.7748098356752937,2.5778811866518003,0.5237721945146647,-1.2240118447393562,0.0,0.0
10.18,-2.7719715192586483,-2.5323699482663105,-3.7983846118715654,2.5290750880472532,0.6582552851798005,-1.2532874100665605,0.0,0.0
10.200000000000001,-2.7189043771391876,-2.5260539169049006,-3.821959388067839,2.480268989442702,0.792738375844948,-1.2825629753937675,0.0,0.0
10.22,-2.6658372350197315,-2.519737885543491,-3.84553416426411,2.431462890838155,0.9272214665100837,-1.311838540720972,0.0,0.0
10.24,-2.6127700929002757,-2.513421854182082,-3.8691089404603813,2.382656792233608,1.0617045571752195,-1.3411141060481764,0.0,0.0
10.26,-2.5597029507808196,-2.507105822820673,-3.8926837166566526,2.333850693629061,1.1961876478403553,-1.370389671375381,0.0,0.0
10.28,-2.5066358086613634,-2.5007897914592636,-3.9162584928529243,2.2850445950245137,1.3306707385054908,-1.3996652367025852,0.0,0.0
10.3,-2.460120596800247,-2.476420200068317,-3.943763340654621,2.1985976831712146,1.4148605951234399,-1.5521790077312052,0.0,0.0
10.32,-2.414541764584492,-2.4494704551239415,-3.97182986095755,2.1067712739833873,1.4918627133491698,-1.7223055650379024,0.0,0.0
10.34,-2.368962932368737,-2.4225207101795663,-3.999896381260479,2.01494486479556,1.5688648315748999,-1.8924321223445997,0.0,0.0
10.36,-2.3254379659168873,-2.3938486718800345,-4.031768093497555,1.9561303254298612,1.5868019364258505,-2.06352047803673,0.0,0.0
10.38,-2.2863988127898067,-2.361415001921069,-4.071950660797069,1.9694164501514724,1.475736148935544,-2.2367094812438912,0.0,0.0
10.4,-2.2473596596627297,-2.3289813319621064,-4.112133228096579,1.9827025748730824,1.3646703614452476,-2.4098984844510363,0.0,0.0
10.42,-2.208320506535652,-2.2965476620031438,-4.152315795396089,1.9959886995946923,1.253604573954951,-2.5830874876581817,0.0,0.0
10.44,-2.1685686971745337,-2.270071464783762,-4.2017880709731585,1.9564036871966317,1.1644238072905648,-2.7893378558302424,0.0,0.0
10.46,-2.1285833348601404,-2.2455476609988305,-4.254304786070463,1.8994916528386225,1.0824152381067376,-3.0064231526227556,0.0,0.0
10.48,-2.08859797254575,-2.221023857213901,-4.306821501167764,1.8425796184806187,1.0004066689229174,-3.2235084494152497,0.0,0.0
10.5,-2.0493919404310637,-2.197623045346592,-4.362310893829843,1.772798768070938,0.9420295593286956,-3.419638193716101,0.0,0.0
10.52,-2.0134597306277793,-2.1789397152307,-4.430287956211221,1.6489583968992845,0.9829238493091994,-3.527737530211643,0.0,0.0
10.540000000000001,-1.9775275208244918,-2.1602563851148067,-4.498265018592606,1.5251180257276198,1.0238181392897068,-3.6358368667071947,0.0,0.0
10.56,-1.9415953110212074,-2.141573054998915,-4.566242080973984,1.4012776545559662,1.0647124292702104,-3.7439362032027366,0.0,0.0
10.58,-1.911231694497957,-2.1210508764830855,-4.639079926903503,1.2834822454476331,1.0850023694788564,-3.665710051649728,0.0,0.0
10.6,-1.884119129204886,-2.0994551431119994,-4.714755591208171,1.1692160007734869,1.0932630963288936,-3.4787035175706813,0.0,0.0
10.620000000000001,-1.8570065639118127,-2.0778594097409115,-4.790431255512846,1.0549497560993304,1.1015238231789313,-3.2916969834916188,0.0,0.0
10.64,-1.8304676556031825,-2.0562222045977583,-4.865168080839156,0.9437780903126183,1.1029827571079642,-3.1056024944951583,0.0,0.0
10.66,-1.8114928861517021,-2.0340381600521806,-4.927525542557217,0.8734109907455169,1.014754460640583,-2.9315340695679497,0.0,0.0
10.68,-1.7925181167002218,-2.011854115506603,-4.989883004275277,0.8030438911784155,0.9265261641732019,-2.757465644640741,0.0,0.0
10.700000000000001,-1.7735433472487399,-1.989670070961023,-5.052240465993342,0.7326767916113077,0.8382978677058128,-2.583397219713517,0.0,0.0
10.72,-1.7571223868579386,-1.97068806578204,-5.108280521942329,0.6677669326231492,0.7550074168816004,-2.3802609983959977,0.0,0.0
10.74,-1.7431590106825263,-1.954787450486725,-5.158241205341767,0.6081086911160656,0.6764687588587852,-2.1491522247507158,0.0,0.0
10.76,-1.7291956345071142,-1.9388868351914101,-5.208201888741206,0.5484504496089819,0.5979301008359699,-1.9180434511054338,0.0,0.0
10.78,-1.715232258331702,-1.922986219896095,-5.258162572140644,0.48879220810189816,0.5193914428131545,-1.686934677460152,0.0,0.0
10.8,-1.7052996889529208,-1.9123920660143143,-5.292508400123002,0.4231507453750312,0.4452708775170384,-1.451857589147818,0.0,0.0
10.82,-1.6955850442470493,-1.9020848047885686,-5.326010014420364,0.35718580112373965,0.37138917542150485,-1.2165659547856837,0.0,0.0
10.84,-1.6858703995411777,-1.8917775435628228,-5.359511628717725,0.29122085687244814,0.2975074733259712,-0.9812743204235496,0.0,0.0
10.86,-1.677977668285819,-1.883510852041523,-5.386514624721642,0.22351944319478687,0.2248027056627533,-0.746049734020467,0.0,0.0
10.88,-1.6729609048356933,-1.878465286514253,-5.403259275585628,0.15307693873500516,0.15395577901566365,-0.5109309856699806,0.0,0.0
10.9,-1.6679441413855682,-1.8734197209869834,-5.4200039264496125,0.08263443427522968,0.08310885236858034,-0.2758122373195152,0.0,0.0
10.92,-1.662927377935443,-1.868374155459714,-5.4367485773135975,0.012191929815454222,0.012261925721497008,-0.040693488969049674,1.0,0.0
10.94,-1.6620590949526937,-1.867500887519292,-5.439646679953241,-4.3279607848408294e-16,8.082751136898628e-16,4.052246018795405e-15,1.0,0.0
10.96,-1.6620590949526937,-1.867500887519292,-5.439646679953241,-2.6432306298002863e-16,4.202737648875337e-16,3.092780600082198e-15,1.0,0.0
10.98,-1.6620590949526937,-1.867500887519292,-5.439646679953241,-9.58500474759892e-17,3.227241608523909e-17,2.133315181369077e-15,1.0,0.0
11.0,-1.6620590949526937,-1.867500887519292,-5.439646679953241,2.0341392909340716e-17,-2.5065565773221334e-16,1.3200907474328626e-15,1.0,0.0
11.02,-1.6620590949526937,-1.867500887519292,-5.439646679953241,-7.709694645843817e-18,-2.436912643011268e-16,9.10338651214772e-16,1.0,0.0
11.040000000000001,-1.6620590949526937,-1.867500887519292,-5.439646679953241,-3.5760782201030834e-17,-2.367268708700397e-16,5.005865549966449e-16,1.0,0.0
11.06,-1.6620590949526937,-1.867500887519292,-5.439646679953241,-6.381186975621537e-17,-2.2976247743895317e-16,9.083445877855432e-17,1.0,0.0
11.08,-1.6620590949526937,-1.867500887519292,-5.439646679953241,-9.186295731139991e-17,-2.2279808400786664e-16,-3.1891763743953647e-16,1.0,0.0
11.1,-1.6620590949526937,-1.867500887519292,-5.439646679953241,-1.1991404486658444e-16,-2.1583369057678014e-16,-7.286697336576271e-16,1.0,0.0
11.120000000000001,-1.6620590949526937,-1.867500887519292,-5.439646679953241,-1.4796513242177145e-16,-2.08869297145693e-16,-1.1384218298757541e-15,1.0,0.0
11.14,-1.6620590949526937,-1.867500887519292,-5.439646679953241,-1.7601621997695598e-16,-2.0190490371460647e-16,-1.5481739260938445e-15,1.0,0.0
11.16,-1.6620590949526937,-1.867500887519292,-5.439646679953241,-1.612456322058556e-16,-1.7220352768551817e-16,-1.7351812622570986e-15,1.0,0.0
11.18,-1.6620590949526937,-1.867500887519292,-5.439646679953241,-1.3339603819548626e-16,-1.3555760464850655e-16,-1.854155760276501e-15,1.0,0.0
11.200000000000001,-1.6620590949526937,-1.867500887519292,-5.439646679953241,-1.0554644418511445e-16,-9.891168161149167e-17,-1.973130258295914e-15,1.0,0.0
11.22,-1.6620590949526937,-1.867500887519292,-5.439646679953241,-7.76968501747451e-17,-6.226575857448005e-17,-2.0921047563153164e-15,1.0,0.0
11.24,-1.6620590949526937,-1.867500887519292,-5.439646679953241,-4.984725616437577e-17,-2.5619835537468428e-17,-2.2110792543347187e-15,1.0,0.0
11.26,-1.6620590949526937,-1.867500887519292,-5.439646679953241,-2.199766215400641e-17,1.1026087499543193e-17,-2.3300537523541213e-15,1.0,0.0
11.28,-1.6620590949526937,-1.867500887519292,-5.439646679953241,5.851931856362923e-18,4.767201053655479e-17,-2.449028250373524e-15,1.0,0.0
11.3,-1.6620590949526937,-1.867500887519292,-5.439646679953241,1.938684809700743e-17,4.6264046283622285e-17,-2.504785358203689e-15,1.0,0.0
11.32,-1.6620590949526937,-1.867500887519292,-5.439646679953241,-6.571791536883673e-18,-6.01328913925941e-17,-2.3861285133173386e-15,1.0,0.0
11.34,-1.6620590949526937,-1.867500887519292,-5.439646679953241,-3.253043117077478e-17,-1.6652982906881051e-16,-2.2674716684309886e-15,1.0,0.0
11.36,-1.6620590949526937,-1.867500887519292,-5.439646679953241,-5.848907080466588e-17,-2.7292676674502685e-16,-2.1488148235446386e-15,1.0,0.0
11.38,-1.6620590949526937,-1.867500887519292,-5.439646679953241,-8.444771043855928e-17,-3.7932370442125273e-16,-2.030157978658278e-15,1.0,0.0
11.4,-1.6620590949526937,-1.867500887519292,-5.439646679953241,-1.1040635007245039e-16,-4.857206420974691e-16,-1.9115011337719276e-15,1.0,0.0
11.42,-1.6620590949526937,-1.867500887519292,-5.439646679953241,-1.363649897063415e-16,-5.921175797736856e-16,-1.792844288885577e-15,1.0,0.0
11.44,-1.6620590949526937,-1.867500887519292,-5.439646679953241,-1.6232362934023261e-16,-6.98514517449902e-16,-1.6741874439992272e-15,1.0,0.0
11.46,-1.6620590949526937,-1.867500887519292,-5.439646679953241,-1.9127415264367133e-16,-7.114620427122385e-16,-1.2814604293444428e-15,1.0,0.0
11.48,-1.6620590949526937,-1.867500887519292,-5.439646679953241,-2.2113848571477775e-16,-6.958673533436718e-16,-8.050242782982108e-16,1.0,0.0
11.5,-1.6620590949526937,-1.867500887519292,-5.439646679953241,-2.510028187858841e-16,-6.802726639751052e-16,-3.285881272519788e-16,1.0,0.0
11.52,-1.6620590949526937,-1.867500887519292,-5.439646679953241,-2.8086715185699054e-16,-6.646779746065385e-16,1.478480237942531e-16,1.0,0.0
11.540000000000001,-1.6620590949526937,-1.867500887519292,-5.439646679953241,-3.1073148492809957e-16,-6.490832852379705e-16,6.242841748405274e-16,1.0,0.0
11.56,-1.6620590949526937,-1.867500887519292,-5.439646679953241,-3.40595817999206e-16,-6.334885958694038e-16,1.1007203258867591e-15,1.0,0.0
11.58,-1.6620590949526937,-1.867500887519292,-5.439646679953241,-3.7046015107031236e-16,-6.178939065008372e-16,1.5771564769329913e-15,1.0,0.0
11.6,-1.6620590949526937,-1.867500887519292,-5.439646679953241,-3.836464533482909e-16,-5.683424176162835e-16,1.781341672016221e-15,1.0,0.0
11.620000000000001,-1.6620590949526937,-1.867500887519292,-5.439646679953241,-3.508188144393717e-16,-4.2510563727227116e-16,1.2343986535144236e-15,1.0,0.0
11.64,-1.6620590949526937,-1.867500887519292,-5.439646679953241,-3.1799117553045547e-16,-2.818688569282715e-16,6.874556350126748e-16,1.0,0.0
11.66,-1.6620590949526937,-1.867500887519292,-5.439646679953241,-2.8516353662153923e-16,-1.386320765842719e-16,1.405126165109261e-16,1.0,0.0
11.68,-1.6620590949526937,-1.867500887519292,-5.439646679953241,-2.52335897712623e-16,4.604703759727697e-18,-4.0643040199082273e-16,1.0,0.0
11.700000000000001,-1.6620590949526937,-1.867500887519292,-5.439646679953241,-2.195082588037038e-16,1.4784148410374e-16,-9.5337342049262e-16,1.0,0.0
11.72,-1.6620590949526937,-1.867500887519292,-5.439646679953241,-1.8668061989478755e-16,2.910782644477396e-16,-1.500316438994369e-15,1.0,0.0
11.74,-1.6620590949526937,-1.867500887519292,-5.439646679953241,-1.538529809858713e-16,4.3431504479173927e-16,-2.0472594574961178e-15,1.0,0.0
11.76,-1.6620590949526937,-1.867500887519292,-5.439646679953241,-1.4335293738032434e-16,4.423006215989852e-16,-2.0038387043150893e-15,1.0,0.0
11.78,-1.6620590949526937,-1.867500887519292,-5.439646679953241,-1.3967240179391816e-16,4.089764803382877e-16,-1.7801033932742043e-15,1.0,0.0
11.8,-1.6620590949526937,-1.867500887519292,-5.439646679953241,-1.359918662075116e-16,3.756523390775872e-16,-1.5563680822332994e-15,1.0,0.0
11.82,-1.6620590949526937,-1.867500887519292,-5.439646679953241,-1.323113306211054e-16,3.423281978168897e-16,-1.3326327711924144e-15,1.0,0.0
11.84,-1.6620590949526937,-1.867500887519292,-5.439646679953241,-1.2863079503469922e-16,3.0900405655619217e-16,-1.1088974601515293e-15,1.0,0.0
11.86,-1.6620590949526937,-1.867500887519292,-5.439646679953241,-1.24950259448293e-16,2.7567991529549466e-16,-8.851621491106443e-16,1.0,0.0
11.88,-1.6620590949526937,-1.867500887519292,-5.439646679953241,-1.2126972386188646e-16,2.4235577403479415e-16,-6.614268380697394e-16,1.0,0.0
11.9,-1.6620590949526937,-1.867500887519292,-5.439646679953241,-1.0951555946595287e-16,2.013311653149202e-16,-5.510706107683682e-16,1.0,0.0
11.92,-1.6620590949526937,-1.867500887519292,-5.439646679953241,-7.548661420323449e-17,1.3906131120767477e-16,-7.535222056688632e-16,1.0,0.0
11.94,-1.6620590949526937,-1.867500887519292,-5.439646679953241,-4.145766894051611e-17,7.679145710042935e-17,-9.559738005693581e-16,1.0,0.0
11.96,-1.6620590949526937,-1.867500887519292,-5.439646679953241,-7.428723677794711e-18,1.452160299317838e-17,-1.1584253954698714e-15,1.0,0.0
11.98,-1.6620590949526937,-1.867500887519292,-5.439646679953241,2.6600221584923655e-17,-4.7748251114067045e-17,-1.3608769903703663e-15,1.0,0.0
12.0,-1.6620590949526937,-1.867500887519292,-5.439646679953241,6.062916684764205e-17,-1.1001810522131247e-16,-1.5633285852708615e-15,1.0,0.0
12.02,-1.6620590949526937,-1.867500887519292,-5.439646679953241,9.465811211036041e-17,-1.722879593285579e-16,-1.7657801801713564e-15,1.0,0.0
12.040000000000001,-1.6620590949526937,-1.867500887519292,-5.439646679953241,1.286870573730818e-16,-2.345578134358089e-16,-1.9682317750718697e-15,1.0,0.0
12.06,-1.6620590949526937,-1.867500887519292,-5.439646679953241,8.480127135550121e-17,-2.01476846235808e-16,-2.076092533250236e-15,1.0,0.0
12.08,-1.6620590949526937,-1.867500887519292,-5.439646679953241,1.7118021815504906e-17,-1.3927291788833893e-16,-2.155062452052522e-15,1.0,0.0
12.1,-1.6620590949526937,-1.867500887519292,-5.439646679953241,-5.0565227724491396e-17,-7.706898954086986e-17,-2.234032370854808e-15,1.0,0.0
12.120000000000001,-1.6620590949526937,-1.867500887519292,-5.439646679953241,-1.1824847726449374e-16,-1.486506119339527e-17,-2.3130022896571006e-15,1.0,0.0
12.14,-1.6620590949526937,-1.867500887519292,-5.439646679953241,-1.8593172680449002e-16,4.7338867154073846e-17,-2.3919722084593867e-15,1.0,0.0
12.16,-1.6620590949526937,-1.867500887519292,-5.439646679953241,-2.5361497634448634e-16,1.0954279550154291e-16,-2.4709421272616724e-15,1.0,0.0
12.18,-1.6620590949526937,-1.867500887519292,-5.439646679953241,-3.2129822588448267e-16,1.7174672384901198e-16,-2.549912046063958e-15,1.0,0.0
12.200000000000001,-1.6620590949526937,-1.867500887519292,-5.439646679953241,-3.3814969746148213e-16,2.1366002501876703e-16,-2.412145133905017e-15,1.0,0.0
12.22,-1.6620590949526937,-1.867500887519292,-5.439646679953241,-2.1475856662179224e-16,1.9959239311666516e-16,-1.6764109966832089e-15,1.0,0.0
12.24,-1.6620590949526937,-1.867500887519292,-5.439646679953241,-9.136743578210235e-17,1.8552476121456327e-16,-9.40676859461401e-16,1.0,0.0
12.26,-1.6620590949526937,-1.867500887519292,-5.439646679953241,3.202369505758749e-17,1.7145712931246143e-16,-2.049427222395927e-16,1.0,0.0
12.280000000000001,-1.6620590949526937,-1.867500887519292,-5.439646679953241,1.5541482589728832e-16,1.573894974103583e-16,5.307914149822804e-16,1.0,0.0
12.3,-1.6620590949526937,-1.867500887519292,-5.439646679953241,2.788059567369782e-16,1.4332186550825641e-16,1.2665255522040885e-15,1.0,0.0
12.32,-1.6620590949526937,-1.867500887519292,-5.439646679953241,4.021970875766681e-16,1.2925423360615457e-16,2.002259689425897e-15,1.0,0.0
12.34,-1.6620590949526937,-1.867500887519292,-5.439646679953241,5.25588218416358e-16,1.1518660170405268e-16,2.7379938266477047e-15,1.0,0.0
12.36,-1.6620590949526937,-1.867500887519292,-5.439646679953241,0.0005408460796433145,-0.00045664340345847085,-0.001550307579274251,1.0,0.0
12.38,-1.6620590949526937,-1.867500887519292,-5.439646679953241,0.0012468825493452062,-0.0010527592090930624,-0.0035741249488074112,1.0,0.0
12.4,-1.6620590949526937,-1.867500887519292,-5.439646679953241,0.001952919019047035,-0.001648875014727601,-0.005597942318340391,1.0,0.0
12.42,-1.6620590949526937,-1.867500887519292,-5.439646679953241,0.0026589554887488636,-0.0022449908203621394,-0.007621759687873372,1.0,0.0
12.44,-1.6620590949526937,-1.867500887519292,-5.439646679953241,0.003364991958450693,-0.002841106625996678,-0.009645577057406351,1.0,0.0
12.46,-1.6620590949526937,-1.867500887519292,-5.439646679953241,0.0040710284281525845,-0.0034372224316312695,-0.011669394426939511,1.0,0.0
12.48,-1.6620590949526937,-1.867500887519292,-5.439646679953241,0.004777064897854413,-0.004033338237265808,-0.01369321179647249,1.0,0.0
