0.0,-0.65,-2.3,1.5969762655748114,6.473180618253613e-18,-7.719239841124002e-19,1.5268063991932213e-19,0.0,0.0
0.02,-0.6499999999999999,-2.3,1.5969762655748114,-0.0020991506428866408,-0.09535194690176564,-0.24910810597155753,0.0,0.0
0.04,-0.650020528718375,-2.3009324977562198,1.5945401039921436,-0.004199181849927318,-0.1907127668296678,-0.4981918112229747,0.0,0.0
0.06,-0.6500925236608794,-2.3042028004179858,1.585996399028619,-0.006301420662493275,-0.2860958317483923,-0.7472143430046835,0.0,0.0
0.08,-0.6502056364418645,-2.309338707231699,1.5725820446514254,-0.008793049134283172,-0.38147177388586134,-0.9962763379731505,0.0,0.0
0.1,-0.6503497322423774,-2.3158803798153875,1.5554975696775672,-0.01157808961073006,-0.47684234888150356,-1.2453680691517672,0.0,0.0
0.12,-0.6505755372500851,-2.3252200921900554,1.5311050903693155,-0.015529094777269601,-0.5721630997144318,-1.4945860138621758,0.0,0.0
0.14,-0.6508351497626825,-2.335492203697799,1.5042758983065152,-0.0244443091783162,-0.653548076339551,-1.7088270793816909,0.0,0.0
0.16,-0.6512170315807868,-2.3485737617468145,1.470100076243162,-0.06250668896328412,-0.649778801585487,-1.709083020401535,0.0,0.0
0.18,-0.6521546431823638,-2.361600286499048,1.4359205173128984,-0.08057208349252228,-0.6071924375594087,-1.6030917737635686,0.0,0.0
0.2,-0.6538419572015766,-2.3745525690622276,1.4017359171949202,-0.0716607194648133,-0.5122402177914233,-1.3537686852431792,0.0,0.0
0.22,-0.6553120118470952,-2.385189913111671,1.3736298228916535,-0.06082010710916864,-0.4175333361998688,-1.1045678778626915,0.0,0.0
0.24,-0.6566936912311829,-2.3948856025256013,1.3479963010318683,-0.049194728497194654,-0.32292625157040805,-0.8554168111563261,0.0,0.0
0.26,-0.657678252665321,-2.4013495544836814,1.3308736728075181,-0.035547869070837505,-0.22869197325387586,-0.6063655625022728,0.0,0.0
0.28,-0.658529553804586,-2.4068919021448747,1.3161866599862428,-0.02151330616261334,-0.13456496177226024,-0.35727486932155983,1.0,0.0
0.3,-0.6590441874620835,-2.410110917294123,1.3076400576490157,-0.0065081747546603536,-0.04070840067302578,-0.1080822848622277,1.0,0.0
0.32,-0.6592673994877944,-2.4115071005436834,1.3039331403247278,7.362642786496862e-15,-2.4837839693477505e-15,-5.167209815170364e-16,1.0,0.0
0.34,-0.6592673994877943,-2.4115071005436834,1.3039331403247278,1.0195709542768472e-15,-8.219617984525694e-16,7.444351198824517e-17,1.0,0.0
0.36,-0.6592673994877943,-2.4115071005436834,1.3039331403247278,9.598296721164589e-17,-5.753779250731745e-16,1.6248162364945586e-16,1.0,0.0
0.38,-0.6592673994877943,-2.4115071005436834,1.3039331403247278,1.1820676539919881e-16,-5.757823441172693e-16,1.6271379750994134e-16,1.0,0.0
0.4,-0.6592673994877943,-2.4115071005436834,1.3039331403247278,1.4043056358675174e-16,-5.76186763161364e-16,1.6294597137042682e-16,1.0,0.0
0.42,-0.6592673994877943,-2.4115071005436834,1.3039331403247278,1.626543617743046e-16,-5.765911822054587e-16,1.631781452309123e-16,1.0,0.0
0.44,-0.6592673994877943,-2.4115071005436834,1.3039331403247278,1.848781599618575e-16,-5.769956012495534e-16,1.6341031909139777e-16,1.0,0.0
0.46,-0.6592673994877943,-2.4115071005436834,1.3039331403247278,2.0710195814941043e-16,-5.774000202936481e-16,1.6364249295188324e-16,1.0,0.0
0.48,-0.6592673994877942,-2.4115071005436834,1.3039331403247278,2.293257563369633e-16,-5.778044393377428e-16,1.6387466681236872e-16,1.0,0.0
0.5,-0.6592673994877942,-2.4115071005436834,1.3039331403247278,2.515495545245162e-16,-5.782088583818375e-16,1.641068406728542e-16,1.0,0.0
0.52,-0.6592673994877942,-2.4115071005436834,1.3039331403247278,2.7377335271206913e-16,-5.786132774259322e-16,1.6433901453333965e-16,1.0,0.0
0.54,-0.6592673994877942,-2.4115071005436834,1.3039331403247278,2.9599715089962205e-16,-5.79017696470027e-16,1.6457118839382512e-16,1.0,0.0
0.56,-0.6592673994877942,-2.4115071005436834,1.3039331403247278,3.18220949087175e-16,-5.794221155141217e-16,1.648033622543106e-16,1.0,0.0
0.58,-0.6592673994877942,-2.4115071005436834,1.3039331403247278,3.4044474727472775e-16,-5.798265345582164e-16,1.6503553611479608e-16,1.0,0.0
0.6,-0.6592673994877942,-2.4115071005436834,1.3039331403247278,3.5489288096059396e-16,-5.575887754017254e-16,1.666037632164238e-16,1.0,0.0
0.62,-0.6592673994877942,-2.4115071005436834,1.3039331403247278,3.549897093509079e-16,-4.935610429455355e-16,1.7063790277486927e-16,1.0,0.0
0.64,-0.6592673994877942,-2.4115071005436834,1.3039331403247278,3.5508653774122183e-16,-4.295333104893457e-16,1.7467204233331471e-16,1.0,0.0
0.66,-0.6592673994877942,-2.4115071005436834,1.3039331403247278,3.551833661315358e-16,-3.655055780331558e-16,1.7870618189176016e-16,1.0,0.0
0.68,-0.6592673994877942,-2.4115071005436834,1.3039331403247278,3.5528019452184975e-16,-3.01477845576966e-16,1.8274032145020563e-16,1.0,0.0
0.7000000000000001,-0.6592673994877942,-2.4115071005436834,1.3039331403247278,3.5537702291216366e-16,-2.3745011312077607e-16,1.8677446100865107e-16,1.0,0.0
0.72,-0.6592673994877942,-2.4115071005436834,1.3039331403247278,3.554738513024776e-16,-1.7342238066458655e-16,1.908086005670965e-16,1.0,0.0
0.74,-0.6592673994877942,-2.4115071005436834,1.3039331403247278,3.5557067969279153e-16,-1.0939464820839674e-16,1.9484274012554196e-16,1.0,0.0
0.76,-0.6592673994877942,-2.4115071005436834,1.3039331403247278,3.556675080831055e-16,-4.536691575220683e-17,1.988768796839874e-16,1.0,0.0
0.78,-0.6592673994877942,-2.4115071005436834,1.3039331403247278,3.5576433647341945e-16,1.8660816703983083e-17,2.0291101924243285e-16,1.0,0.0
0.8,-0.6592673994877942,-2.4115071005436834,1.3039331403247278,3.5586116486373337e-16,8.26885491601729e-17,2.0694515880087832e-16,1.0,0.0
0.8200000000000001,-0.6592673994877942,-2.4115071005436834,1.3039331403247278,3.5595799325404733e-16,1.467162816163628e-16,2.1097929835932377e-16,1.0,0.0
0.84,-0.6592673994877942,-2.4115071005436834,1.3039331403247278,3.5605482164436124e-16,2.1074401407255232e-16,2.150134379177692e-16,1.0,0.0
0.86,-0.6592673994877942,-2.4115071005436834,1.3039331403247278,3.395934636620276e-16,2.4778744033788746e-16,2.0983177296392666e-16,1.0,0.0
0.88,-0.6592673994877942,-2.4115071005436834,1.3039331403247278,3.2024236040853427e-16,2.801215482361242e-16,2.0304175991507123e-16,1.0,0.0
0.9,-0.6592673994877942,-2.4115071005436834,1.3039331403247278,3.0089125715504095e-16,3.1245565613436097e-16,1.962517468662158e-16,1.0,0.0
0.92,-0.6592673994877942,-2.4115071005436834,1.3039331403247278,2.815401539015476e-16,3.4478976403259775e-16,1.894617338173604e-16,1.0,0.0
0.9400000000000001,-0.6592673994877942,-2.4115071005436834,1.3039331403247278,2.6218905064805426e-16,3.771238719308345e-16,1.8267172076850497e-16,1.0,0.0
0.96,-0.6592673994877942,-2.4115071005436834,1.3039331403247278,2.4283794739456104e-16,4.0945797982907107e-16,1.758817077196496e-16,1.0,0.0
0.98,-0.6592673994877942,-2.4115071005436834,1.3039331403247278,2.234868441410677e-16,4.4179208772730785e-16,1.6909169467079416e-16,1.0,0.0
1.0,-0.6592673994877942,-2.4115071005436834,1.3039331403247278,2.041357408875744e-16,4.741261956255446e-16,1.6230168162193873e-16,1.0,0.0
1.02,-0.6592673994877942,-2.4115071005436834,1.3039331403247278,1.8478463763408106e-16,5.064603035237814e-16,1.555116685730833e-16,1.0,0.0
1.04,-0.6592673994877942,-2.4115071005436834,1.3039331403247278,1.6543353438058774e-16,5.38794411422018e-16,1.4872165552422788e-16,1.0,0.0
1.06,-0.6592673994877942,-2.4115071005436834,1.3039331403247278,1.4608243112709442e-16,5.711285193202549e-16,1.4193164247537247e-16,1.0,0.0
1.08,-0.6592673994877942,-2.4115071005436834,1.3039331403247278,1.2673132787360107e-16,6.034626272184917e-16,1.3514162942651705e-16,1.0,0.0
1.1,-0.6592673994877942,-2.4115071005436834,1.3039331403247278,1.0920283218013888e-16,6.233925217009111e-16,1.3634196065314336e-16,1.0,0.0
1.12,-0.6592673994877942,-2.4115071005436834,1.3039331403247278,9.503826731500829e-17,6.204283402309848e-16,1.5228982504418658e-16,1.0,0.0
1.1400000000000001,-0.6592673994877942,-2.4115071005436834,1.3039331403247278,8.087370244987771e-17,6.174641587610585e-16,1.682376894352298e-16,1.0,0.0
1.16,-0.6592673994877942,-2.4115071005436834,1.3039331403247278,6.670913758474728e-17,6.144999772911321e-16,1.8418555382627284e-16,1.0,0.0
1.18,-0.6592673994877942,-2.4115071005436834,1.3039331403247278,5.2544572719616696e-17,6.115357958212058e-16,2.0013341821731606e-16,1.0,0.0
1.2,-0.6592673994877942,-2.4115071005436834,1.3039331403247278,3.8380007854486104e-17,6.085716143512795e-16,2.1608128260835928e-16,1.0,0.0
1.22,-0.6592673994877942,-2.4115071005436834,1.3039331403247278,2.4215442989355524e-17,6.056074328813532e-16,2.320291469994025e-16,1.0,0.0
1.24,-0.6592673994877942,-2.4115071005436834,1.3039331403247278,1.0050878124224932e-17,6.026432514114268e-16,2.479770113904457e-16,1.0,0.0
1.26,-0.6592673994877942,-2.4115071005436834,1.3039331403247278,-4.11368674090566e-18,5.996790699415005e-16,2.6392487578148897e-16,1.0,0.0
1.28,-0.6592673994877942,-2.4115071005436834,1.3039331403247278,-1.827825160603624e-17,5.967148884715741e-16,2.798727401725322e-16,1.0,0.0
1.3,-0.6592673994877942,-2.4115071005436834,1.3039331403247278,-3.244281647116682e-17,5.937507070016478e-16,2.958206045635754e-16,1.0,0.0
1.32,-0.6592673994877942,-2.4115071005436834,1.3039331403247278,-4.66073813362974e-17,5.907865255317215e-16,3.117684689546186e-16,1.0,0.0
1.34,-0.6592673994877942,-2.4115071005436834,1.3039331403247278,-6.077194620142798e-17,5.878223440617951e-16,3.2771633334566185e-16,1.0,0.0
1.36,-0.6592673994877942,-2.4115071005436834,1.3039331403247278,-3.667389384298068e-17,4.997795777542672e-16,3.1768605918924575e-16,1.0,0.0
1.3800000000000001,-0.6592673994877942,-2.4115071005436834,1.3039331403247278,-5.8982250659459676e-18,3.968888424313927e-16,3.0312206368608507e-16,1.0,0.0
1.4000000000000001,-0.6592673994877942,-2.4115071005436834,1.3039331403247278,2.4877443711088747e-17,2.9399810710851825e-16,2.8855806818292443e-16,1.0,0.0
1.42,-0.6592673994877942,-2.4115071005436834,1.3039331403247278,5.565311248812312e-17,1.9110737178564493e-16,2.739940726797639e-16,1.0,0.0
1.44,-0.6592673994877942,-2.4115071005436834,1.3039331403247278,8.642878126515784e-17,8.821663646277047e-17,2.594300771766032e-16,1.0,0.0
1.46,-0.6592673994877942,-2.4115071005436834,1.3039331403247278,1.1720445004219254e-16,-1.467409886010403e-17,2.4486608167344253e-16,1.0,0.0
1.48,-0.6592673994877941,-2.4115071005436834,1.3039331403247278,1.4798011881922727e-16,-1.1756483418297853e-16,2.303020861702819e-16,1.0,0.0
1.5,-0.6592673994877941,-2.4115071005436834,1.3039331403247278,1.7875578759626197e-16,-2.2045556950585294e-16,2.1573809066712118e-16,1.0,0.0
1.52,-0.6592673994877941,-2.4115071005436834,1.3039331403247278,2.095314563732967e-16,-3.2334630482872744e-16,2.011740951639605e-16,1.0,0.0
1.54,-0.6592673994877941,-2.4115071005436834,1.3039331403247278,2.4030712515033143e-16,-4.2623704015160195e-16,1.8661009966079984e-16,1.0,0.0
1.56,-0.6592673994877941,-2.4115071005436834,1.3039331403247278,2.710827939273661e-16,-5.291277754744765e-16,1.7204610415763916e-16,1.0,0.0
1.58,-0.6592673994877941,-2.4115071005436834,1.3039331403247278,3.0185846270440083e-16,-6.32018510797351e-16,1.5748210865447847e-16,1.0,0.0
1.6,-0.6592673994877941,-2.4115071005436834,1.3039331403247278,3.2287553120965997e-16,-6.937412738646572e-16,1.5429507854122105e-16,1.0,0.0
1.62,-0.6592673994877941,-2.4115071005436834,1.3039331403247278,3.258814507350309e-16,-6.794815741970665e-16,1.7210616423041523e-16,1.0,0.0
1.6400000000000001,-0.6592673994877941,-2.4115071005436834,1.3039331403247278,3.288873702604018e-16,-6.652218745294759e-16,1.8991724991960942e-16,1.0,0.0
1.6600000000000001,-0.6592673994877941,-2.4115071005436834,1.3039331403247278,3.318932897857727e-16,-6.509621748618852e-16,2.077283356088036e-16,1.0,0.0
1.68,-0.6592673994877941,-2.4115071005436834,1.3039331403247278,3.3489920931114356e-16,-6.367024751942947e-16,2.2553942129799757e-16,1.0,0.0
1.7,-0.6592673994877941,-2.4115071005436834,1.3039331403247278,3.3790512883651447e-16,-6.22442775526704e-16,2.433505069871918e-16,1.0,0.0
1.72,-0.6592673994877941,-2.4115071005436834,1.3039331403247278,3.4091104836188538e-16,-6.081830758591133e-16,2.6116159267638594e-16,1.0,0.0
1.74,-0.6592673994877941,-2.4115071005436834,1.3039331403247278,3.439169678872563e-16,-5.939233761915226e-16,2.789726783655802e-16,1.0,0.0
1.76,-0.6592673994877941,-2.4115071005436834,1.3039331403247278,3.469228874126272e-16,-5.796636765239319e-16,2.967837640547743e-16,1.0,0.0
1.78,-0.6592673994877941,-2.4115071005436834,1.3039331403247278,3.499288069379981e-16,-5.654039768563413e-16,3.1459484974396855e-16,1.0,0.0
1.8,-0.6592673994877941,-2.4115071005436834,1.3039331403247278,3.52934726463369e-16,-5.511442771887506e-16,3.324059354331627e-16,1.0,0.0
1.82,-0.6592673994877941,-2.4115071005436834,1.3039331403247278,3.559406459887399e-16,-5.368845775211599e-16,3.5021702112235688e-16,1.0,0.0
1.84,-0.6592673994877941,-2.4115071005436834,1.3039331403247278,3.5894656551411083e-16,-5.226248778535693e-16,3.6802810681155106e-16,1.0,0.0
1.86,-0.6592673994877941,-2.4115071005436834,1.3039331403247278,3.4439658544081977e-16,-4.652458656216292e-16,3.5475533412167973e-16,1.0,0.0
1.8800000000000001,-0.6592673994877941,-2.4115071005436834,1.3039331403247278,3.2678273854634166e-16,-4.0034164339541635e-16,3.360577865960403e-16,1.0,0.0
1.9000000000000001,-0.6592673994877941,-2.4115071005436834,1.3039331403247278,3.091688916518636e-16,-3.354374211692035e-16,3.1736023907040084e-16,1.0,0.0
1.92,-0.6592673994877941,-2.4115071005436834,1.3039331403247278,2.9155504475738573e-16,-2.7053319894299137e-16,2.9866269154476154e-16,1.0,0.0
1.94,-0.6592673994877941,-2.4115071005436834,1.3039331403247278,2.739411978629076e-16,-2.056289767167785e-16,2.799651440191221e-16,1.0,0.0
1.96,-0.6592673994877941,-2.4115071005436834,1.3039331403247278,2.5632735096842956e-16,-1.4072475449056564e-16,2.6126759649348265e-16,1.0,0.0
1.98,-0.6592673994877941,-2.4115071005436834,1.3039331403247278,2.387135040739515e-16,-7.582053226435277e-17,2.4257004896784316e-16,1.0,0.0
2.0,-0.6592673994877941,-2.4115071005436834,1.3039331403247278,2.2109965717947344e-16,-1.0916310038139908e-17,2.238725014422037e-16,1.0,0.0
2.02,-0.6592673994877941,-2.4115071005436834,1.3039331403247278,2.0348581028499535e-16,5.3987912188072956e-17,2.0517495391656424e-16,1.0,0.0
2.04,-0.6592673994877941,-2.4115071005436834,1.3039331403247278,1.8587196339051729e-16,1.1889213441428582e-16,1.8647740639092477e-16,1.0,0.0
2.06,-0.6592673994877941,-2.4115071005436834,1.3039331403247278,1.682581164960392e-16,1.8379635664049859e-16,1.677798588652853e-16,1.0,0.0
2.08,-0.6592673994877941,-2.4115071005436834,1.3039331403247278,1.5064426960156114e-16,2.4870057886671145e-16,1.4908231133964586e-16,1.0,0.0
2.1,-0.6592673994877941,-2.4115071005436834,1.3039331403247278,1.452173434016132e-16,2.6416840761867786e-16,1.3752955106703416e-16,1.0,0.0
2.12,-0.6592673994877941,-2.4115071005436834,1.3039331403247278,1.6228344264816478e-16,1.8839300239288673e-16,1.3916370531699828e-16,1.0,0.0
2.14,-0.6592673994877941,-2.4115071005436834,1.3039331403247278,1.7934954189471635e-16,1.126175971670956e-16,1.4079785956696243e-16,1.0,0.0
2.16,-0.6592673994877941,-2.4115071005436834,1.3039331403247278,1.9641564114126794e-16,3.684219194130447e-17,1.4243201381692655e-16,1.0,0.0
2.18,-0.6592673994877941,-2.4115071005436834,1.3039331403247278,2.134817403878195e-16,-3.893321328448666e-17,1.4406616806689067e-16,1.0,0.0
2.2,-0.6592673994877941,-2.4115071005436834,1.3039331403247278,2.3054783963437107e-16,-1.147086185102778e-16,1.457003223168548e-16,1.0,0.0
2.22,-0.659267399487794,-2.4115071005436834,1.303933140324728,2.476139388809227e-16,-1.9048402373606892e-16,1.4733447656681892e-16,1.0,0.0
2.24,-0.659267399487794,-2.4115071005436834,1.303933140324728,2.6468003812747425e-16,-2.662594289618601e-16,1.4896863081678306e-16,1.0,0.0
2.2600000000000002,-0.659267399487794,-2.4115071005436834,1.303933140324728,2.817461373740258e-16,-3.420348341876512e-16,1.5060278506674719e-16,1.0,0.0
2.2800000000000002,-0.659267399487794,-2.4115071005436834,1.303933140324728,2.988122366205774e-16,-4.1781023941344236e-16,1.522369393167113e-16,1.0,0.0
2.3000000000000003,-0.659267399487794,-2.4115071005436834,1.303933140324728,3.1587833586712894e-16,-4.935856446392336e-16,1.5387109356667543e-16,1.0,0.0
2.32,-0.659267399487794,-2.4115071005436834,1.303933140324728,3.3294443511368016e-16,-5.69361049865023e-16,1.5550524781663953e-16,1.0,0.0
2.34,-0.659267399487794,-2.4115071005436834,1.303933140324728,3.5001053436023173e-16,-6.45136455090814e-16,1.5713940206660365e-16,1.0,0.0
2.36,-0.659267399487794,-2.4115071005436834,1.303933140324728,3.36234658667335e-16,-5.819554108734198e-16,1.3209248761672756e-16,1.0,0.0
2.38,-0.659267399487794,-2.4115071005436834,1.303933140324728,3.170762217911842e-16,-4.945235982663837e-16,1.0238917600054002e-16,1.0,0.0
2.4,-0.659267399487794,-2.4115071005436834,1.303933140324728,2.9791778491503334e-16,-4.0709178565934764e-16,7.26858643843525e-17,1.0,0.0
2.42,-0.659267399487794,-2.4115071005436834,1.303933140324728,2.7875934803888256e-16,-3.196599730523116e-16,4.2982552768164976e-17,1.0,0.0
2.44,-0.659267399487794,-2.4115071005436834,1.303933140324728,2.596009111627317e-16,-2.322281604452755e-16,1.3279241151977455e-17,1.0,0.0
2.46,-0.659267399487794,-2.4115071005436834,1.303933140324728,2.404424742865809e-16,-1.4479634783823947e-16,-1.642407046421009e-17,1.0,0.0
2.48,-0.659267399487794,-2.4115071005436834,1.303933140324728,2.2128403741043008e-16,-5.736453523120338e-17,-4.612738208039761e-17,1.0,0.0
2.5,-0.659267399487794,-2.4115071005436834,1.303933140324728,2.0212560053427927e-16,3.0067277375832614e-17,-7.583069369658516e-17,1.0,0.0
2.52,-0.659267399487794,-2.4115071005436834,1.303933140324728,1.8296716365812843e-16,1.174990899828687e-16,-1.0553400531277268e-16,1.0,0.0
2.54,-0.659267399487794,-2.4115071005436834,1.303933140324728,1.6380872678197762e-16,2.049309025899048e-16,-1.352373169289602e-16,1.0,0.0
2.56,-0.659267399487794,-2.4115071005436834,1.303933140324728,1.4465028990582679e-16,2.923627151969409e-16,-1.6494062854514772e-16,1.0,0.0
2.58,-0.659267399487794,-2.4115071005436834,1.303933140324728,1.2549185302967598e-16,3.797945278039769e-16,-1.9464394016133524e-16,1.0,0.0
2.6,-0.659267399487794,-2.4115071005436834,1.303933140324728,-0.0021224071992933568,-0.021360086389781957,-0.11408366463423487,1.0,0.0
2.62,-0.659267399487794,-2.4115071005436834,1.303933140324728,-0.008162076218709166,-0.08214382857806683,-0.4387280472683407,1.0,0.0
2.64,-0.659267399487794,-2.4115071005436834,1.303933140324728,-0.014201745238124976,-0.14292757076635168,-0.7633724299024465,1.0,0.0
2.66,-0.659267399487794,-2.4115071005436834,1.303933140324728,-0.020241414257540783,-0.20371131295463654,-1.0880168125365521,1.0,0.0
2.68,-0.659267399487794,-2.4115071005436834,1.303933140324728,-0.026281083276956593,-0.2644950551429214,-1.412661195170658,1.0,0.0
2.7,-0.659267399487794,-2.4115071005436834,1.303933140324728,-0.03232075229637241,-0.32527879733120624,-1.737305577804764,1.0,0.0
2.72,-0.659267399487794,-2.4115071005436834,1.303933140324728,-0.038360421315788214,-0.3860625395194911,-2.0619499604388696,1.0,0.0
2.74,-0.659267399487794,-2.4115071005436834,1.303933140324728,-0.04440009033520403,-0.44684628170777596,-2.386594343072975,1.0,0.0
2.7600000000000002,-0.659267399487794,-2.4115071005436834,1.303933140324728,-0.050439759354619834,-0.5076300238960608,-2.711238725707081,1.0,0.0
2.7800000000000002,-0.659267399487794,-2.4115071005436834,1.303933140324728,-0.05647942837403565,-0.5684137660843457,-3.035883108341187,1.0,0.0
2.8000000000000003,-0.659267399487794,-2.4115071005436834,1.303933140324728,-0.06251909739345146,-0.6291975082726305,-3.3605274909752927,1.0,0.0
2.82,-0.659267399487794,-2.4115071005436834,1.303933140324728,-0.06855876641286714,-0.6899812504609141,-3.685171873609391,1.0,0.0
2.84,-0.659267399487794,-2.4115071005436834,1.303933140324728,-0.07459843543228294,-0.7507649926491989,-4.0098162562434965,1.0,0.0
2.86,-0.6605529599150443,-2.4244450899146646,1.2348316763369074,-0.07727411696679162,-0.8040827388382498,-4.347464326308919,0.0,0.0
2.88,-0.6620628771698982,-2.439641025461736,1.1536705806783814,-0.07936271325488652,-0.8560975146326126,-4.6873818082179195,0.0,0.0
2.9,-0.6635727944247521,-2.4548369610088074,1.072509485019855,-0.08145130954298141,-0.9081122904269755,-5.027299290126921,0.0,0.0
2.92,-0.6651684818078314,-2.472168931181109,0.9773893652188577,-0.05832949480652324,-0.9038763175926131,-5.366733380636645,0.0,0.0
2.94,-0.6668125784877164,-2.490706495145785,0.8743906686125087,-0.02097873702045077,-0.8678920048380178,-5.705894641453735,0.0,0.0
2.96,-0.6684566751676012,-2.5092440591104612,0.7713919720061599,0.016372020765621706,-0.8319076920834223,-6.045055902270826,0.0,0.0
2.98,-0.6690760939539266,-2.526794432132299,0.6590887507553177,0.06344131645478829,-0.7987412728187173,-6.32218272783535,0.0,0.0
3.0,-0.6683206348973714,-2.543020226022946,0.5343010357404752,0.12355061477516802,-0.7693558069123307,-6.516073864350213,0.0,0.0
3.02,-0.6675651758408161,-2.5592460199135934,0.4095133207256326,0.18365991309554774,-0.7399703410059442,-6.709965000865076,0.0,0.0
3.04,-0.6659800924421522,-2.575066237653772,0.28204953377072994,0.20731760153062195,-0.7312208501089053,-6.833658663466379,0.0,0.0
3.06,-0.6613629818382796,-2.589404196666008,0.14480550952826873,0.09775562989041398,-0.7978896352418519,-6.7008016924376985,0.0,0.0
3.08,-0.656745871234407,-2.6037421556782436,0.007561485285807523,-0.011806341749794003,-0.8645584203747982,-6.5679447214090185,0.0,0.0
3.1,-0.6521473790795616,-2.618091444072008,-0.12965996186438372,-0.12101326479226912,-0.9312063931532432,-6.434641058892005,0.0,0.0
3.12,-0.6545689491645982,-2.6367124611877366,-0.25836874543558763,-0.0963495710809247,-0.9900070944566729,-6.13291294568397,0.0,0.0
3.14,-0.6569905192496347,-2.6553334783034654,-0.3870775290067915,-0.07168587736958029,-1.0488077957601025,-5.831184832475935,0.0,0.0
3.16,-0.6594120893346712,-2.6739544954191947,-0.5157863125779953,-0.04702218365823588,-1.1076084970635323,-5.5294567192679,0.0,0.0
3.18,-0.6605811933863764,-2.6955615162527993,-0.629172808355767,-0.015014204426514827,-1.1374623555630383,-5.182363835012367,0.0,0.0
3.2,-0.6614182733235607,-2.7179601156314503,-0.7384974222927049,0.018940717741619748,-1.1596425130643726,-4.8232449176855585,0.0,0.0
3.22,-0.6622553532607449,-2.740358715010101,-0.8478220362296427,0.05289563990975433,-1.181822670565707,-4.46412600035875,0.0,0.0
3.24,-0.6618310154599516,-2.763581302261991,-0.9438054629856423,0.06837770034606483,-1.1708020399947294,-4.102997847730803,0.0,0.0
3.2600000000000002,-0.6604867011471024,-2.7874048399102294,-1.030058902220549,0.07038714311411172,-1.1355674283699815,-3.740404320684384,0.0,0.0
3.2800000000000002,-0.6591423868342531,-2.8112283775584674,-1.1163123414554559,0.07239658588215862,-1.1003328167452338,-3.3778107936379653,0.0,0.0
3.3000000000000003,-0.6577508148871515,-2.834223275339144,-1.1940383856553185,0.06984930318892246,-1.059134600551603,-3.0236543035174583,0.0,0.0
3.3200000000000003,-0.6562774062745632,-2.8557832065853477,-1.2569974279517857,0.05941107920781505,-1.0076091320543221,-2.684108340976822,0.0,0.0
3.34,-0.654803997661975,-2.877343137831551,-1.3199564702482516,0.048972855226707857,-0.9560836635570423,-2.3445623784361933,0.0,0.0
3.36,-0.6534337790951351,-2.8983936993362094,-1.3795588339112945,0.038947568232524696,-0.9029208702627985,-2.0074812749686934,0.0,0.0
3.38,-0.6526309619702904,-2.9166434371396575,-1.42070414308711,0.03119285918153822,-0.8407550724241476,-1.6839534612809164,0.0,0.0
3.4,-0.6518281448454456,-2.934893174943105,-1.4618494522629253,0.02343815013055174,-0.7785892745854966,-1.3604256475931398,0.0,0.0
3.42,-0.6510253277206008,-2.953142912746553,-1.5029947614387407,0.015683441079565263,-0.7164234767468456,-1.036897833905363,0.0,0.0
3.44,-0.6506916520440935,-2.967631767679565,-1.5245674075922633,0.012038066994218343,-0.6504087996299975,-0.7195854343919008,0.0,0.0
3.46,-0.6503870271298138,-2.9818877365300915,-1.5449280508804717,0.008647156276846282,-0.5841557874072872,-0.4026579135114484,0.0,0.0
3.48,-0.650082402215534,-2.9961437053806175,-1.5652886941686803,0.005256245559474222,-0.517902775184577,-0.08573039263099613,0.0,0.0
3.5,-0.6499366944546725,-3.0072946853401445,-1.570796330799955,0.0040651265566428695,-0.604948358583026,-2.5717497330127655e-07,0.0,0.0
3.52,-0.6498499146323244,-3.017294306931373,-1.5707963362901263,0.003689710504115583,-0.7488384677150204,-2.3341394275218572e-07,0.0,0.0
3.54,-0.6497703884182381,-3.0300741039502066,-1.570796341321198,0.0033142944631121356,-0.8927285705977299,-2.09660580747609e-07,0.0,0.0
3.56,-0.6497009645643129,-3.04672595091547,-1.570796345712866,0.0029388784381583527,-1.0366186647768365,-1.8591789899978175e-07,0.0,0.0
3.58,-0.649633386814826,-3.0640853759377062,-1.5707963499877795,0.0025634624195677216,-1.1805087557749554,-1.6217544580777994e-07,0.0,0.0
3.6,-0.6495813189280487,-3.0873894475857133,-1.5707963532817928,0.0021880464544364723,-1.324398820048322,-1.3843491280479965e-07,0.0,0.0
3.62,-0.6495292510412715,-3.11069351923372,-1.5707963565758059,0.0018126304893052233,-1.468288884321689,-1.1469437980181934e-07,0.0,0.0
3.64,-0.6494909777205918,-3.1392847954408447,-1.570796358997479,0.0014372146708198192,-1.6121788772877277,-9.095897237536411e-08,0.0,0.0
3.66,-0.6494562657981968,-3.169241090389014,-1.5707963611939366,0.0010617988901945592,-1.7560688518440681,-6.722488823949413e-08,0.0,0.0
3.68,-0.6494299409353487,-3.2024119912410014,-1.5707963628601578,-0.00022069332425016935,-1.795436647503817,1.3922504469728784e-08,0.0,0.0
3.7,-0.6494125849688062,-3.2390205053415997,-1.570796363959358,-0.0024731887240610198,-1.7230312312367742,1.5646614794919758e-07,0.0,0.0
3.72,-0.6494131063665999,-3.275054359886118,-1.5707963639272335,-0.004274541132653286,-1.638353802050188,2.7045985959115495e-07,0.0,0.0
3.74,-0.6494998861682758,-3.308315478184359,-1.5707963584364573,-0.0038991255561434904,-1.494463827493307,2.46699956945819e-07,0.0,0.0
3.7600000000000002,-0.6495866659699518,-3.3415765964825996,-1.5707963529456812,-0.003523709979633696,-1.3505738529364262,2.2294005430048308e-07,0.0,0.0
3.7800000000000002,-0.6496585177638877,-3.3691160804419122,-1.5707963483996927,-0.0031482941618727585,-1.2066838012133343,1.9918570444692024e-07,0.0,0.0
3.8000000000000003,-0.6497279416191479,-3.3957249795876994,-1.5707963440073676,-0.0027728783048739675,-1.0627937369396843,1.754322577170788e-07,0.0,0.0
3.8200000000000003,-0.6497878449563859,-3.418684837478026,-1.5707963402174279,-0.002397462398958379,-0.9189036562614437,1.516799912442115e-07,0.0,0.0
3.84,-0.6498399128522627,-3.4386415133236365,-1.5707963369232554,-0.0020220464527839913,-0.7750135620821336,1.2792869612965633e-07,0.0,0.0
3.86,-0.6498878677300117,-3.4570217442371045,-1.5707963338892992,-0.0016466304960431545,-0.6311234643592936,1.0417765595765431e-07,0.0,0.0
3.88,-0.6499225796623828,-3.4703261953999633,-1.5707963316931794,-0.001271214505280879,-0.4872333552271358,8.042743664036477e-08,0.0,0.0
3.9,-0.6499572915947538,-3.4836306465628217,-1.5707963294970597,-0.0008957985145186039,-0.34334324609497796,5.6677217323075245e-08,0.0,0.0
3.92,-0.6499759420457392,-3.4907790245527766,-1.5707963283170494,-0.0005203824990056167,-0.19945312866026155,3.292473300525657e-08,0.0,0.0
3.94,-0.6499932980125429,-3.4974312503415925,-1.570796327218933,-0.0001449664814978318,-0.05556301055639573,9.172066138438462e-09,0.0,0.0
3.96,-0.65,-3.5,-1.5707963267948966,0.014171157480109497,0.05517695335752083,0.15240512737692058,0.0,0.0
3.98,-0.65,-3.5,-1.5707963267948966,0.03725681691241411,0.14506349618309958,0.40068215565064824,0.0,0.0
4.0,-0.65,-3.5,-1.5707963267948966,0.060342476344718725,0.2349500390086783,0.6489591839243759,0.0,0.0
4.0200000000000005,-0.65,-3.5,-1.5707963267948966,0.08342813577702385,0.324836581834259,0.897236212198109,0.0,0.0
4.04,-0.65,-3.5,-1.5707963267948966,0.10651379520932795,0.4147231246598358,1.1455132404718311,0.0,0.0
4.0600000000000005,-0.65,-3.5,-1.5707963267948966,0.12959945464163308,0.5046096674854165,1.3937902687455643,0.0,0.0
4.08,-0.6478440445481978,-3.4916055513763107,-1.5476098887278518,0.15364763970053608,0.5948227082702117,1.6400272669552236,0.0,0.0
4.1,-0.6451614073806583,-3.4811604098219786,-1.5187591995869842,0.17793096164412484,0.685115509750063,1.885765903042698,0.0,0.0
4.12,-0.6424787702131187,-3.4707152682676456,-1.4899085104461152,0.20221428358771468,0.7754083112299182,2.1315045391301832,0.0,0.0
4.14,-0.6397961330455794,-3.4602701267133136,-1.4610578213052474,0.22649760553130344,0.8657011127097696,2.3772431752176577,0.0,0.0
4.16,-0.6371134958780398,-3.4498249851589806,-1.4322071321643786,0.2507809274748933,0.9559939141896248,2.6229818113051433,0.0,0.0
4.18,-0.6344308587105003,-3.4393798436046485,-1.4033564430235108,0.27506424941848207,1.046286715669476,2.8687204473926173,0.0,0.0
4.2,-0.6289447838248804,-3.418510665094919,-1.346135954940074,0.35008842172158217,1.1434977018612809,3.0061130862030487,0.0,0.0
4.22,-0.6234403367719348,-3.3975731732604744,-1.2887295470162177,0.42544512125974354,1.240754025977409,3.1427956857719237,0.0,0.0
4.24,-0.6179358897189888,-3.376635681426029,-1.2313231390923587,0.5008018207979084,1.3380103500935416,3.2794782853408044,0.0,0.0
4.26,-0.6124314426660432,-3.3556981895915845,-1.1739167311685024,0.5761585203360697,1.43526667420967,3.4161608849096794,0.0,0.0
4.28,-0.6069269956130973,-3.334760697757139,-1.1165103232446436,0.6515152198742346,1.5325229983258026,3.5528434844785606,0.0,0.0
4.3,-0.5998173689949816,-3.3117515405629914,-1.056192427462549,0.7222206451514098,1.603280548315311,3.693605110289468,0.0,0.0
4.32,-0.5855562007577451,-3.279512511918767,-0.9829030068469973,0.7722032913818316,1.555978355872125,3.8525399838592946,0.0,0.0
4.34,-0.5712950325205091,-3.247273483274544,-0.909613586231449,0.8221859376122512,1.508676163428941,4.011474857429114,0.0,0.0
4.36,-0.5570338642832725,-3.21503445463032,-0.8363241656158973,0.872168583842673,1.461373970985755,4.170409730998941,0.0,0.0
4.38,-0.5427726960460365,-3.1827954259860967,-0.763034745000349,0.9221512300730926,1.4140717785425712,4.32934460456876,0.0,0.0
4.4,-0.5285115278088,-3.150556397341872,-0.6897453243847973,0.9721338763035144,1.3667695860993851,4.488279478138587,0.0,0.0
4.42,-0.5120831745958012,-3.1203683325524025,-0.6095646865948441,0.953692067256681,1.341042859981654,4.625498173336927,0.0,0.0
4.44,-0.4920138419912912,-3.0936259898454503,-0.5178064585230056,0.8202937435025033,1.3515639987816601,4.726232600326882,0.0,0.0
4.46,-0.4719445093867822,-3.066883647138499,-0.42604823045117113,0.6868954197483315,1.3620851375816656,4.826967027316833,0.0,0.0
4.48,-0.4518751767822722,-3.040141304431547,-0.3342900023793327,0.5534970959941536,1.3726062763816715,4.9277014543067885,0.0,0.0
4.5,-0.4318058441777631,-3.013398961724596,-0.24253177430749828,0.42009877223998193,1.3831274151816773,5.02843588129674,0.0,0.0
4.5200000000000005,-0.4117365115732531,-2.9866566190176433,-0.1507735462356598,0.2867004484858042,1.3936485539816832,5.129170308286695,0.0,0.0
4.54,-0.4003936184318249,-2.959226021179465,-0.05242563356931852,0.2982305288280441,1.3808685053563234,5.09648969505967,0.0,0.0
4.5600000000000005,-0.39582565378432755,-2.931261084070455,0.051038299452663013,0.4222783867411755,1.3499981600757902,4.960229911735948,0.0,0.0
4.58,-0.3912576891368304,-2.9032961469614467,0.15450223247463996,0.5463262446543015,1.319127814795258,4.823970128412231,0.0,0.0
4.6000000000000005,-0.38668972448933303,-2.875331209852437,0.2579661654966215,0.6703741025674329,1.2882574695147246,4.687710345088508,0.0,0.0
4.62,-0.3821217598418359,-2.847366272743428,0.3614300985185984,0.7944219604805589,1.2573871242341927,4.551450561764791,0.0,0.0
4.64,-0.37755379519433874,-2.8194013356344194,0.4648940315405753,0.9184698183936848,1.2265167789536606,4.415190778441074,0.0,0.0
4.66,-0.36213485928287276,-2.7941367533334898,0.5564387664550331,0.888871608483163,1.1918571305609005,4.182106638450637,0.0,0.0
4.68,-0.3431520846462034,-2.769759062058508,0.6440688195630737,0.8088106525967595,1.1559529424081174,3.917221991073595,0.0,0.0
4.7,-0.32416931000953325,-2.7453813707835257,0.7316988726711182,0.7287496967103524,1.1200487542553328,3.65233734369654,0.0,0.0
4.72,-0.3051865353728639,-2.7210036795085446,0.8193289257791587,0.6486887408239489,1.0841445661025497,3.387452696319497,0.0,0.0
4.74,-0.2862037607361937,-2.696625988233562,0.9069589788872032,0.5686277849375418,1.048240377949765,3.1225680489424423,0.0,0.0
4.76,-0.2672209860995244,-2.672248296958581,0.9945890319952437,0.48856682905113824,1.0123361897969823,2.8576834015653994,0.0,0.0
4.78,-0.25700742678511884,-2.6518032536690876,1.0532058103716309,0.4378577174821754,0.9307445578642658,2.613268308270912,0.0,0.0
4.8,-0.24732802494398942,-2.6315977589861705,1.1100553088999807,0.38893650898326226,0.8463699757321266,2.370100072863488,0.0,0.0
4.82,-0.23764862310285956,-2.611392264303253,1.1669048074283332,0.34001530048434697,0.7619953935999837,2.126931837456053,0.0,0.0
4.84,-0.2279692212617301,-2.5911867696203363,1.223754305956683,0.2910940919854339,0.6776208114678445,1.8837636020486288,0.0,0.0
4.86,-0.21828981942060022,-2.5709812749374183,1.2806038044850356,0.24217288348651858,0.5932462293357015,1.6405953666411937,0.0,0.0
4.88,-0.20936310838989117,-2.552073948769806,1.3337119707406684,0.195177553042587,0.5081922953256364,1.3970449266723608,0.0,0.0
4.9,-0.20536852801054273,-2.5416730858621697,1.3623044403467206,0.16080185612447392,0.4186867961127093,1.1509900282906913,0.0,0.0
4.92,-0.20137394763119448,-2.531272222954534,1.3908969099527715,0.12642615920636238,0.3291812968997862,0.904935129909033,0.0,0.0
4.94,-0.19737936725184604,-2.5208713600468977,1.4194893795588235,0.09205046228824931,0.2396757976868591,0.6588802315273637,0.0,0.0
4.96,-0.1933847868724978,-2.5104704971392624,1.4480818491648744,0.05767476537013777,0.15017029847393598,0.41282533314570524,0.0,0.0
4.98,-0.18939020649314936,-2.500069634231626,1.4766743187709266,0.0232990684520247,0.06066479926100893,0.16677043476403597,0.0,0.0
5.0,-0.18668277042524195,-2.49302016502603,1.4960536467930101,1.1328463873018795e-16,-2.889160568355824e-16,-4.1920426848200374e-16,1.0,0.0
5.0200000000000005,-0.18668277042524195,-2.49302016502603,1.4960536467930101,9.482874021560604e-17,-4.014138069905094e-16,-3.4954532312227274e-16,1.0,0.0
5.04,-0.18668277042524195,-2.49302016502603,1.4960536467930101,7.637284170102493e-17,-5.139115571454315e-16,-2.798863777625448e-16,1.0,0.0
5.0600000000000005,-0.18668277042524195,-2.49302016502603,1.4960536467930101,5.7916943186443e-17,-6.264093073003584e-16,-2.1022743240281375e-16,1.0,0.0
5.08,-0.18668277042524195,-2.49302016502603,1.4960536467930101,3.9461044671861894e-17,-7.389070574552805e-16,-1.405684870430858e-16,1.0,0.0
5.1000000000000005,-0.18668277042524195,-2.49302016502603,1.4960536467930101,2.100514615727997e-17,-8.514048076102075e-16,-7.090954168335476e-17,1.0,0.0
5.12,-0.18668277042524195,-2.49302016502603,1.4960536467930101,1.2145141999279465e-17,-8.997433731318301e-16,-5.394236431006573e-17,1.0,0.0
5.14,-0.18668277042524195,-2.49302016502603,1.4960536467930101,1.2429697562492918e-17,-8.869404260709122e-16,-8.718864294860818e-17,1.0,0.0
5.16,-0.18668277042524195,-2.49302016502603,1.4960536467930101,1.2714253125706384e-17,-8.741374790099937e-16,-1.204349215871521e-16,1.0,0.0
5.18,-0.18668277042524195,-2.49302016502603,1.4960536467930101,1.2998808688919838e-17,-8.613345319490758e-16,-1.5368120022569453e-16,1.0,0.0
5.2,-0.18668277042524195,-2.49302016502603,1.4960536467930101,1.3283364252133304e-17,-8.485315848881573e-16,-1.8692747886423845e-16,1.0,0.0
5.22,-0.18668277042524195,-2.49302016502603,1.4960536467930101,1.3567919815346758e-17,-8.357286378272394e-16,-2.2017375750278088e-16,1.0,0.0
5.24,-0.18668277042524195,-2.49302016502603,1.4960536467930101,1.3852475378560224e-17,-8.229256907663209e-16,-2.534200361413248e-16,1.0,0.0
5.26,-0.18668277042524195,-2.49302016502603,1.4960536467930101,1.417116682539728e-17,-8.082818461608149e-16,-2.8616107618996434e-16,1.0,0.0
5.28,-0.18668277042524195,-2.49302016502603,1.4960536467930101,1.7290523484413143e-17,-6.426022829794248e-16,-2.77450013864637e-16,1.0,0.0
5.3,-0.18668277042524195,-2.49302016502603,1.4960536467930101,2.0409880143428864e-17,-4.769227197980421e-16,-2.6873895153931015e-16,1.0,0.0
5.32,-0.18668277042524195,-2.49302016502603,1.4960536467930101,2.3529236802444727e-17,-3.1124315661665203e-16,-2.6002788921398283e-16,1.0,0.0
5.34,-0.18668277042524195,-2.49302016502603,1.4960536467930101,2.664859346146045e-17,-1.4556359343526933e-16,-2.5131682688865596e-16,1.0,0.0
5.36,-0.18668277042524195,-2.49302016502603,1.4960536467930101,2.976795012047632e-17,2.0115969746120752e-17,-2.4260576456332864e-16,1.0,0.0
5.38,-0.18668277042524195,-2.49302016502603,1.4960536467930101,3.288730677949204e-17,1.8579553292750354e-16,-2.338947022380017e-16,1.0,0.0
5.4,-0.18668277042524195,-2.49302016502603,1.4960536467930101,3.60066634385079e-17,3.5147509610889343e-16,-2.2518363991267446e-16,1.0,0.0
5.42,-0.18668277042524195,-2.49302016502603,1.4960536467930101,3.711941734351323e-17,4.508291367038732e-16,-2.2891276249152586e-16,1.0,0.0
5.44,-0.18668277042524195,-2.49302016502603,1.4960536467930101,3.6319947328689716e-17,4.869772186050449e-16,-2.4449695658033154e-16,1.0,0.0
5.46,-0.18668277042524195,-2.49302016502603,1.4960536467930101,3.552047731386623e-17,5.231253005062149e-16,-2.6008115066913654e-16,1.0,0.0
5.48,-0.18668277042524195,-2.49302016502603,1.4960536467930101,3.472100729904272e-17,5.592733824073865e-16,-2.756653447579422e-16,1.0,0.0
5.5,-0.18668277042524192,-2.49302016502603,1.4960536467930101,3.392153728421924e-17,5.954214643085566e-16,-2.912495388467472e-16,1.0,0.0
5.5200000000000005,-0.18668277042524192,-2.49302016502603,1.4960536467930101,3.312206726939572e-17,6.315695462097283e-16,-3.068337329355529e-16,1.0,0.0
5.54,-0.18668277042524192,-2.49302016502603,1.4960536467930101,3.232259725457224e-17,6.677176281108983e-16,-3.224179270243579e-16,1.0,0.0
5.5600000000000005,-0.18668277042524192,-2.49302016502603,1.4960536467930101,3.1508222595176986e-17,7.009397194361942e-16,-3.377242888802563e-16,1.0,0.0
5.58,-0.18668277042524192,-2.49302016502603,1.4960536467930101,2.947100220511087e-17,4.941000591060663e-16,-3.30236013922226e-16,1.0,0.0
5.6000000000000005,-0.18668277042524192,-2.49302016502603,1.4960536467930101,2.743378181504466e-17,2.872603987759293e-16,-3.227477389641954e-16,1.0,0.0
5.62,-0.18668277042524192,-2.49302016502603,1.4960536467930101,2.539656142497854e-17,8.042073844580153e-17,-3.152594640061651e-16,1.0,0.0
5.64,-0.18668277042524192,-2.49302016502603,1.4960536467930101,2.3359341034912425e-17,-1.264189218843263e-16,-3.077711890481348e-16,1.0,0.0
5.66,-0.18668277042524192,-2.49302016502603,1.4960536467930101,2.132212064484622e-17,-3.332585822144634e-16,-3.002829140901042e-16,1.0,0.0
5.68,-0.18668277042524192,-2.49302016502603,1.4960536467930101,1.92849002547801e-17,-5.400982425445911e-16,-2.927946391320739e-16,1.0,0.0
5.7,-0.18668277042524192,-2.49302016502603,1.4960536467930101,1.724767986471389e-17,-7.469379028747281e-16,-2.8530636417404326e-16,1.0,0.0
5.72,-0.18668277042524192,-2.49302016502603,1.4960536467930101,1.627255740295364e-17,-7.610817577580984e-16,-2.8081257428634204e-16,1.0,0.0
5.74,-0.18668277042524192,-2.49302016502603,1.4960536467930101,1.6309578007202848e-17,-5.91593088620685e-16,-2.7917242643995126e-16,1.0,0.0
5.76,-0.18668277042524192,-2.49302016502603,1.4960536467930101,1.6346598611452056e-17,-4.221044194832792e-16,-2.775322785935606e-16,1.0,0.0
5.78,-0.18668277042524192,-2.49302016502603,1.4960536467930101,1.6383619215701264e-17,-2.5261575034586574e-16,-2.758921307471698e-16,1.0,0.0
5.8,-0.18668277042524192,-2.49302016502603,1.4960536467930101,1.6420639819950473e-17,-8.312708120845993e-17,-2.7425198290077906e-16,1.0,0.0
5.82,-0.18668277042524192,-2.49302016502603,1.4960536467930101,1.6457660424199684e-17,8.636158792895357e-17,-2.726118350543883e-16,1.0,0.0
5.84,-0.18668277042524192,-2.49302016502603,1.4960536467930101,1.6494681028448892e-17,2.5585025706635937e-16,-2.709716872079976e-16,1.0,0.0
5.86,-0.18668277042524192,-2.49302016502603,1.4960536467930101,1.6502983602546883e-17,4.2374000842018727e-16,-2.69412585499004e-16,1.0,0.0
5.88,-0.18668277042524192,-2.49302016502603,1.4960536467930101,1.4155126632237986e-17,4.604471759867491e-16,-2.74502882413807e-16,1.0,0.0
5.9,-0.18668277042524192,-2.49302016502603,1.4960536467930101,1.1807269661928987e-17,4.971543435533124e-16,-2.795931793286102e-16,1.0,0.0
5.92,-0.18668277042524192,-2.49302016502603,1.4960536467930101,9.45941269162009e-18,5.338615111198742e-16,-2.846834762434132e-16,1.0,0.0
5.94,-0.1866827704252419,-2.4930201650260306,1.4960536467930101,7.11155572131109e-18,5.705686786864376e-16,-2.8977377315821645e-16,1.0,0.0
5.96,-0.1866827704252419,-2.4930201650260306,1.4960536467930101,4.763698751002193e-18,6.072758462529994e-16,-2.9486407007301946e-16,1.0,0.0
5.98,-0.1866827704252419,-2.4930201650260306,1.4960536467930101,2.4158417806931926e-18,6.439830138195629e-16,-2.9995436698782267e-16,1.0,0.0
6.0,-0.1866827704252419,-2.4930201650260306,1.4960536467930101,6.79848103842956e-20,6.806901813861246e-16,-3.0504466390262567e-16,1.0,0.0
6.0200000000000005,-0.1866827704252419,-2.4930201650260306,1.4960536467930101,7.378363478554316e-19,6.854815121744465e-16,-3.0239703756483725e-16,1.0,0.0
6.04,-0.1866827704252419,-2.4930201650260306,1.4960536467930101,4.2834610696871944e-18,6.598581401090407e-16,-2.9237543453742716e-16,1.0,0.0
6.0600000000000005,-0.1866827704252419,-2.4930201650260306,1.4960536467930101,7.829085791519114e-18,6.342347680436337e-16,-2.823538315100167e-16,1.0,0.0
6.08,-0.1866827704252419,-2.4930201650260306,1.4960536467930101,1.1374710513350878e-17,6.086113959782278e-16,-2.7233222848260665e-16,1.0,0.0
6.1000000000000005,-0.1866827704252419,-2.4930201650260306,1.4960536467930101,1.49203352351828e-17,5.829880239128209e-16,-2.623106254551961e-16,1.0,0.0
6.12,-0.1866827704252419,-2.4930201650260306,1.4960536467930101,1.846595995701456e-17,5.57364651847415e-16,-2.522890224277861e-16,1.0,0.0
6.140000000000001,-0.1866827704252419,-2.4930201650260306,1.4960536467930101,2.201158467884648e-17,5.317412797820081e-16,-2.4226741940037555e-16,1.0,0.0
6.16,-0.1866827704252419,-2.4930201650260306,1.4960536467930101,2.5496601257703976e-17,5.043277163475726e-16,-2.3246112400577003e-16,1.0,0.0
6.18,-0.1866827704252419,-2.4930201650260306,1.4960536467930101,2.4009046466392463e-17,3.300386026666937e-16,-2.403196590798566e-16,1.0,0.0
6.2,-0.1866827704252419,-2.4930201650260306,1.4960536467930101,2.2521491675080885e-17,1.55749488985807e-16,-2.4817819415394352e-16,1.0,0.0
6.22,-0.1866827704252419,-2.4930201650260306,1.4960536467930101,2.1033936883769372e-17,-1.85396246950719e-17,-2.560367292280301e-16,1.0,0.0
6.24,-0.1866827704252419,-2.4930201650260306,1.4960536467930101,1.954638209245779e-17,-1.928287383759586e-16,-2.6389526430211707e-16,1.0,0.0
6.26,-0.1866827704252419,-2.4930201650260306,1.4960536467930101,1.8058827301146278e-17,-3.671178520568375e-16,-2.7175379937620364e-16,1.0,0.0
6.28,-0.1866827704252419,-2.4930201650260306,1.4960536467930101,1.65712725098347e-17,-5.414069657377242e-16,-2.7961233445029056e-16,1.0,0.0
6.3,-0.1866827704252419,-2.4930201650260306,1.4960536467930101,1.5083717718523188e-17,-7.156960794186031e-16,-2.8747086952437713e-16,1.0,0.0
6.32,-0.1866827704252419,-2.4930201650260306,1.4960536467930101,2.7400678512265913e-17,-8.246379027493337e-16,-2.5185460972741143e-16,1.0,0.0
6.34,-0.1866827704252419,-2.4930201650260306,1.4960536467930101,5.287287137704426e-17,-8.713059893108815e-16,-1.7480835463321348e-16,1.0,0.0
6.36,-0.1866827704252419,-2.4930201650260306,1.4960536467930101,7.834506424182373e-17,-9.179740758724311e-16,-9.776209953901212e-17,1.0,0.0
6.38,-0.1866827704252419,-2.4930201650260306,1.4960536467930101,1.0381725710660208e-16,-9.646421624339789e-16,-2.071584444481417e-17,1.0,0.0
6.4,-0.18668277042524187,-2.4930201650260306,1.4960536467930101,1.2928944997138156e-16,-1.0113102489955286e-15,5.633041064938719e-17,1.0,0.0
6.42,-0.18668277042524187,-2.4930201650260306,1.4960536467930101,1.547616428361599e-16,-1.0579783355570764e-15,1.3337666574358514e-16,1.0,0.0
6.44,-0.18668277042524187,-2.4930201650260306,1.4960536467930101,1.8023383570093937e-16,-1.1046464221186261e-15,2.104229208377865e-16,1.0,0.0
6.46,-0.18668277042524187,-2.4930201650260306,1.4960536467930101,0.0009913776305611427,-0.00038556648537463187,-0.0030877544866574807,1.0,0.0
6.48,-0.18668277042524187,-2.4930201650260306,1.4960536467930101,0.08331994496622645,-0.03240478436452495,-0.25950911738040194,1.0,0.0
6.5,-0.18668277042524187,-2.4930201650260306,1.4960536467930101,0.16564851230188807,-0.06442400224367385,-0.5159304802741349,0.0,0.0
6.5200000000000005,-0.18668277042524187,-2.4930201650260306,1.4960536467930101,0.2479770796375534,-0.09644322012282418,-0.7723518431678794,0.0,0.0
6.54,-0.18668277042524187,-2.4930201650260306,1.4960536467930101,0.3303056469732151,-0.12846243800197307,-1.0287732060616126,0.0,0.0
6.5600000000000005,-0.18668277042524187,-2.4930201650260306,1.4960536467930101,0.41263421430888036,-0.16048165588112337,-1.285194568955357,0.0,0.0
6.58,-0.18668277042524187,-2.4930201650260306,1.4960536467930101,0.494962781644542,-0.19250087376027228,-1.54161593184909,0.0,0.0
6.6000000000000005,-0.18668277042524187,-2.4930201650260306,1.4960536467930101,0.5772913489802073,-0.2245200916394226,-1.7980372947428345,0.0,0.0
6.62,-0.18035942123048265,-2.495479441339773,1.4763588814029802,0.6571134761108884,-0.25590896433860766,-2.0604505413459697,0.0,0.0
6.640000000000001,-0.16801013613013308,-2.5002823240216467,1.4378956769689197,0.7345470512952526,-0.286697139601061,-2.328573848563282,0.0,0.0
6.66,-0.15566085102978405,-2.5050852067035194,1.3994324725348608,0.8119806264796132,-0.317485314863513,-2.596697155780582,0.0,0.0
6.68,-0.14331156592943503,-2.5098880893853925,1.3609692681008019,0.8894142016639739,-0.34827349012596504,-2.864820462997882,0.0,0.0
6.7,-0.1284960650066799,-2.515671558134672,1.3139664871194783,0.9628958810494848,-0.38154979671119127,-3.139822651695541,0.0,0.0
6.72,-0.10975682204445435,-2.523015136401151,1.2533772652462578,1.0300901059710743,-0.4187847128317998,-3.42576912037216,0.0,0.0
6.74,-0.09101757908222798,-2.53035871466763,1.192788043373035,1.0972843308926667,-0.45601962895240994,-3.711715589048792,0.0,0.0
6.76,-0.07227833612000242,-2.537702292934109,1.1321988214998147,1.164478555814256,-0.4932545450730184,-3.9976620577254107,0.0,0.0
6.78,-0.052098161942117416,-2.5458443468584773,1.0654776858616153,1.2044943738400749,-0.5468112076194757,-4.26497769675214,0.0,0.0
6.8,-0.027813930713650726,-2.556260617357424,0.98129164721678,1.1671007144168113,-0.6468554316601139,-4.4792290486345605,0.0,0.0
6.82,-0.0035296994851829605,-2.566676887856371,0.897105608571941,1.129707054993546,-0.7468996557007567,-4.693480400516991,0.0,0.0
6.84,0.020754531743283733,-2.577093158355318,0.8129195699271058,1.0923133955702824,-0.8469438797413951,-4.907731752399412,0.0,0.0
6.86,0.04462597041007435,-2.5886138276255988,0.7263683879464605,1.047865623385506,-0.9249749531753116,-5.11991833210864,0.0,0.0
6.88,0.06582440962329239,-2.6072859273875197,0.6245019424868876,0.9577396067082856,-0.8604619378686266,-5.318734673584171,0.0,0.0
6.9,0.08702284883651137,-2.6259580271494416,0.5226354970273102,0.8676135900310612,-0.7959489225619387,-5.51755101505971,0.0,0.0
6.92,0.10822128804972941,-2.644630126911363,0.42076905156773725,0.7774875733538409,-0.7314359072552536,-5.71636735653524,0.0,0.0
6.94,0.1293625927891971,-2.6632613293018537,0.3187765685058986,0.6889595121382921,-0.6670071950765758,-5.912666460136127,0.0,0.0
6.96,0.14312367104555296,-2.6766096990361916,0.20050344104492604,0.8068440148753855,-0.6134681636300017,-5.7838066114088305,0.0,0.0
6.98,0.15688474930190943,-2.68995806877053,0.08223031358394825,0.9247285176124841,-0.5599291321834252,-5.6549467626815275,0.0,0.0
7.0,0.1706458275582653,-2.703306438504868,-0.03604281387702429,1.0426130203495774,-0.5063901007368512,-5.526086913954231,0.0,0.0
7.0200000000000005,0.18440690581462174,-2.716654808239207,-0.15431594133800203,1.160497523086676,-0.45285106929027474,-5.397227065226929,0.0,0.0
7.04,0.20674414908531746,-2.7261081828068052,-0.26321444108500186,1.2051641412296206,-0.548985348491043,-5.247302098077227,0.0,0.0
7.0600000000000005,0.23023326848228887,-2.735038415394624,-0.3708538221188773,1.2399967679394124,-0.6652224490562485,-5.094547846863213,0.0,0.0
7.08,0.25372238787925927,-2.743968647982442,-0.478493203152748,1.2748293946492026,-0.7814595496214489,-4.941793595649207,0.0,0.0
7.1000000000000005,0.2772115072762307,-2.7528988805702608,-0.5861325841866234,1.3096620213589945,-0.8976966501866545,-4.789039344435193,0.0,0.0
7.12,0.3028722809332261,-2.7690759624043024,-0.684248439385075,1.2718526059249384,-0.9195448847980141,-4.518170576172231,0.0,0.0
7.140000000000001,0.3292358513207892,-2.787598289543229,-0.7792822649327698,1.2105345728162675,-0.9108467347406288,-4.209077262712317,0.0,0.0
7.16,0.3555994217083511,-2.806120616682154,-0.8743160904804603,1.149216539707599,-0.902148584683244,-3.899983949252417,0.0,0.0
7.18,0.381962992095913,-2.82464294382108,-0.9693499160281508,1.0878985065989308,-0.8934504346258592,-3.5908906357925163,0.0,0.0
7.2,0.40514168911256354,-2.8427134869563533,-1.0483293606170478,1.0262540615804692,-0.8538707005939796,-3.3072573550874766,0.0,0.0
7.22,0.4264451851486138,-2.8605180271119135,-1.1178562501399223,0.9644174306060761,-0.7961083985892865,-3.038614522299174,0.0,0.0
7.24,0.44774868118466504,-2.8783225672674746,-1.1873831396627996,0.9025807996316801,-0.7383460965845908,-2.769971689510859,0.0,0.0
7.26,0.4690521772207153,-2.896127107423035,-1.2569100291856738,0.8407441686572871,-0.6805837945798977,-2.501328856722556,0.0,0.0
7.28,0.4877872841934428,-2.91153248607184,-1.3152788186827158,0.7903360605476196,-0.6333262790841991,-2.203148172911178,0.0,0.0
7.3,0.503987910249561,-2.924570377200329,-1.3626368185821343,0.751205594723269,-0.596434864784108,-1.8758195999405665,0.0,0.0
7.32,0.5201885363056798,-2.9376082683288183,-1.4099948184815547,0.7120751288989164,-0.5595434504840152,-1.5484910269699408,0.0,0.0
7.34,0.536389162361798,-2.950646159457307,-1.4573528183809732,0.6729446630745657,-0.5226520361839241,-1.2211624539993293,0.0,0.0
7.36,0.5513716606011633,-2.9625356242378973,-1.494521109787182,0.6148108508384676,-0.49191196218884875,-0.9243038777977974,0.0,0.0
7.38,0.5643431702547651,-2.972529169521821,-1.5148673672571589,0.5253047045995611,-0.471327041840539,-0.6777477533325562,0.0,0.0
7.4,0.5773146799083676,-2.982522714805745,-1.5352136247271366,0.4357985583606507,-0.45074212149222825,-0.431191628867304,0.0,0.0
7.42,0.5902861895619695,-2.9925162600896686,-1.5555598821971133,0.3462924121217442,-0.4301572011439184,-0.18463550440206267,0.0,0.0
7.44,0.6014027073845764,-3.0020831882004444,-1.5707963274811925,0.29063228676686453,-0.44904471493792414,-1.3382442843342698e-07,0.0,0.0
7.46,0.606988008904507,-3.0103780288423203,-1.5707963302138863,0.33589425679068646,-0.5856311682022358,-1.226345177138713e-07,0.0,0.0
7.48,0.6125733104244377,-3.0186728694841967,-1.5707963329465802,0.3811562268145104,-0.7222176214665534,-1.1144460699431512e-07,0.0,0.0
7.5,0.6199806155849802,-3.032465946614119,-1.5707963352288283,0.4264181930117299,-0.8588040636060006,-1.0014884462645552e-07,0.0,0.0
7.5200000000000005,0.6277558177266914,-3.0473692216386103,-1.570796337420123,0.4716801584362881,-0.9953905034991333,-8.883170880961063e-08,0.0,0.0
7.54,0.6364351490063396,-3.0650008753138316,-1.5707963393853526,0.5169421201051261,-1.1319769323374067,-7.751445492619189e-08,0.0,0.0
7.5600000000000005,0.646400251547306,-3.0865125840740024,-1.5707963410290926,0.5622040764329213,-1.2685633454544665,-6.6197033139094e-08,0.0,0.0
7.58,0.6563653540882719,-3.108024292834172,-1.5707963426728326,0.6074660327607144,-1.4051497585715205,-5.4879611351996616e-08,0.0,0.0
7.6000000000000005,0.6685066114115333,-3.13610295539432,-1.570796343772441,0.6527279623097759,-1.5417360917519682,-4.356133743361252e-08,0.0,0.0
7.62,0.6806616139116276,-3.164223096594667,-1.5707963448686124,0.6979898916896937,-1.6783224244275088,-3.224305813293935e-08,0.0,0.0
7.640000000000001,0.6940748963118092,-3.196140332602655,-1.5707963456501364,0.676922014538926,-1.7164010947689232,1.1595725705055947e-08,0.0,0.0
7.66,0.7084197974672181,-3.230868902351195,-1.570796346198698,0.6067441644875775,-1.6815456065357788,7.951238915818455e-08,0.0,0.0
7.68,0.7222369044354762,-3.2653353306396267,-1.5707963462364714,0.5404393412656175,-1.6308766826027534,1.3511300639685267e-07,0.0,0.0
7.7,0.7331864050508347,-3.2983774944426467,-1.5707963434990349,0.495177410540947,-1.4942903503728213,1.2379819859482096e-07,0.0,0.0
7.72,0.7441359056661927,-3.331419658245665,-1.5707963407615984,0.44991547981627844,-1.3577040181428952,1.1248339079278974e-07,0.0,0.0
7.74,0.7534729748513997,-3.35959600895829,-1.5707963384272456,0.40465352944784583,-1.2211176266179147,1.0116794506737236e-07,0.0,0.0
7.76,0.7622325767463802,-3.3860297442346754,-1.5707963362372512,0.3593915720443067,-1.0845312138573389,8.985227087959609e-08,0.0,0.0
7.78,0.770297620415663,-3.410367520300645,-1.5707963342208993,0.31412961182003835,-0.9479447925829867,7.853650490983746e-08,0.0,0.0
7.8,0.7768673222994675,-3.4301928231541003,-1.5707963325783887,0.26886764552291703,-0.8113583529790093,6.722054133903232e-08,0.0,0.0
7.82,0.7834370241832723,-3.450018126007556,-1.5707963309358781,0.22360567922579372,-0.6747719133750258,5.5904577768226674e-08,0.0,0.0
7.84,0.7880401415986599,-3.463908892810184,-1.5707963297850343,0.17834370893534177,-0.5381854617180222,4.458848428007673e-08,0.0,0.0
7.86,0.7924199430409925,-3.4771257619419504,-1.5707963286900217,0.13308173819142416,-0.4015990086923281,3.32723760391309e-08,0.0,0.0
7.88,0.7957510342471042,-3.4871779520051103,-1.5707963278572008,0.08781976616978299,-0.26501255181017436,2.195624142710991e-08,0.0,0.0
7.9,0.7979409350328164,-3.493786386765807,-1.5707963273096932,0.042557792757738355,-0.12842609073146738,1.0640078118487697e-08,0.0,0.0
7.92,0.8,-3.5,-1.5707963267948966,-0.006054061550551236,0.0025656922370302683,-0.011405687260905677,0.0,0.0
7.94,0.8,-3.5,-1.5707963267948966,-0.10738559518894732,0.045509677370239233,-0.20231153991816103,0.0,0.0
7.96,0.8,-3.5,-1.5707963267948966,-0.20871712882733892,0.0884536625034463,-0.39321739257540794,0.0,0.0
7.98,0.8,-3.5,-1.5707963267948966,-0.310048662465735,0.13139764763665526,-0.5841232452326633,0.0,0.0
8.0,0.8,-3.5,-1.5707963267948966,-0.41138019610412657,0.17434163276986234,-0.7750290978899101,0.0,0.0
8.02,0.7997874362453211,-3.4999099161495635,-1.571196791125929,-0.5127302784055164,0.21732216833980716,-0.9658280598858328,0.0,0.0
8.040000000000001,0.7895753859536067,-3.4955820813664453,-1.5904360160573854,-0.614952932355885,0.2620221202826671,-1.1515986400183515,0.0,0.0
8.06,0.779363335661893,-3.491254246583327,-1.60967524098884,-0.7171755863062443,0.30672207222552306,-1.3373692201508538,0.0,0.0
8.08,0.7691512853701794,-3.4869264118002095,-1.6289144659202948,-0.8193982402566038,0.351422024168379,-1.523139800283356,0.0,0.0
8.1,0.7589392350784657,-3.4825985770170913,-1.6481536908517493,-0.9216208942069631,0.39612197611123495,-1.7089103804158583,0.0,0.0
8.120000000000001,0.7487271847867513,-3.478270742233973,-1.6673929157832057,-1.0238435481573316,0.4408219280540949,-1.894680960548377,0.0,0.0
8.14,0.7283998975362967,-3.469519713682418,-1.7050146945360034,-1.1217596104421694,0.4845051297731342,-2.098849943128856,0.0,0.0
8.16,0.7078859910936761,-3.4606870802360667,-1.7429756188133285,-1.2195962190611283,0.5281695731470969,-2.3033583636301658,0.0,0.0
8.18,0.6873720846510554,-3.4518544467897154,-1.7809365430906536,-1.3174328276800868,0.5718340165210596,-2.507866784131476,0.0,0.0
8.2,0.6668581782084347,-3.443021813343364,-1.8188974673679787,-1.4152694362990454,0.6154984598950224,-2.712375204632786,0.0,0.0
8.22,0.6463442717658122,-3.434189179897012,-1.8568583916453074,-1.513106044918013,0.659162903268989,-2.916883625134114,0.0,0.0
8.24,0.616532985044286,-3.4212071289632293,-1.9142536828991525,-1.5296028578154688,0.7326065192670941,-3.1260905439809954,0.0,0.0
8.26,0.5861592419672677,-3.407974053959506,-1.9728246798779436,-1.5411789205999298,0.807851662620356,-3.335581704213779,0.0,0.0
8.28,0.5557854988902494,-3.394740978955783,-2.0313956768567345,-1.5527549833843908,0.8830968059736178,-3.5450728644465626,0.0,0.0
8.3,0.5254117558132284,-3.3815079039520586,-2.089966673835531,-1.5643310461688527,0.9583419493268863,-3.7545640246793646,0.0,0.0
8.32,0.4950380127362102,-3.3682748289483357,-2.148537670814322,-1.5759071089533137,1.0335870926801483,-3.964055184912148,0.0,0.0
8.34,0.4636096168813934,-3.3481864439025935,-2.22619464185679,-1.470854529176475,1.0779138354874302,-4.106119714767026,0.0,0.0
8.36,0.43206925438107885,-3.3273702685495476,-2.3058778650809764,-1.3534201322258164,1.1189581429129745,-4.241025932635658,0.0,0.0
8.38,0.40052889188076146,-3.3065540931964996,-2.3855610883051703,-1.2359857352751475,1.1600024503385222,-4.375932150504303,0.0,0.0
8.4,0.36898852938044685,-3.2857379178434534,-2.4652443115293567,-1.118551338324489,1.2010467577640664,-4.510838368372936,0.0,0.0
8.42,0.33744816688013224,-3.2649217424904076,-2.544927534753543,-1.0011169413738303,1.2420910651896104,-4.645744586241569,0.0,0.0
8.44,0.3161460903430832,-3.240527200257652,-2.6363722901405935,-1.0034254513230345,1.135478861627819,-4.569231622177863,0.0,0.0
8.46,0.2964406021861946,-3.2155746369849854,-2.729651173393538,-1.0244070218264298,1.0058406681157923,-4.459749330003206,0.0,0.0
8.48,0.2767351140293078,-3.1906220737123214,-2.8229300566464737,-1.0453885923298232,0.8762024746037769,-4.350267037828557,0.0,0.0
8.5,0.2570296258724209,-3.165669510439657,-2.9162089398994095,-1.0663701628332165,0.7465642810917617,-4.240784745653908,0.0,0.0
8.52,0.23732413771553407,-3.140716947166993,-3.0094878231523454,-1.08735173333661,0.6169260875797462,-4.13130245347926,0.0,0.0
8.540000000000001,0.2158717302033189,-3.126558021548814,-3.093651243135537,-1.0479102441826853,0.577001337273084,-3.8459119811169047,0.0,0.0
8.56,0.19405174870476008,-3.1146702141752955,-3.175896654046789,-0.9957549770070621,0.555953433139795,-3.5235081968204947,0.0,0.0
8.58,0.17223176720620126,-3.1027824068017766,-3.258142064958041,-0.9435997098314389,0.534905529006506,-3.201104412524085,0.0,0.0
8.6,0.15041178570764244,-3.0908945994282577,-3.3403874758692935,-0.8914444426558158,0.513857624873217,-2.878700628227675,0.0,0.0
8.620000000000001,0.12859180420908167,-3.079006792054738,-3.4226328867805527,-0.8392891754801879,0.49280972073992607,-2.5562968439312366,0.0,0.0
8.64,0.11090963299212873,-3.068788849276787,-3.479299947397899,-0.7615650052938495,0.45430497173659595,-2.2935921004200277,0.0,0.0
8.66,0.09434578640292485,-3.0590222202554225,-3.5290539556701375,-0.6769303360765325,0.41108216699548916,-2.047022197082587,0.0,0.0
8.68,0.07778193981372097,-3.0492555912340573,-3.578807963942376,-0.5922956668592156,0.3678593622543824,-1.8004522937451461,0.0,0.0
8.700000000000001,0.06121809322451563,-3.0394889622126913,-3.6285619722146194,-0.5076609976418911,0.32463655751327186,-1.5538823904076835,0.0,0.0
8.72,0.04465424663531174,-3.0297223331913266,-3.6783159804868575,-0.42302632842457427,0.2814137527721651,-1.3073124870702428,0.0,0.0
8.74,0.03447295967563305,-3.023215268260737,-3.709475397140187,-0.3420662622295169,0.2303591021869562,-1.0603262659383328,0.0,0.0
8.76,0.02643847672513691,-3.0178045730727656,-3.734380435275543,-0.2623421660775515,0.17667017334453516,-0.8132000143543567,0.0,0.0
8.78,0.018403993774640772,-3.012393877884794,-3.7592854734108987,-0.18261806992558616,0.12298124450211412,-0.5660737627703806,0.0,0.0
8.8,0.010369510824143922,-3.006983182696822,-3.7841905115462566,-0.1028939737736137,0.0692923156596883,-0.31894751118638265,0.0,0.0
8.82,0.0023350278736477825,-3.00157248750885,-3.8090955496816123,-0.023169877621648294,0.01560338681726725,-0.0718212596024066,0.0,1.0
8.84,1.5398021996877547e-21,-3.0,-3.816333595813346,-2.0278554978908295e-20,-1.6894879278283607e-15,-1.2566415580505687e-15,0.0,1.0
8.86,1.2679424861376545e-21,-3.0,-3.816333595813346,-1.5594410414957112e-20,-1.2992659332123314e-15,-9.663943378075644e-16,0.0,1.0
8.88,9.9608277258753e-22,-3.0,-3.816333595813346,-1.0910265851005513e-20,-9.090439385962677e-16,-6.761471175645343e-16,0.0,1.0
8.9,7.242230590374299e-22,-3.0,-3.816333595813346,-6.22612128705433e-21,-5.188219439802386e-16,-3.858998973215301e-16,0.0,1.0
8.92,4.523633454873297e-22,-3.0,-3.816333595813346,-1.5419767231031468e-21,-1.2859994936420944e-16,-9.565267707852582e-17,0.0,1.0
8.94,3.627817789301044e-22,-3.0,-3.816333595813346,1.2491153761202635e-24,-2.0035066596185795e-16,4.4248383093301754e-16,0.0,1.0
8.96,3.627987820332184e-22,-3.0,-3.816333595813346,5.607224216997812e-25,-4.991834262917016e-16,1.1024699736078995e-15,0.0,1.0
8.98,3.62812851848561e-22,-3.0,-3.816333595813346,-1.033478229832298e-26,-6.699969867314055e-16,1.8368042899661135e-15,0.0,1.0
9.0,3.62812645277845e-22,-3.0,-3.816333595813346,-1.0315909884446911e-26,-2.1773785095096606e-16,2.932993055311016e-15,0.0,1.0
9.02,3.6281243870712903e-22,-3.0,-3.816333595813346,-1.0297037470570844e-26,2.345212848294733e-16,4.029181820655919e-15,0.0,1.0
9.040000000000001,3.6281223245273555e-22,-3.0,-3.816333595813346,-1.0589602729752878e-26,-6.267735734775103e-16,4.385111806665853e-15,0.0,1.0
9.06,3.6281202635383e-22,-3.0,-3.816333595813346,-1.103525474401061e-26,-2.1337440708202074e-15,4.377168619170564e-15,0.0,1.0
9.08,3.628118183559552e-22,-3.0,-3.816333595813346,-1.1257322465594591e-26,-3.0684249738292884e-15,4.171543843431672e-15,0.0,1.0
9.1,3.628116011157492e-22,-3.0,-3.816333595813346,-1.0391199758021952e-26,-1.217757891018656e-15,3.003797758656741e-15,0.0,1.0
9.120000000000001,3.6281138387554327e-22,-3.0,-3.816333595813346,-9.525077050449235e-27,6.329091917921413e-16,1.836051673881706e-15,0.0,1.0
9.14,3.6281118115250917e-22,-3.0,-3.816333595813346,-9.372454428236483e-27,1.986906494422137e-15,2.148939074999581e-15,0.0,1.0
9.16,3.6281098556537076e-22,-3.0,-3.816333595813346,-9.57055178071864e-27,3.09676645732243e-15,3.1896298069927894e-15,0.0,1.0
9.18,3.628107891341191e-22,-3.0,-3.816333595813346,-8.186689972093962e-27,3.5472212939171265e-15,3.815045098903997e-15,0.0,1.0
9.200000000000001,3.6281058859454696e-22,-3.0,-3.816333595813346,8.96607238932563e-28,7.88334638756621e-16,2.4193042802629412e-15,0.0,1.0
9.22,3.6281038805497476e-22,-3.0,-3.816333595813346,9.979904449958281e-27,-1.9705520164036392e-15,1.0235634616220094e-15,0.0,1.0
9.24,3.6281033976148367e-22,-3.0,-3.816333595813346,3.3871619421452112e-28,-1.4457458995529957e-15,2.7842986540708466e-16,0.0,1.0
9.26,3.62810366304342e-22,-3.0,-3.816333595813346,-1.8506466852599509e-26,6.9315483275187e-16,-1.468986554230473e-16,0.0,1.0
9.28,3.6281031254593267e-22,-3.0,-3.816333595813346,-3.255386901891896e-26,2.0510931641654686e-15,-7.153946223798963e-16,0.0,1.0
9.3,3.6280986795921476e-22,-3.0,-3.816333595813346,-2.3250349826182315e-26,-3.9193233787389563e-16,-1.980690184598307e-15,0.0,1.0
9.32,3.6280942337249685e-22,-3.0,-3.816333595813346,-1.3946830633446496e-26,-2.8349578399130433e-15,-3.245985746816606e-15,0.0,1.0
9.34,3.628091347230233e-22,-3.0,-3.816333595813346,-4.7483902051221016e-26,-1.692044643524147e-15,-2.390344839872061e-15,0.0,1.0
9.36,3.628089227242853e-22,-3.0,-3.816333595813346,-1.0207920620523213e-25,1.2135317331162565e-15,-4.921605610944139e-16,0.0,1.0
9.38,3.6280847808932827e-22,-3.0,-3.816333595813346,-1.1014405709260172e-18,3.598962759253601e-15,-0.06604202359498672,0.0,1.0
9.4,3.628069012079864e-22,-3.0,-3.816333595813346,-7.56361950105177e-18,3.4528331582155934e-15,-0.453512252806462,0.0,1.0
9.42,3.6280532432664456e-22,-3.0,-3.816333595813346,-1.4025798431177525e-17,3.3067035571775863e-15,-0.8409824820179373,0.0,1.0
9.44,-2.1626369170633357e-19,-3.0,-3.8293224527233805,-2.1334092991219017e-17,3.161720778887824e-15,-1.2284527146304625,0.0,1.0
9.46,-5.39372641315111e-19,-3.0,-3.848695964183956,-2.905829451245425e-17,3.0173017197250635e-15,-1.6159229489148033,0.0,0.0
9.48,-8.624815909238597e-19,-3.0,-3.86806947564453,-3.67824960336888e-17,2.872882660562316e-15,-2.0033931831991096,0.0,0.0
9.5,-1.362065632213967e-18,-3.0,-3.8962955325664232,-3.9626637265919514e-17,2.7354759533817844e-15,-2.3908634085059175,0.0,0.0
9.52,-2.1991578067947458e-18,-3.0,-3.9414520586273576,-3.313767645640975e-17,2.6114803503120145e-15,-2.778333616643283,0.0,0.0
9.540000000000001,-3.036249981375599e-18,-3.0,-3.9866085846882964,-2.664871564689941e-17,2.4874847472422337e-15,-3.1658038247806832,0.0,0.0
9.56,-3.8663248264895795e-18,-3.0,-4.032184131019022,-2.0176572846598725e-17,2.363390931419716e-15,-3.5532740320681793,0.0,0.0
9.58,-4.271629068761742e-18,-3.0,-4.103123669940449,-1.4722452065092932e-17,2.2333521346199105e-15,-3.9407441879116876,0.0,0.0
9.6,-4.6769333110339045e-18,-3.0,-4.174063208861876,-9.268331283587136e-18,2.1033133378201052e-15,-4.328214343755196,0.0,0.0
9.620000000000001,-5.082237553306103e-18,-3.0,-4.2450027477833085,-3.814210502080856e-18,1.9732745410202884e-15,-4.715684499598739,0.0,0.0
9.64,-5.237428136184484e-18,-3.0,-4.333710792842794,6.659953925358726e-18,1.840107097919846e-15,-5.103154547326566,0.0,0.0
9.66,-5.2798046918914116e-18,-3.0,-4.43043334114498,1.9398414279885682e-17,1.7055284756394041e-15,-5.4906245462887036,0.0,0.0
9.68,-5.3221812475983395e-18,-3.0,-4.527155889447165,3.2136874634412637e-17,1.5709498533589623e-15,-5.878094545250841,0.0,0.0
9.700000000000001,-5.057661117165681e-18,-3.0,-4.633213416651871,4.2481565485287745e-17,1.0762381250465801e-15,-6.160151942997876,0.0,0.0
9.72,-4.252396021344121e-18,-3.0,-4.755718963895627,4.860848903575798e-17,-5.3019927001769686e-17,-6.256474740242523,0.0,0.0
9.74,-3.4471309255225605e-18,-3.0,-4.878224511139383,5.473541258622822e-17,-1.1822779790501197e-15,-6.35279753748717,0.0,0.0
9.76,-2.6276113853796695e-18,-3.0,-5.00095415583415,6.01475360774444e-17,-2.267509302549021e-15,-6.432205339540306,0.0,0.0
9.78,-1.414649012762475e-18,-3.0,-5.129869207261614,4.583016653294299e-17,-2.137540622835536e-15,-6.044735340578182,0.0,0.0
9.8,-2.016866401451726e-19,-3.0,-5.25878425868909,3.1512796988440313e-17,-2.007571943122039e-15,-5.657265341616022,0.0,0.0
9.82,1.0112757324720215e-18,-3.0,-5.387699310116555,1.7195427443938914e-17,-1.8776032634085538e-15,-5.2697953426538975,0.0,0.0
9.84,1.5498493235986666e-18,-3.0,-5.498363423782579,1.0237343095302447e-17,-1.7454380795745182e-15,-4.882325232640602,0.0,0.0
9.86,1.810106390512879e-18,-3.0,-5.601495476268471,6.3163950879232255e-18,-1.6123664106253262e-15,-4.494855076797102,0.0,0.0
9.88,2.0703634574271147e-18,-3.0,-5.704627528754371,2.3954470805436558e-18,-1.4792947416761223e-15,-4.107384920953567,0.0,0.0
9.9,2.231274550329373e-18,-3.0,-5.797942159545205,-2.3621167449025155e-18,-1.3414913829176935e-15,-3.7199147451980825,0.0,0.0
9.92,2.230624195778703e-18,-3.0,-5.875291202650339,-8.480227526309365e-18,-1.1959931108818877e-15,-3.332444537060721,0.0,0.0
9.94,2.229973841228033e-18,-3.0,-5.9526402457554735,-1.4598338307716212e-17,-1.0504948388460818e-15,-2.9449743289233594,0.0,0.0
9.96,2.207471886987879e-18,-3.0,-6.028605390434722,-2.0270727100518874e-17,-9.055130814617502e-16,-2.5575041193825307,0.0,0.0
9.98,1.7997106742444465e-18,-3.0,-6.080171420679363,-1.8084719928328733e-17,-7.696378450857681e-16,-2.170033885098227,0.0,0.0
10.0,1.3919494615010144e-18,-3.0,-6.131737450924004,-1.5898712756138592e-17,-6.337626087097859e-16,-1.7825636508139229,0.0,0.0
10.02,9.841882487575821e-19,-3.0,-6.183303481168646,-1.3712705583948452e-17,-4.978873723338037e-16,-1.3950934165296187,0.0,0.0
10.040000000000001,6.821159814055545e-19,-3.0,-6.216136123456905,-1.0250920726910504e-17,-3.60119591041295e-16,-1.007623170846592,0.0,0.0
10.06,4.1981589018846674e-19,-3.0,-6.241919139101186,-6.30904351392378e-18,-2.2163961956198124e-16,-0.6201529208741189,0.0,0.0
10.08,1.5751579897137907e-19,-3.0,-6.267702154745467,-2.367166300937056e-18,-8.315964808266742e-17,-0.23268267090164607,0.0,0.0
