0.0,0.7764826726149192,0.03716302793536208,0.8390959467079818,False
0.04591107368469238,0.8175916804685986,0.03924223856376631,0.8805524207132973,False
0.0765998363494873,0.8582024931839477,0.04142761166811748,0.9220088854267942,False
0.10751986503601074,0.898820984897513,0.043593666874656156,0.9634653460715601,False
0.13840866088867188,0.94223054438775,0.04584984721035876,1.0055653786884333,False
0.16932177543640137,0.9952800768383132,0.04888394464226845,1.0521095292494915,False
0.20123553276062012,1.0481055510052069,0.051898715530941684,1.098653672078456,False
0.23315143585205078,1.1002662111071624,0.05507488402287934,1.1451978337740079,False
0.26506519317626953,1.1530788371998457,0.058023801438943416,1.1917419766774713,False
0.2969794273376465,1.20640650356794,0.06107285820615392,1.238286115316901,False
0.32889437675476074,1.2588083726406514,0.06401477678086004,1.2848302501213191,False
0.360809326171875,1.311030430710284,0.06686633853675832,1.3313743688243425,False
0.39272332191467285,1.3629284932388337,0.06989437676557057,1.3779184943584943,False
0.42264342308044434,1.4154190338844597,0.07296287216197661,1.4244625987335189,False
0.4545612335205078,1.4682076761893654,0.0759085517588586,1.4710067270851184,False
0.48647308349609375,1.5194569117526178,0.07891071501363156,1.5175508682433914,False
0.5183870792388916,1.5736701632975296,0.08223372505720755,1.562571745984044,False
0.5503017902374268,1.6292682176082804,0.08570101033429263,1.606801281676753,False
0.5822162628173828,1.6856140616825517,0.08909509121860378,1.651030820355543,False
0.6141324043273926,1.741653439611917,0.09259907184023014,1.6952603757963467,False
0.6450486183166504,1.7976029324631222,0.0961896349625171,1.739489904765289,False
0.6759679317474365,1.8534434480599877,0.09959416585910688,1.7837194464892876,False
0.7078800201416016,1.9110398502311028,0.10325346584137969,1.8279489990601037,False
0.7378003597259521,1.9681810575589989,0.10684964019633186,1.8721785676235414,False
0.7697145938873291,2.0249430179489045,0.11053410766070056,1.9164081062528515,False
0.8017258644104004,2.0803516766650247,0.1140666287905149,1.9606376689076355,False
0.8336987495422363,2.137009529461003,0.11760977777413466,2.0048672223852924,False
0.863821268081665,2.1931334133044924,0.12108584611746673,2.047785589816321,False
0.8947761058807373,2.2503540142275784,0.12531011633455164,2.0851046367423876,False
0.9247362613677979,2.3074741451131877,0.12930019379065982,2.1224236758406816,False
0.9556124210357666,2.3649602830344447,0.13327884185006983,2.15974268962157,False
0.9875268936157227,2.4224648108853524,0.1373095855560124,2.1970617268962354,False
1.0194404125213623,2.479389395625137,0.14133583601121427,2.2343807774736524,False
1.0513548851013184,2.535937774289362,0.1452637047130772,2.271699846985796,False
1.081575870513916,2.592294065134988,0.14942074332222108,2.3090188886049283,False
1.1131439208984375,2.647571089624207,0.15328837846682053,2.3463379212359423,False
1.1444885730743408,2.7051730437330765,0.15727972651855482,2.3836569937897005,False
1.174971342086792,2.7612005032882676,0.16132748961941334,2.42097599970955,False
1.2059650421142578,2.818607518725843,0.16544100210646456,2.458295043731828,False
1.2368829250335693,2.877316227477553,0.1681170827902676,2.4893777243888615,False
1.267096757888794,2.9377153866080428,0.17021429739506716,2.518051468690487,False
1.2986159324645996,2.997088336518932,0.1721841610048408,2.5467252155765125,False
1.3296279907226562,3.056238130530241,0.1740445542301135,2.575398965178337,False
1.3611581325531006,3.1145433234196664,0.17610406410672907,2.604072717274061,False
1.3924822807312012,3.172769817519887,0.17819396250168248,2.6327464781686607,False
1.423985242843628,3.2313523619850337,0.18039856350116706,2.6614202392646806,False
1.456404685974121,3.3026276448332004,0.18390165152388627,2.6900867002782025,True
1.4877734184265137,3.362393792935226,0.18537308510425576,2.7187910399526736,True
1.5196332931518555,3.4206103941316623,0.18753520801148754,2.7474667023681922,True
1.5515477657318115,3.481735483267241,0.18847800982343704,2.7761393252707265,True
1.5820286273956299,3.5410245436005345,0.1877338370728167,2.8025135189700365,True
1.6123549938201904,3.602402744627493,0.18502138157999118,2.8221231774232365,True
1.6444334983825684,3.6616063216214316,0.18043482881663137,2.841743745332706,True
1.6760203838348389,3.725723111645242,0.17753398132626574,2.8613469373680465,True
1.7075402736663818,3.791817794696547,0.17544838353812706,2.8809680690587385,True
1.7390389442443848,3.851242687934189,0.17221156059526638,2.900547185541897,True
1.7699275016784668,3.9163667953140004,0.1694509067911622,2.9201439370575866,True
1.8005907535552979,3.977837828207132,0.1660982385771136,2.9397321423974407,True
1.8317346572875977,4.0383419625807715,0.16261482014609308,2.959328929867767,True
1.862426519393921,4.100162569060325,0.16002819973642654,2.9789109195503185,True
1.8931264877319336,4.162001944419192,0.15499560850618313,2.9985123276844434,True
1.9243264198303223,4.22460522275891,0.14993045620194606,3.0181166372789194,True
1.9558711051940918,4.292049763942947,0.13829286293151985,3.030468308289478,True
1.9869880676269531,4.357199594327438,0.12537642205118427,3.0408492092205295,True
2.0186853408813477,4.419388957299471,0.11208676418676825,3.0512151315226768,True
2.050049304962158,4.4851239528937015,0.09904003278796006,3.061612072165829,True
2.0808191299438477,4.551275406021183,0.08560151263177233,3.0720093717439383,True
2.1116018295288086,4.614896630403948,0.07279327191310403,3.082394458079915,True
2.1432838439941406,4.681703115132354,0.06024154715633957,3.0927901918497844,True
2.174091100692749,4.744689945610494,0.04741021726766731,3.103179337409607,True
2.204897403717041,4.810579727020084,0.03529623203258174,3.113574845722801,True
2.235898017883301,4.880178684406827,0.021911227794899065,3.1239856835165116,True
2.267014503479004,4.948015063586859,0.008993562379388073,3.134351466700419,True
2.297656297683716,5.012285262091309,-0.007452633929626022,3.141951145032583,True
2.328413486480713,5.0733539932391425,-0.03521310921378517,3.1436168731235177,True
2.360325574874878,5.138699661173572,-0.06455285328175463,3.1452608530408703,True
2.39131760597229,5.20171516611369,-0.09131794412006078,3.146926976503612,True
2.4233429431915283,5.259392797775076,-0.11765799923758788,3.1485783513301833,True
2.4546475410461426,5.321455565029874,-0.14391113558387789,3.150218910491965,True
2.485689640045166,5.387444333786876,-0.16960720817423047,3.1518813480085655,True
2.5164339542388916,5.448085159186453,-0.19749684376055776,3.1532309755755907,True
2.547658920288086,5.5087845967908144,-0.2339254544510006,3.1510578766415565,True
2.578643560409546,5.5765990225716005,-0.27111090105963415,3.148871521337234,True
2.610128879547119,5.633820947938942,-0.307402772840925,3.146667109217022,True
2.6414763927459717,5.693952249773025,-0.34375453720007043,3.1444728337444876,True
2.672163724899292,5.752037032407616,-0.37956309634021784,3.142325462734033,True
2.7030787467956543,5.814231128149659,-0.41641459706693384,3.1401437818439,True
2.7329978942871094,5.8779376451998715,-0.45309480989423173,3.137974388057832,True
2.7639148235321045,5.940123987456022,-0.49432729726841546,3.132805674913007,True
2.7938358783721924,5.996268531879917,-0.5369801433444782,3.127076876283547,True
2.825748920440674,6.050812139186167,-0.5810069838879998,3.12132322018444,True
2.8556711673736572,6.103922384807312,-0.6221034391733786,3.1155965912173036,True
2.886587142944336,6.15786876444555,-0.6639065809582054,3.109879918966862,True
2.917534828186035,6.210111468245984,-0.7048606564203846,3.1041688806083925,True
2.949449062347412,6.265038540772187,-0.7488042209955418,3.098456318456904,True
2.9803359508514404,6.314069131814547,-0.7955489255280845,3.0906830506172542,True
3.0112528800964355,6.356458888303203,-0.8422751997732433,3.081586346592454,True
3.0412044525146484,6.4024744669927305,-0.8881783554001987,3.072507384670817,True
3.0731194019317627,6.44680185697273,-0.9356366071244254,3.0634465666837603,True
3.1040117740631104,6.4900072028961775,-0.9813848027432324,3.054351501781881,True
3.1349263191223145,6.535227400610131,-1.0288818832930051,3.045248556978678,True
3.165842056274414,6.57839704580758,-1.0741076306143644,3.0361853576227213,True
3.196756601333618,6.622985719066733,-1.1224262431288918,3.02606886310189,True
3.228672504425049,6.657296324219122,-1.1724755567565825,3.0141516772537136,True
3.2584903240203857,6.694498863769315,-1.2236665743047883,3.002229094022257,True
3.290405035018921,6.728185275929502,-1.2741974460273702,2.990296594611018,True
3.3200645446777344,6.764853743668404,-1.3237749629224158,2.978375765938739,True
3.3519771099090576,6.799765159884548,-1.3745431833201334,2.9664631700762167,True
3.3840153217315674,6.835979443758975,-1.424873043992106,2.9545237318017987,True
3.4148268699645996,6.868115561988311,-1.4751711975374042,2.9423033119206212,True
3.444955348968506,6.892300713845686,-1.523302165145522,2.928222285140568,True
3.4858591556549072,6.909663096308089,-1.5668305228678268,2.9141535199308644,True
3.5237579345703125,6.932023708313878,-1.614906095718895,2.9000863093922793,True
3.5397145748138428,6.955093245351733,-1.6619595151472983,2.8860072994003483,True
3.570875644683838,6.97625594354478,-1.7101832251869762,2.8719466049847586,True
3.6027791500091553,6.997452907518998,-1.7547128262584026,2.857879429765256,True
3.633692979812622,7.021273136054898,-1.8039584068896866,2.8438138903252854,True
3.6635913848876953,7.032680529206681,-1.8504444468588972,2.8283703271818696,True
3.694559335708618,7.04916578490438,-1.8976302417526154,2.8127674435366736,True
3.725482225418091,7.061327738112093,-1.945544237650577,2.797173876138173,True
3.7556638717651367,7.072979160413439,-1.9929288590804028,2.781582241496659,True
3.7859561443328857,7.086583859114036,-2.037347945099755,2.765992002947459,True
3.8171420097351074,7.102300127685124,-2.0815488191420193,2.7503929303706247,True
3.848729372024536,7.1190628651672165,-2.128462293342971,2.7347817201059685,True
3.8786349296569824,7.1261150583417034,-2.172108135795294,2.7184997967500966,True
3.9093377590179443,7.13222819667379,-2.2168329291739295,2.701838695554863,True
3.9412128925323486,7.135871435663534,-2.259143446229235,2.685215713385662,True
3.971662759780884,7.141887727142238,-2.3013250455890146,2.6685890745663823,True
4.003658056259155,7.1497637298920385,-2.3429318912477743,2.6519698241787317,True
4.034870386123657,7.152771296024287,-2.3892066319097434,2.635338949258642,True
4.0669333934783936,7.151463244687802,-2.426847485625968,2.618717645005977,True
4.097373723983765,7.153855037443655,-2.468043132545152,2.6017986810784137,True
4.1281750202178955,7.146540911282385,-2.5067792901433323,2.5844794101836204,True
4.1599719524383545,7.136928509821955,-2.545364682901881,2.5671826850005464,True
4.1918110847473145,7.132079062495741,-2.5840210387239715,2.549879715301926,True
4.222002983093262,7.127614775707318,-2.6255887494491637,2.5325772827021886,True
4.253985643386841,7.124576749762014,-2.666644565158886,2.5152830301923794,True
4.284391164779663,7.118910490422412,-2.7049516308389254,2.497976277699447,True
4.315397024154663,7.109864438576469,-2.7439823073798717,2.4806244237335497,True
4.346808195114136,7.097826568087269,-2.780356268189645,2.4629379277167875,True
4.378725051879883,7.080006782382872,-2.8160292808545977,2.445273377665745,True
4.4104225635528564,7.0672890439244584,-2.8493784675448324,2.427619324967961,True
4.4418299198150635,7.052497732999935,-2.8843274988374494,2.4099548609684502,True
4.473885536193848,7.03836765893376,-2.9227802440323183,2.392294783576967,True
4.50502347946167,7.022365164034212,-2.95818334568826,2.3746185805514615,True
4.535754203796387,7.007886115812658,-2.9995579333321296,2.356926142729084,True
4.567155361175537,6.985024892512406,-3.0295128867600845,2.33917265516864,True
4.599029779434204,6.9598570716980435,-3.0622185619600835,2.321429807047613,True
4.63067626953125,6.930322297665358,-3.0906880001685875,2.3036631076951464,True
4.662591218948364,6.912590850331796,-3.123545599169514,2.285897195500434,True
4.694508075714111,6.885974550966219,-3.155342511920397,2.2681262448469006,True
4.7264204025268555,6.858415918421672,-3.186011718661301,2.2503957558893424,True
4.758435249328613,6.834202779292729,-3.2187935826645595,2.232629656763814,True
4.788921356201172,6.8082209627770744,-3.2486643298718736,2.214864674454317,True
4.819491863250732,6.785818759015057,-3.27826890302508,2.1971034256293023,True
4.850036144256592,6.7589511794938675,-3.3098261575552614,2.1793631428580973,True
4.880384922027588,6.733606503056507,-3.3379146879742425,2.1615994488672445,True
4.910635471343994,6.707565286691619,-3.3672519911296237,2.143820557319249,False
4.941887140274048,6.672479188658993,-3.3899301422032617,2.1263482150451294,False
4.973134517669678,6.6326067154779915,-3.4109730993813843,2.1090534816063324,False
5.003752946853638,6.594079835016814,-3.4315412618446635,2.091746754539114,False
5.035154342651367,6.556496716648757,-3.449519740740424,2.074447825076823,False
5.066440582275391,6.514769374429117,-3.4674310400639157,2.0571356753039476,False
5.098156452178955,6.47321184428472,-3.4822508872998035,2.039812180288651,False
5.130357503890991,6.435680963055066,-3.4969161861838733,2.022541269800116,False
5.1614015102386475,6.400324323334564,-3.5067899780387943,2.0052266232488645,False
5.192286968231201,6.362029849522887,-3.5206547584093433,1.9879158142500832,False
5.2237207889556885,6.330766559275802,-3.5330549110967793,1.9705994708773826,False
5.255126476287842,6.2994081364528425,-3.5432780649960804,1.9533070138114965,False
5.2859132289886475,6.262704897727049,-3.552852919454485,1.9359999481666728,False
5.31745719909668,6.218422428099629,-3.5614423306173837,1.9197662513355882,False
5.349083185195923,6.16395424014164,-3.567247949551369,1.9051191831716585,False
5.379552125930786,6.110327087960924,-3.5696726782634065,1.8904477452461808,False
5.411616086959839,6.060909855223373,-3.5744674632657896,1.875794172692232,False
5.443730115890503,6.009903764443733,-3.5807701316644707,1.8611014582125613,False
5.475900411605835,5.95883690940761,-3.584708787134541,1.8464439461674937,False
5.50632905960083,5.912131335500906,-3.5862898247072668,1.831817193178221,False
5.537662506103516,5.859691748821169,-3.591801280798089,1.8171749688434138,False
5.5686163902282715,5.8089725864143205,-3.5965518694657397,1.8025339598173085,False
5.60038948059082,5.760663247836171,-3.5998593452112915,1.7879071225279497,False
5.631639242172241,5.718900970493082,-3.6022826983624654,1.7732770286316915,False
5.662663459777832,5.683512949272872,-3.604569296415456,1.758627777806309,False
5.694082975387573,5.640380953909255,-3.6069942403327406,1.7447231519855926,False
5.724003314971924,5.580575419299299,-3.6044674078842514,1.7358760448920016,False
5.754956007003784,5.524753033645835,-3.6032193505042045,1.7270296115660384,False
5.785045385360718,5.463102338275098,-3.601781753749047,1.7181874397183807,False
5.815486907958984,5.3958755629222495,-3.60070462392283,1.7093313754194952,False
5.846750736236572,5.3295587282325245,-3.6005406681352596,1.7004691875548903,False
5.8780903816223145,5.262895806223017,-3.599192411495854,1.6916330745365507,False
5.910390377044678,5.186335881298532,-3.5995714229482347,1.6828036222196499,False
5.940786600112915,5.120233149978375,-3.598526230011402,1.6739700396712212,False
5.971672534942627,5.058535524590319,-3.5987247120187247,1.6651324526959415,False
6.002368450164795,4.987118561645495,-3.597825713963838,1.6563005663310113,False
6.033161401748657,4.92077218051684,-3.597940080683675,1.6474420623159842,False
6.064656734466553,4.8555045580288745,-3.5976646465625874,1.6385974848726343,False
6.096207618713379,4.789094096512905,-3.5893610807115808,1.6355633863384567,False
6.127813816070557,4.727214424567666,-3.5805555196543786,1.633457598810363,False
6.158672094345093,4.659884209725757,-3.5733141693352124,1.631357571445382,False
6.190180778503418,4.594610905357384,-3.564223897796511,1.6292654171458754,False
6.22157883644104,4.526658194521534,-3.554362270146079,1.6271629980297861,False
6.252812385559082,4.457894729275173,-3.5441338063984906,1.6250605950228496,False
6.284383535385132,4.389003188155286,-3.5340407676817733,1.6229581854211073,False
6.315378665924072,4.322417352054853,-3.524018721190899,1.6208557624836515,False
6.3474273681640625,4.252641397374623,-3.513754793570418,1.6187533575442123,False
6.379488945007324,4.18420463367756,-3.5036930350688755,1.616650949201472,False
6.411274433135986,4.114750922627227,-3.493386339654314,1.6145485428489914,False
6.442465543746948,4.046283739644846,-3.483119306569181,1.6124461274333517,False
6.473059415817261,3.976921767302397,-3.468003710345261,1.6115933542279612,False
6.503794193267822,3.9099299012212096,-3.4500030642639334,1.6115933432066214,False
6.53441596031189,3.843207125141771,-3.432024936193635,1.6115933383171832,False
6.565430641174316,3.7762241569375146,-3.4141559043948595,1.6115933558123083,False
6.596081256866455,3.709101351036649,-3.396061125880097,1.6115933372929305,False
6.627521991729736,3.642067932551186,-3.3780936826045913,1.611593321041502,False
6.659027099609375,3.5739385319943167,-3.360010044213525,1.6115933232429405,False
6.690343379974365,3.5064957015310583,-3.3418457243897945,1.6115933077675977,False
6.721405744552612,3.4379776743753645,-3.323637917448041,1.6115933207534492,False
6.752715349197388,3.3706267037154687,-3.30543556322572,1.6115933307176369,False
6.784421920776367,3.303226867633596,-3.287181798143612,1.6115933105800362,False
6.816451549530029,3.2369395445875577,-3.2696961484142197,1.6115933003698397,False
6.847419738769531,3.1698834894286234,-3.2500788650743693,1.6115933139891487,False
6.878340482711792,3.102954052182586,-3.2269509690707876,1.611593313485325,False
6.910132646560669,3.036745659633027,-3.2040332917988854,1.611593311030645,False
6.9416093826293945,2.971870434350727,-3.181901345090165,1.611593331246501,False
6.9726574420928955,2.9045428163358564,-3.158642622674553,1.6115933241414417,False
7.004876136779785,2.8401041509817224,-3.1364843882048286,1.6115933219496312,False
7.0361127853393555,2.774547067223538,-3.1139456028393,1.6115933031635183,False
7.067018508911133,2.707795768196925,-3.0912994288271034,1.6115933115423304,False
7.098316192626953,2.6425306261910926,-3.0688057969222364,1.6115933169634018,False
7.130256652832031,2.576387098867368,-3.045953434484688,1.6115933182666309,False
7.160676002502441,2.511592792048626,-3.0237306046019747,1.6115933213543059,False
7.19238543510437,2.4453143715365653,-3.0008750382458693,1.61159333460696,False
7.223156690597534,2.3792313307689135,-2.9778557645907697,1.6115933383506633,False
7.2542665004730225,2.314740978779957,-2.951130564679078,1.6115933298149543,False
7.285197734832764,2.2507091253790805,-2.924616917055375,1.611593327736622,False
7.31577730178833,2.187077617905164,-2.8981468528106573,1.6115933248012873,False
7.346491575241089,2.0017486077940463,-2.8768087452797038,1.6115444068510532,True
7.378632545471191,1.903528051124175,-2.861334524561346,1.6115419098209667,True
7.4096503257751465,1.826201444178003,-2.848747422579707,1.6115650707386293,True
7.440672397613525,1.7531546167498933,-2.833982963294506,1.6115636154627373,True
7.471574783325195,1.6887147326965852,-2.820382597202964,1.6115816262547227,True
7.502794981002808,1.6232515547832314,-2.804443112319994,1.6115829997461297,True
7.534406423568726,1.5566045604094665,-2.787960376100907,1.6115740891471013,True
7.565420627593994,1.4893474573396914,-2.7702643304574233,1.6115900482394536,True
7.596388578414917,1.4274868121713984,-2.7524332381591377,1.6115875385949545,True
7.627758502960205,1.3727120027307147,-2.7321921592200638,1.6115835357400805,True
7.659118175506592,1.3169832870029266,-2.707157088697232,1.611572760188819,True
7.6906750202178955,1.2610121092555504,-2.6840487094565,1.6115708963623732,True
7.721663475036621,1.205388442798106,-2.6615172980929733,1.6115635362943306,True
7.7527501583099365,1.1489812035211013,-2.637657056074154,1.6115597374076174,True
7.783161163330078,1.0881694230696866,-2.6126505864055947,1.6115358154768809,True
7.8144211769104,1.0270832316331946,-2.5875118392877035,1.6115476706458345,True
7.8454389572143555,0.9658218136270593,-2.56000272294143,1.611543776169736,True
7.877046346664429,0.9065495711564466,-2.533559917477396,1.61155051994323,True
7.907976150512695,0.847435265112615,-2.5073610084873925,1.6115529414012157,True
7.938193082809448,0.785231982538763,-2.477793665219344,1.6115435461124419,True
7.968355178833008,0.7234298419919356,-2.4484224873692852,1.611546938281442,True
8.000319480895996,0.6667854843782699,-2.417556078297321,1.6098264198912509,True
8.031931400299072,0.6136536286505831,-2.3803408979653966,1.6065042852490294,True
8.06299114227295,0.557338545346434,-2.342299570105574,1.6031816922935884,True
8.094396352767944,0.5027437419310077,-2.30414949279846,1.59986622309515,True
8.12540078163147,0.4501618979022827,-2.267134753115083,1.5965318052542141,True
8.156391382217407,0.39662703258423126,-2.230187578535971,1.593203893314232,True
8.187400579452515,0.3433655002901233,-2.1933752462031846,1.5898819037948495,True
8.219406127929688,0.2885336418074296,-2.1560684896524873,1.5865571816077448,True
8.251070499420166,0.23122504822041945,-2.1182221824970258,1.583238314227981,True
8.282046794891357,0.1784260127204288,-2.080757429897942,1.5799102466246453,True
8.31299114227295,0.12237551642071963,-2.0414279468427052,1.5765897475610922,True
8.34442400932312,0.06572590260817737,-2.0005763676165698,1.5732630508889285,True
8.375462770462036,0.012621082406589032,-1.958393418868551,1.5679936444316431,True
8.40722393989563,-0.02915342746838326,-1.9100266474557082,1.556796376457657,True
8.438191890716553,-0.07006278515049268,-1.8617704423842725,1.5455814730047255,True
8.46961784362793,-0.11317174500938956,-1.8146013391043632,1.5343789035331201,True
8.500976085662842,-0.15537378978673672,-1.763383322337349,1.5231732521846646,True
8.531887531280518,-0.1967887500994942,-1.7153346201771635,1.5119692085820446,True
8.56286907196045,-0.23754730326787482,-1.667106605996321,1.500762907293407,True
8.594414472579956,-0.27922699778642945,-1.6177230597025514,1.4895517737052661,True
8.625428199768066,-0.320313985674352,-1.5670538647000871,1.478334138519574,True
8.656432151794434,-0.3633243394680129,-1.5168787123868244,1.4671121886632807,True
8.687433242797852,-0.40606359848792234,-1.46692772594387,1.455883409713703,True
8.717981576919556,-0.44014701067288364,-1.414705236111939,1.4392757975123844,True
8.749009847640991,-0.4741057877393613,-1.3606083413171342,1.4210522777805772,True
8.78026294708252,-0.5082247443824486,-1.304860037699018,1.4028245783562334,True
8.811945915222168,-0.5407369794572883,-1.2513970915791834,1.3846058598199658,True
8.844116687774658,-0.5748687604257294,-1.1958456733032123,1.3664123969643027,True
8.875422954559326,-0.6058970811035574,-1.1430203116387925,1.3481937057527444,True
8.906914949417114,-0.6379258888736874,-1.0895346358362659,1.3299783717004505,True
8.938219785690308,-0.6700857911489291,-1.0362323772557005,1.3117720276915241,True
8.969545125961304,-0.7013380952865798,-0.9834344150819998,1.2935668205848425,True
9.000394582748413,-0.7356971076953578,-0.9285986290047419,1.2753442708975868,True
9.032409906387329,-0.7654619756537077,-0.8749685476259088,1.2553218450712929,True
9.064323425292969,-0.7909089950896382,-0.820967504240838,1.2309821073318332,True
9.096238374710083,-0.8170629214788746,-0.7654566910063387,1.206652788102227,True
9.12715768814087,-0.842882741451874,-0.7112055562243431,1.182305476984045,True
9.159071207046509,-0.86913044266682,-0.6555502769946624,1.157943706097879,True
9.190081357955933,-0.8950561372361723,-0.6006371578051057,1.1336100084726373,False
9.221128702163696,-0.9209695174118238,-0.5454606194634283,1.1092763437904731,False
9.253251075744629,-0.9473158771116141,-0.48959522353964235,1.0849426459637033,False
9.285175800323486,-0.973273418820817,-0.4349381524393031,1.0606089636080736,False
9.317428827285767,-0.9988582373202723,-0.3808349428687249,1.0362752759371308,False
9.34923005104065,-1.0249191096812604,-0.326006397064578,1.0119415810703543,False
9.380136966705322,-1.0499023618761574,-0.2710504320217633,0.9836196445295621,False
9.412051916122437,-1.0741066252137865,-0.2175055784254255,0.9544303337517168,False
9.44296908378601,-1.098517162634281,-0.1635586208492592,0.925241005135106,False
9.473886489868164,-1.1232254314347168,-0.10898479372827785,0.8960516838054927,False
9.505802631378174,-1.14766266574745,-0.055313519859939195,0.8668623619399709,False
9.537702083587646,-1.1720634910972394,-0.0018568102850636667,0.8376730204765206,False
9.56833791732788,-1.1965224661406446,0.05235955162201303,0.808483698615778,False
9.599574565887451,-1.2209825993208798,0.10665327776930131,0.7792943605208098,False
9.631247997283936,-1.2454149202105231,0.1605273628239698,0.7501050395072972,False
9.661932945251465,-1.2691459283397521,0.2135929303895739,0.7209157068011237,False
9.693413972854614,-1.2943259908763747,0.26710679758948225,0.6904696748382628,False
9.72537636756897,-1.3208916719735369,0.3201385410681725,0.6576452137354188,False
9.757535219192505,-1.3477583685672085,0.373014798256518,0.6248207779993271,False
9.788184404373169,-1.3743286292693546,0.42558328743722534,0.5919963356491087,False
9.818115949630737,-1.4008809983134691,0.47778463332088295,0.5591718950185998,False
9.848034143447876,-1.4274520778508402,0.530387420728712,0.5263474535473909,False
9.87994909286499,-1.4536556357806474,0.5822856736497958,0.49352300865214294,False
9.911864757537842,-1.4801169957320846,0.6348299100708161,0.4606985790284203,False
9.943779468536377,-1.5067068916354502,0.6876239909561503,0.4278741474355575,False
9.975164413452148,-1.5334037291364733,0.7405860135550412,0.3950497238878498,False
10.005387783050537,-1.5599392583581015,0.7929585092010452,0.3622252773463362,False
10.036907434463501,-1.5901526143356608,0.8429056036346065,0.3285327498979762,False
10.067798376083374,-1.619977778841136,0.891695130583662,0.2947105792824045,False
10.098535299301147,-1.6496544242003357,0.9402174410774545,0.2608884102655603,False
10.130502939224243,-1.6800475176614726,0.9894637991972306,0.22706624863428848,False
10.161990880966187,-1.7103422313155037,1.038511516231074,0.19324410457013083,False
10.192976236343384,-1.740277010184358,1.087135149345178,0.1594219268981607,False
10.223154783248901,-1.7701514251914983,1.1355188203670998,0.12559978017246085,False
10.253827571868896,-1.8003102155058652,1.1845356295546434,0.09177762587752487,False
10.284364700317383,-1.8308197896817051,1.2340923751209192,0.057955440669078026,False
10.316438436508179,-1.8607518579559037,1.2826935253647282,0.02413328697942995,False
10.347317457199097,-1.8909142680064193,1.3266807926902844,-0.008230680261489624,False
10.378627300262451,-1.921128163244771,1.3629167858319167,-0.038355733061367595,False
10.41055154800415,-1.951737677689858,1.3996249555006735,-0.06848080243110255,False
10.442465543746948,-1.9826159649695696,1.4366138122412146,-0.0986058800467545,False
10.474382638931274,-2.023228267302996,1.4913717411109921,-0.12874853658523883,True
10.505299091339111,-2.053572373634307,1.524421104173703,-0.1588880532122264,True
10.536216259002686,-2.0865501800316877,1.5634752002713495,-0.1890285957969699,True
10.568155765533447,-2.117386098982772,1.5991838157944085,-0.21915828140343407,True
10.600078344345093,-2.1496377187375417,1.6363174511330092,-0.24930971385846573,True
10.631605863571167,-2.1798663271056316,1.6723749924968154,-0.27943242792955764,True
10.662988424301147,-2.208326957574017,1.708500004687512,-0.3095658347721728,True
10.694400787353516,-2.2377364358766876,1.7344109711059563,-0.33327495891092546,True
10.726414203643799,-2.2677595441630105,1.7586457839993295,-0.3564390540144408,True
10.758315801620483,-2.295647234246468,1.7801231021708932,-0.37959521692846054,True
10.78993034362793,-2.3239437899249262,1.8024316942006908,-0.402741584157581,True
10.820799350738525,-2.352992174536094,1.8259701932480557,-0.4258954547129985,True
10.851551055908203,-2.3826296107070446,1.8508188457444237,-0.4490592606734602,True
10.88342809677124,-2.413731188875726,1.8746732821645367,-0.4722091731381086,True
10.914418935775757,-2.4412806642202183,1.89825646009159,-0.49537012707890804,True
10.94588303565979,-2.4683401073027342,1.9197081371706046,-0.5185273439214962,True
10.977854251861572,-2.4970665999346195,1.94265857267726,-0.5416763027950945,True
11.009458303451538,-2.5217356408844305,1.9583699026517114,-0.5612837726330476,True
11.040727376937866,-2.5467493942649666,1.9675578832277356,-0.5764232299022903,True
11.071653842926025,-2.573003970160645,1.976489719030444,-0.5915733763703388,True
11.103568315505981,-2.5989087610221118,1.9869142923925427,-0.6067147791116303,True
11.135483026504517,-2.626606388813108,1.996409557537208,-0.621848819147985,True
11.16640019416809,-2.6519405058078718,2.0052694546751453,-0.6369962460204903,True
11.198314905166626,-2.678422147954884,2.015433661136508,-0.6521262694292349,True
11.22988510131836,-2.702665759722874,2.0237550638066653,-0.6672728894752529,True
11.260338544845581,-2.730059100940629,2.033376454660702,-0.6824095621140741,True
11.2920081615448,-2.7545018022076153,2.0421481540911253,-0.6975351175705846,True
11.32316255569458,-2.781427489860083,2.0524339267339062,-0.7126682463202587,True
11.354759931564331,-2.803477176006687,2.051090252174603,-0.7198497701510704,True
11.386106014251709,-2.823924764915904,2.046027056551674,-0.7267667000852549,True
11.417402029037476,-2.843660823514782,2.041958281671396,-0.7337002856407171,True
11.448797464370728,-2.8664053570664665,2.038331412434526,-0.7406102620136575,True
11.479426145553589,-2.888896984702794,2.035071557373764,-0.7475320267891672,True
11.51065731048584,-2.907665498175339,2.0303081880374574,-0.7544370127316812,True
11.541966199874878,-2.9313030211098545,2.026830510923012,-0.761347769271825,True
11.573045492172241,-2.9568252577385925,2.0243378731649715,-0.7682584494688306,True
11.603765964508057,-2.9767173457239613,2.02074854103986,-0.7751680308895563,True
11.65818977355957,-2.9993892642399524,2.0173783277184407,-0.7820774056199671,True
11.689107179641724,-3.018237792780659,2.007713326475021,-0.7847672943933415,True
11.71317720413208,-3.0342322804960946,1.9895299536308721,-0.7830623570171423,True
11.729247093200684,-3.052238832092028,1.9727978713881336,-0.7813655446065542,True
11.761398553848267,-3.068986399409721,1.9543329914752785,-0.7796706424247399,True
11.792401790618896,-3.086360555833256,1.9371120700293596,-0.7779607747030756,True
11.823024988174438,-3.1013453392261487,1.920182526053374,-0.7762655553952449,True
11.853543519973755,-3.1194739571787866,1.9032725594313311,-0.7745536754254152,True
11.885076522827148,-3.1363048439359256,1.885712608125043,-0.7728406453013431,True
11.916991233825684,-3.1516919436974136,1.8691593627142047,-0.7711449370032143,True
11.947908639907837,-3.167318663526742,1.8514716043741815,-0.7694576400156645,True
11.979822158813477,-3.1798818092878554,1.8312434849580543,-0.7646462216617338,True
12.011736392974854,-3.1897231578950684,1.802372926951134,-0.7548994013246182,True
12.042886734008789,-3.2011783073400757,1.7721421746082346,-0.7451417185465667,True
12.07413649559021,-3.2153087311021062,1.7427920184633892,-0.7354084799371479,True
12.105197668075562,-3.2267935635225333,1.7148434305573041,-0.725668068484185,True
12.137141227722168,-3.2399543499777317,1.6857867310700518,-0.7159143848596798,True
12.168295621871948,-3.2520657557039216,1.655342152969462,-0.7061653963157821,True
12.200171947479248,-3.263376195492933,1.6247822363083808,-0.6964277366430549,True
12.231963872909546,-3.273620495740614,1.595619897693792,-0.6866832331563362,True
12.262829065322876,-3.2847269013212097,1.5660367531613975,-0.6769513425824697,True
12.294433832168579,-3.2956665797856974,1.531182536573597,-0.6652346054276308,True
12.34196424484253,-3.3017575486663233,1.488575619604657,-0.6486071075177038,True
12.387993335723877,-3.308332117771327,1.4455483133191485,-0.6319633485533185,True
12.418765783309937,-3.315533823655041,1.4017925764536425,-0.6153296818898646,True
12.450254201889038,-3.3215249633996935,1.3591660441713396,-0.598701899885395,True
12.480457544326782,-3.3285757755794307,1.3156953826175894,-0.5820638180901146,True
12.511740446090698,-3.3359293259542273,1.2721305596112102,-0.5654354697475494,True
12.543031930923462,-3.343787724837483,1.230080610765521,-0.5487915647805321,True
12.574429512023926,-3.351075881251445,1.189607191353377,-0.5321619825661634,True
12.605997085571289,-3.35823569038189,1.146513947749356,-0.5155281250075356,True
12.637296199798584,-3.362544450147713,1.1012674646917835,-0.49804484920004255,True
12.668262958526611,-3.3641821408858292,1.0455402719182998,-0.47679195954325276,True
12.698768138885498,-3.3672914248308348,0.9889311498636839,-0.4555563851818877,True
12.730460405349731,-3.3679461877503654,0.9329449516378077,-0.4343021236571164,True
12.760753631591797,-3.3686796047252443,0.8790891886772618,-0.4130645808917376,True
12.79241418838501,-3.3694806129836756,0.8277529739861138,-0.39183306823946296,True
12.823330640792847,-3.370038868773028,0.7718681922241933,-0.3705907803849253,True
12.85524606704712,-3.371086360472231,0.7153491598902886,-0.34935731485518845,True
12.887160062789917,-3.3712667998339443,0.657001739954513,-0.32813273580803065,True
12.919075012207031,-3.373041141653201,0.6025450700530313,-0.3069097849659419,True
12.951207637786865,-3.373974004884595,0.5468002053191052,-0.2856440436430865,True
13.01396369934082,-3.369210345128386,0.48500035421041887,-0.26382347745973206,True
13.029921293258667,-3.363973153741478,0.4229959159289378,-0.24202692174652424,True
13.06108021736145,-3.3578379564009944,0.3604117286790962,-0.22020660476851722,True
13.09220266342163,-3.352370809649768,0.29881412647493255,-0.19839013794948573,True
13.1222083568573,-3.3478520918202266,0.23806960212638506,-0.17658076988395688,True
13.153532266616821,-3.342703217793189,0.17436921263946567,-0.154773149080146,True
13.184765100479126,-3.336494708890294,0.10951042128811339,-0.13296084790781518,True
13.216408252716064,-3.3308563393241544,0.04489662207321521,-0.11113932440606333,True
13.246390104293823,-3.324674393841618,-0.013348128620501273,-0.08932887506585982,True
13.277751445770264,-3.3193860422008186,-0.07512587641330606,-0.06751371154311615,True
13.308634757995605,-3.3094181548855284,-0.13828652008928338,-0.04824578216145335,True
13.339738130569458,-3.299767143092172,-0.20049278097530132,-0.029031352640977944,True
13.370559215545654,-3.2888986104373825,-0.2625701273876555,-0.009831179501215214,True
13.401293992996216,-3.2781257443122938,-0.3229257092855339,0.009377237955353486,True
13.432130813598633,-3.267165366123689,-0.38558600475692895,0.02856361091454703,True
13.463155746459961,-3.256631504610543,-0.4533683304554458,0.047766175354351265,True
13.495377779006958,-3.2461724118206963,-0.5135800249302371,0.06696400493109902,True
13.526391983032227,-3.2358803443759094,-0.5762563006420618,0.08616441740788955,True
13.55802607536316,-3.224106708115983,-0.6415452240991095,0.10535663574588955,True
13.588869571685791,-3.212652731803007,-0.7052193352323026,0.12454790666098037,True
13.619522094726562,-3.197206067721501,-0.7649235835513977,0.14165941513701927,True
13.650186538696289,-3.1797644550297037,-0.8270558490822212,0.15847387736041355,True
13.680728912353516,-3.162954623892221,-0.8901997615183797,0.17527827812033459,True
13.711966753005981,-3.145123111988382,-0.9538596125099268,0.19209116922394737,True
13.742889881134033,-3.1290840876586388,-1.017589988351438,0.20890810732523987,True
13.77491807937622,-3.111613574267162,-1.0784789593346678,0.22570553981786426,True
13.806832551956177,-3.0946421644849336,-1.1414396656164914,0.2425284018356931,True
13.838747262954712,-3.077894568615753,-1.2045297651431324,0.2593423285842397,True
13.869664430618286,-3.061181119684129,-1.264967030535821,0.2761419122023155,True
13.901578903198242,-3.0435618145960324,-1.3298116384863494,0.29294922384159605,True
13.932878732681274,-3.0212301314102468,-1.3915196420379592,0.30880392566622705,True
13.964201211929321,-2.996962171568796,-1.452316241983214,0.32436058207403967,True
13.99543309211731,-2.972515716947865,-1.5102665975153167,0.33991834873692073,True
14.027435302734375,-2.947026166688835,-1.5710158987123997,0.35548766651821473,True
14.059478759765625,-2.9223329422106787,-1.6319292266196546,0.3710538250845249,True
14.091032266616821,-2.896518837985566,-1.6958374339652347,0.3866227930117888,True
14.12243390083313,-2.8718094526375575,-1.7545554416246445,0.40218129239253475,True
14.153829097747803,-2.84800070845922,-1.815519050182318,0.4177390166914453,True
14.184386253356934,-2.822551080656642,-1.8757379739326572,0.4333008479754974,True
14.21639895439148,-2.798177431146156,-1.9340395322695352,0.44886615059206336,True
14.246387243270874,-2.766065009371033,-1.9931312831407482,0.4645719357871515,True
14.277872085571289,-2.732443782393554,-2.0498041298472947,0.48035727761998287,True
14.309221744537354,-2.69824823047011,-2.1044531737831313,0.496155795755559,True
14.339824914932251,-2.6643961259075333,-2.1597438551305643,0.5119397808566332,True
14.371410608291626,-2.6310070208477123,-2.2170296454667477,0.5277205524833284,True
14.40276837348938,-2.598454126071223,-2.270932199844127,0.5435016269966024,True
14.43442440032959,-2.5641800571494304,-2.326902822289731,0.5592771867757826,True
14.465428590774536,-2.5297373617387398,-2.3835637862728696,0.5750687496141574,True
14.497448682785034,-2.4964179454749056,-2.4385731270338886,0.5908596241792657,True
14.528470993041992,-2.462459077921584,-2.4951367808678855,0.6066350730174184,True
14.559240341186523,-2.422651255392184,-2.5453265024775846,0.6230912243485023,True
14.589956521987915,-2.377830545797374,-2.593191132152435,0.6400684673870005,True
14.62056040763855,-2.333531689665265,-2.638961805849816,0.6570272847010719,True
14.651552677154541,-2.28876229923877,-2.6875161320159417,0.6739956286443431,True
14.68290114402771,-2.2454114693344245,-2.7357340434432125,0.6909798794757308,True
14.714371919631958,-2.200865390096243,-2.78178089597652,0.707943398635809,True
14.74644422531128,-2.1572084677234677,-2.828906510945528,0.7248988736624736,True
14.777461290359497,-2.112736874952427,-2.8753251927771726,0.7418689916677195,True
14.808454513549805,-2.0682155214297806,-2.9244238644582734,0.7588414226008398,True
14.83842420578003,-2.0238359806151305,-2.971750390047955,0.7758084828200409,True
14.869527816772461,-1.9754457509210666,-3.015318150790456,0.7932373920474955,True
14.900578737258911,-1.9216021983947724,-3.0507580892829473,0.8111920248601692,True
14.931681632995605,-1.8700350983813596,-3.0865538302336484,0.8291527605681971,True
14.962924480438232,-1.8167873355106048,-3.1207171253230133,0.8471116684795826,True
14.994418621063232,-1.766413162600988,-3.1541013281454546,0.8650571272409464,True
15.025416612625122,-1.712207180588572,-3.1912748807270006,0.8830028861272262,True
15.056061267852783,-1.657473117200338,-3.2267785439116623,0.900952179497258,True
15.087447166442871,-1.6021302236219706,-3.2643842089194357,0.9189012541983653,True
15.118347406387329,-1.548653841159948,-3.2988984765169915,0.9368648784151583,True
15.150504112243652,-1.495864887843881,-3.334733723535459,0.9548041089041586,True
15.182055473327637,-1.439862210621828,-3.3620795417588756,0.9724240210331236,True
15.213102579116821,-1.379314792753009,-3.386890787395001,0.9899240775444285,True
15.244418859481812,-1.3179151756022085,-3.411996269795302,1.0074226503189767,True
15.275425672531128,-1.2556800294901858,-3.43683588938043,1.0249309904319042,True
15.307058095932007,-1.195258626698272,-3.4595024292492007,1.0424441317025788,True
15.338110446929932,-1.1388007850121884,-3.481779209836986,1.0599392696855503,True
15.36915397644043,-1.0823022396390365,-3.503430191548995,1.0774392771114278,True
15.4004545211792,-1.0256300328689307,-3.5264973171329177,1.0949376321629156,True
15.43033742904663,-0.9698979032782177,-3.547443601680648,1.1124331827762508,True
15.46198320388794,-0.9155008440714236,-3.5634289547560467,1.1299323128584726,True
15.492944478988647,-0.8564177524794405,-3.5730507893731986,1.1459408391749304,True
15.524462461471558,-0.7947583122501701,-3.5840303611081867,1.1618742187845181,True
15.556237697601318,-0.7334466147403432,-3.5940955775656773,1.177808619270513,True
15.587115049362183,-0.6718474933098373,-3.6030919088031244,1.1937420831219192,True
15.61777639389038,-0.6114235227653777,-3.6107873866753675,1.2096809195668947,True
15.648438215255737,-0.5540986808595987,-3.616991461187413,1.225616035677787,True
15.679944038391113,-0.49544412206566313,-3.624358804411758,1.2415603881647774,True
15.71072793006897,-0.43459155214906686,-3.6305963747699823,1.2575067023650597,True
15.742003679275513,-0.3756579571807739,-3.6357018537143064,1.2734440900092157,True
15.77304983139038,-0.31651187442084616,-3.639824813282389,1.2890493389361946,True
15.803746223449707,-0.24967122942543074,-3.642498306956842,1.3031452595436863,True
15.834883689880371,-0.18888256192785058,-3.645059172370072,1.3172521453691337,True
15.865841388702393,-0.12436456942194053,-3.6476176802720213,1.3313704884381563,True
15.897072792053223,-0.06002860495611512,-3.64977170343777,1.3454759669036715,True
15.929286003112793,0.0002971908716976878,-3.651232823545377,1.359584417456606,True
15.960099458694458,0.06214610550509579,-3.6525277105002916,1.3736960976840091,True
15.990720510482788,0.12608487726414644,-3.654323270200392,1.387789747089531,True
16.022237539291382,0.19088102841161295,-3.6555080340332973,1.4018968073318105,True
16.05306077003479,0.25453713437145453,-3.656870620299175,1.4160063082840746,True
16.084426403045654,0.32146035521010896,-3.6569993833564904,1.429537346610103,True
16.114970445632935,0.3888258312956365,-3.6565779795180005,1.4423338061841884,True
16.14664626121521,0.4564644291815431,-3.656725863680134,1.4551088125504388,True
16.177606105804443,0.5257143192172613,-3.6568456879906934,1.4679042967267355,True
16.209044933319092,0.5950881094060048,-3.6565695810347005,1.480696599189502,True
16.240023374557495,0.661173301752408,-3.6565184920945675,1.4934769143730522,True
16.270490407943726,0.7274971998687181,-3.656678547037857,1.5062702305043327,True
16.301489114761353,0.7919283736326583,-3.6562176939159987,1.519066882987798,True
16.333205699920654,0.8597949699261437,-3.6561096995743054,1.5318728600184293,True
16.36440896987915,0.9251071287254518,-3.65594698973004,1.5446694557805136,True
16.395680904388428,0.9933705623534985,-3.654362830337429,1.5573255662793124,True
16.427289485931396,1.061664891739952,-3.6518071402708876,1.569922598299149,True
16.458558797836304,1.126882861848416,-3.6490198940872123,1.5825039128890308,True
16.490341901779175,1.1906386965771993,-3.647086798004975,1.5951005808563248,True
16.521350622177124,1.2564270479238187,-3.6451349402437696,1.607696492224908,True
16.55308961868286,1.3225300109442362,-3.643142868159109,1.620288179625501,True
16.58317542076111,1.389050849751639,-3.641944742092628,1.6328784559860388,True
16.614285469055176,1.4533548868932946,-3.640748353544095,1.645465462798049,True
16.646323919296265,1.517751222955199,-3.6395236198442547,1.6580562012387932,True
16.677794694900513,1.58272931218537,-3.637838434947299,1.6706454317836106,True
16.709439754486084,1.648005444497442,-3.6318331823676733,1.6843284643257173,True
16.741676568984985,1.7136661607133359,-3.6251012611516886,1.6981070405317087,True
16.773855686187744,1.7807676060812754,-3.6179584459213205,1.7118756923293175,True
16.80540657043457,1.848596413744134,-3.6118100290745154,1.725645576328372,True
16.83709454536438,1.913724402839477,-3.6052105761900903,1.7394103612295209,True
16.868005990982056,1.9786613716677979,-3.5993245211917464,1.7531724877858748,True
16.89953637123108,2.041838558675044,-3.5932808073251596,1.7669462364226254,True
16.930601596832275,2.103590838601971,-3.587994717694864,1.7807097601389126,True
16.961838722229004,2.1665973839196893,-3.582142846402406,1.7944733710934053,True
16.99299168586731,2.233252602176462,-3.574420265781991,1.8086402136315056,True
17.024445056915283,2.296057358674072,-3.5612342871303664,1.8247670110777356,True
17.055358171463013,2.3553027660789447,-3.5469197341532634,1.8409009907099088,True
17.086082220077515,2.418398216653965,-3.533363652483237,1.8570452015011543,True
17.117189645767212,2.4812994716573957,-3.519816869832863,1.8731800700910195,True
17.14861798286438,2.538984760869146,-3.506597196300098,1.8893147326485706,True
17.179957628250122,2.601303734080905,-3.4939943419281745,1.905452776842176,True
17.211424112319946,2.6660337360327424,-3.4796091163072047,1.921590878916848,True
17.24316096305847,2.7318271462696497,-3.4655345608415717,1.9377158086660247,True
17.274436235427856,2.7945590700195027,-3.4520064232111887,1.9538474167985904,True
17.305415391921997,2.8531681063540795,-3.434256721696748,1.9711343152812826,True
17.33610248565674,2.907363052406468,-3.4110948647622763,1.990084989175371,True
17.367316484451294,2.963854259639113,-3.3872928843418615,2.0090342450664584,True
17.39918065071106,3.0268156337844934,-3.360921803054128,2.027987223848789,True
17.429871082305908,3.0814751024077363,-3.3391508450252276,2.0469403283952414,True
17.461287021636963,3.141959891533752,-3.315462411372987,2.0658813560391085,True
17.492326498031616,3.196730330445664,-3.293286590804908,2.0848333364740084,True
17.522889852523804,3.253920252681991,-3.2712567102434935,2.1037806936571375,True
17.554760694503784,3.3118068052847076,-3.248135151812869,2.122734227665841,True
17.585265159606934,3.3673621098247124,-3.22609964147232,2.1416823087429098,True
17.617673873901367,3.4190457148927544,-3.194529911881727,2.162136109919894,True
17.649458169937134,3.46634645405599,-3.1599830912587694,2.1833927010261136,True
17.680745124816895,3.5159322813567284,-3.126164828918216,2.2046496191139324,True
17.711970329284668,3.5647374216117367,-3.0926250164479803,2.225914439663384,True
17.7430362701416,3.61202464437343,-3.0596006956843533,2.247166542755279,True
17.77441430091858,3.6627672277871355,-3.0243790310509504,2.2684272570648485,True
17.805964708328247,3.715578179788177,-2.989313919395517,2.2896841221193016,True
17.837083339691162,3.769294600370479,-2.953375322450393,2.310939285201327,True
17.868213653564453,3.8194080692065193,-2.919153914711816,2.332198546863588,True
17.89816927909851,3.870869482762335,-2.884492087434118,2.3534620526504333,True
17.928617238998413,3.912438175917556,-2.840636911075476,2.375711135159452,True
17.960302352905273,3.9539263050143676,-2.7937542592972475,2.398058120984899,True
17.99165678024292,3.9957371226451572,-2.7502172549271213,2.420410237300441,True
18.022478103637695,4.035289889700596,-2.7056452884109166,2.4427598801279355,True
18.05372929573059,4.076481544439063,-2.660066244082472,2.465119660620462,True
18.08485746383667,4.117417329077705,-2.6150759025451262,2.4874821123308974,True
18.116435050964355,4.158597018204877,-2.569858297267799,2.509837210769856,True
18.147899866104126,4.200451898310013,-2.524260367893123,2.5321856037289416,True
18.17847228050232,4.2427190771296655,-2.4783505996928317,2.5545414806839424,True
18.209854125976562,4.283944346618572,-2.433959623686339,2.576892549447471,True
18.24072766304016,4.3169095882684285,-2.3799175178637637,2.5989711988952013,True
18.271960020065308,4.346124136870073,-2.3262404866595476,2.621006689952848,True
18.30274724960327,4.377597053460821,-2.273116437769239,2.643052078487029,True
18.333958864212036,4.405903956277151,-2.2220273057926114,2.6650925493718165,True
18.36543560028076,4.4357100983131454,-2.167883461957603,2.6871243590543066,True
18.39640212059021,4.465782300963492,-2.114779975953179,2.7091562539526866,True
18.427802085876465,4.496876586947037,-2.0619544059229744,2.73120114980004,True
18.458882570266724,4.527821798242508,-2.0087330640789554,2.7532366000902693,True
18.49013042449951,4.562292534691422,-1.9519474150816079,2.7752847414121167,True
18.52070665359497,4.5934497971311465,-1.8972182075681034,2.79732439481226,True
18.55137825012207,4.613900519604412,-1.8389959691198539,2.8182237972969806,True
18.583036422729492,4.632473675889017,-1.7781078561063757,2.8389653679608684,True
18.6143856048584,4.651112616433774,-1.7208148200773057,2.859706465249965,True
18.645429849624634,4.669002061877595,-1.6653496995033277,2.880445186722881,True
18.677443981170654,4.6895348773038865,-1.605563488588031,2.901180982584939,True
18.70916986465454,4.709469833107227,-1.5459930226683536,2.9219285795388648,True
18.740758895874023,4.73053350527533,-1.4869673295593993,2.942667201308735,True
18.771915435791016,4.749896599181142,-1.4261709332532662,2.963405562193558,True
18.802709102630615,4.770057395976975,-1.3668075952506804,2.984147064269684,True
18.834411144256592,4.787800464717483,-1.3071927668511427,3.0048812695865728,True
18.866418600082397,4.7987052072597915,-1.2507029436698356,3.0243825541871896,True
18.89745807647705,4.807915977690767,-1.190086178928869,3.0436803823406375,True
18.929466724395752,4.8164458420059075,-1.1301943493172124,3.0629815285339994,True
18.960697889328003,4.827750569205026,-1.0668535047332375,3.0822731435672246,True
18.99198031425476,4.8356301470993515,-1.008605500464852,3.1015791016830496,True
19.022953510284424,4.8480475660436575,-0.9469045895102446,3.1208811097771063,True
19.054735898971558,4.8579499593527515,-0.8845588163929126,3.140171303842986,True
19.08705711364746,4.865853785991014,-0.8230032790221311,3.1594757027519487,True
19.11812138557434,4.876891046988539,-0.761179822207777,3.178768768402056,True
19.150189876556396,4.885737882655497,-0.697887511038451,3.198064515347857,True
19.18075466156006,4.893427099870255,-0.6344058504374629,3.21617209408785,True
19.21195888519287,4.896220916872339,-0.5721855693721645,3.23405438376528,True
19.243186712265015,4.8983069686233165,-0.5108799790655951,3.2519404802713847,True
19.274414539337158,4.901397116166878,-0.44719345355594453,3.2698189917792537,True
19.30597162246704,4.905077948878627,-0.38438156279626595,3.287714153923078,True
19.337432146072388,4.90816108360504,-0.3208552143547787,3.305604475054972,True
19.36824107170105,4.910470984688615,-0.261680378866867,3.323493776388232,True
19.400214433670044,4.915368953030096,-0.196179459925451,3.341378082173555,True
19.43072271347046,4.920318067483568,-0.13003220625690085,3.3592637510981245,True
19.4619619846344,4.924186481770861,-0.06879789021307736,3.377151911739584,True
19.49317979812622,4.92319112756403,-0.008264167559414762,3.3938853846934385,True
19.524415493011475,4.920934013146565,0.05664869931133194,3.4103927533390825,True
19.555859088897705,4.919299994352892,0.11915413101975596,3.4268939039955173,True
19.586870670318604,4.9187195297898825,0.18410993378447438,3.4433976067006467,True
19.61822819709778,4.9165844288272735,0.24400155732748546,3.459903587081147,True
19.650489330291748,4.914180741135481,0.31058474728060537,3.4764111861704947,True
19.680736780166626,4.912414035613493,0.37412557121717716,3.4929218480580104,True
19.711947917938232,4.909188011922851,0.43650504656809164,3.509421744246548,True
19.74266481399536,4.908333964893824,0.5034625260692954,3.5259378149423837,True
19.77441382408142,4.907512252121505,0.5653482591495134,3.542436506307163,True
19.805010080337524,4.899501580319915,0.626190668626855,3.5575129072643126,True
19.83521842956543,4.891296330494924,0.6882892442430824,3.57228512502426,True
19.865410089492798,4.882089216970708,0.7528336545622626,3.587043316922567,True
19.89645528793335,4.876704174183494,0.8136022904933671,3.6018056486435843,True
19.927452325820923,4.870666126295213,0.8769629356267903,3.616567756454654,True
19.95830774307251,4.86214680061364,0.9396127937871628,3.631336072347583,True
19.99001169204712,4.85485010377224,1.003460863172916,3.6460976940653635,True
20.02064037322998,4.848341723644037,1.0661896579698404,3.660852819946029,True
20.05141258239746,4.841627904824241,1.1280476503368921,3.6756172890219805,True
20.08298659324646,4.835543740074102,1.1911642156880107,3.6903830970485005,True
20.114392042160034,4.82028387056104,1.2534560487433586,3.7030319166706596,True
20.146743774414062,4.802596700339427,1.3201233415678786,3.7151861487620472,True
20.177417039871216,4.786796382598816,1.3836297763617336,3.7273382901805627,True
20.20844030380249,4.769408085506539,1.4445617572473375,3.7394925824188405,True
20.23988175392151,4.753578536858896,1.5060704141664956,3.7516407049964573,True
20.270679235458374,4.735783773618712,1.5675204160865135,3.76379579936986,True
20.30127215385437,4.720429096830715,1.6239839318624116,3.7759537114422828,True
20.332979202270508,4.703281339311085,1.6861621262937612,3.788100692336581,True
20.362978219985962,4.685820962949368,1.7511977176788545,3.800251455669681,True
20.394545316696167,4.669702902449664,1.8126685765455957,3.812406725591999,True
20.425420999526978,4.64138720330106,1.8735816251337614,3.8214066679978593,True
20.456950902938843,4.610476715087201,1.9317880133973089,3.8295946977788176,True
20.488428592681885,4.583306273284407,1.9884207274856143,3.837791030170344,True
20.519399642944336,4.5551571403047335,2.0464054099408187,3.845981643999011,True
20.550244569778442,4.525592145732113,2.1062347041670915,3.854174105458915,True
20.58207130432129,4.496076278467896,2.1651086142911,3.862360836593462,True
20.61335802078247,4.470141259747461,2.2198898099532056,3.8705482439032854,True
20.644418001174927,4.438012554368811,2.282952604913593,3.8787278903481868,True
20.6758873462677,4.407685733058438,2.3445035100914655,3.886923188726909,True
20.707273960113525,4.3775962718936565,2.4036491223742997,3.8951095667412545,True
20.739224433898926,4.337693248683199,2.4605660975775767,3.8991743937665144,True
20.77138113975525,4.293279769003416,2.5168222379321694,3.9021267859965567,True
20.802605152130127,4.249999685116833,2.5689587838632457,3.9050851487115734,True
20.833181381225586,4.204480551124597,2.626346545901454,3.908045347239968,True
20.864418983459473,4.163038658756628,2.680686036613473,3.911006339808711,True
20.896438121795654,4.123382306627514,2.7332530309287555,3.9139658059810154,True
20.928467273712158,4.079837724431039,2.788384579612032,3.9169157671792147,True
20.960419416427612,4.041265677862583,2.842052450054403,3.9198762936483327,True
20.990732669830322,3.9994606047159946,2.8975090137111863,3.922830160539497,True
21.021963596343994,3.956951720145341,2.9510741509240628,3.9257912879291803,True
21.052793264389038,3.9057833863092903,2.9980246955777243,3.9239838350207625,True
21.08318328857422,3.8558553313867847,3.039447992315701,3.9207954125719393,True
21.11543345451355,3.8022921867209307,3.0839871959662704,3.9176030295674495,True
21.146429538726807,3.7540058443430175,3.1263280033191263,3.914420119628475,True
21.177444219589233,3.7015175599324652,3.1706167722462864,3.911228353310981,True
21.20946979522705,3.6502275847057035,3.2166167065384923,3.9080394752092795,True
21.240697622299194,3.5977051404582423,3.2634481454641007,3.904851950266018,True
21.271945238113403,3.5482953671793,3.3062962980833324,3.901668618314741,True
21.302708387374878,3.4966698077080314,3.350680257023425,3.8984765418366463,True
21.3331778049469,3.4444767729753973,3.3949800563406467,3.8952858196382016,True
21.363171100616455,3.395116722552603,3.433585717198175,3.892088784476443,True
21.39363145828247,3.343993586900572,3.4752404612678127,3.888893739907481,True
21.424668312072754,3.296358024577631,3.5114874388533046,3.885699926945347,True
21.45524525642395,3.251016318540813,3.5421692120294694,3.8824979525019994,True
21.487054109573364,3.206984650387026,3.567561259314915,3.879312176131439,True
21.51772713661194,3.1651344715871805,3.5871053657908307,3.876108549288289,True
21.54942774772644,3.126353403217563,3.6018404254448226,3.872918088525195,True
21.580371379852295,3.0875065060224873,3.614098015348483,3.8697303843827835,True
21.611743927001953,3.053230963031832,3.6217661713939577,3.8665441183301708,True
21.643170595169067,3.019798422061486,3.628213497315193,3.863359800104957,True
21.674416065216064,2.971549108807409,3.633776862413142,3.8551498329534484,True
21.705331802368164,2.903008536233046,3.640011170569191,3.8409411421752915,True
21.7365882396698,2.8364789767388032,3.643104646340076,3.8267206400635345,True
21.766895532608032,2.7672955309529503,3.646530463902988,3.8125051936902414,True
21.798354387283325,2.6983816023177116,3.649405045936142,3.798287360620945,True
21.83043885231018,2.6304873779800975,3.6516503429799774,3.7840728217784836,True
21.861984968185425,2.561771797513151,3.6540593728450586,3.7698537120255247,True
21.89317512512207,2.4983491875171895,3.6564457071283365,3.7556318474114967,True
21.92442536354065,2.4357952732114434,3.658617326341643,3.7414050535074845,True
21.956029176712036,2.3863584679593273,3.6608385571466995,3.7271841826178616,True
21.987066745758057,2.3370013190666894,3.6638882767315293,3.7129598068921448,True
22.018482208251953,2.2935347461357956,3.665656732451657,3.6987345598379058,True
22.04993200302124,2.2769980606540052,3.665641233906265,3.6845184015862853,False
22.080732107162476,2.262072238757999,3.6658815044082917,3.670297914929942,False
22.112004041671753,2.2461943832423414,3.666560949183588,3.6560848198394487,False
22.14291548728943,2.230298671024152,3.6674228335393764,3.6418725663010463,False
22.17440915107727,2.2235797906859966,3.6677867530483166,3.6276634238540986,False
22.205529928207397,2.214031781071787,3.6685008868542743,3.613452784497018,False
22.23706030845642,2.208523954052252,3.6691344829392403,3.5992482189725816,False
22.268152236938477,2.201721160566584,3.6687781824408745,3.585040043192321,False
22.300042629241943,2.1906391312902787,3.669419528813111,3.569212404611278,False
22.331031322479248,2.153136233384509,3.6691912337842307,3.5433030259024303,False
22.36196994781494,2.1137596802244154,3.6688149872449536,3.517389417866915,False
22.392909288406372,2.0703607634983836,3.6687198707396433,3.4914822577177134,False
22.423182725906372,2.028300831545586,3.668424995744027,3.46557204090758,False
22.45375919342041,1.9815590986084088,3.668213149407734,3.4396531158716277,False
22.485195875167847,1.9350270362665931,3.66846545754755,3.4137399743586547,False
22.51655101776123,1.8935790682668896,3.6680034804686796,3.3878270170587994,False
22.54741406440735,1.8495588990140752,3.667779832311662,3.3619145977202383,False
22.579476356506348,1.798777177297611,3.6681332829383315,3.335999432876175,False
22.610714197158813,1.7635985110102086,3.6680442955663404,3.3100928859876855,False
22.64194107055664,1.7210366679119957,3.668273056434548,3.2841796131941288,False
22.67317533493042,1.6792246751085709,3.668413334899876,3.2582691270594264,False
22.70468783378601,1.6364969102181772,3.668468884123916,3.232361162652957,False
22.735384702682495,1.5898905363490754,3.6685609161621375,3.206441773574566,False
22.766146898269653,1.5511944102687683,3.668462608991889,3.180526442002894,False
22.797490119934082,1.5099109607630115,3.6682970947239655,3.154611429895857,False
22.828458070755005,1.4658170869976004,3.668370006649829,3.128695978336996,False
22.858458280563354,1.4186420007402165,3.668251451974761,3.1027822862274546,False
22.890467166900635,1.3706867756113648,3.668609934110462,3.076865293423113,False
22.921923875808716,1.3262316991080243,3.6686844265229546,3.050950273342638,False
22.952833652496338,1.2713268072398303,3.6684828180360376,3.0146100331765,False
22.984265565872192,1.2214975706316415,3.6682134220127907,2.975992967001024,False
23.015547037124634,1.1677677285452415,3.6683061823624423,2.937377198993424,False
23.04769492149353,1.106639594542476,3.6684670500571954,2.898753456705353,False
23.078447103500366,1.0499024575400413,3.6682634285766573,2.8601277713761712,False
23.109840393066406,0.9988644306154112,3.6682669362341063,2.821515246660943,False
23.140735387802124,0.9444384927025207,3.6682190495910327,2.782896341714145,False
23.171945810317993,0.8965647347699206,3.6678904588093735,2.7442712338564554,False
23.203137397766113,0.8495918934481632,3.6676835531136116,2.705652120581343,False
23.23441457748413,0.7992727066229686,3.6678447773897602,2.667034367993817,False
23.265926599502563,0.7521190422620918,3.6674004487451457,2.6284107208985503,False
23.297027587890625,0.7010881857656861,3.667244482534674,2.5897925512928293,False
23.328213930130005,0.6639705518175711,3.667107813197469,2.551179669733634,False
23.360468864440918,0.6135905865824149,3.6675529127808737,2.5125525104185753,False
23.391921281814575,0.5660645235080713,3.667645262489412,2.473932272514743,False
23.42317509651184,0.5170861107585685,3.6679146292154554,2.435313475318333,False
23.45338726043701,0.47630295710002246,3.668068495853248,2.3966981479487464,False
23.485214471817017,0.4298169822676015,3.66834673976975,2.358081646121733,False
23.516178131103516,0.37806678645615,3.6683622951401995,2.3194646314743688,False
23.54775619506836,0.3219006015612673,3.6680895898221957,2.280847422251142,False
23.5786190032959,0.2725103230182565,3.6680355362269315,2.241990887997316,False
23.61001944541931,0.23508294268220173,3.6683863995424586,2.202893102929413,False
23.64057421684265,0.18575040293694542,3.6689811164249724,2.1637992406319695,False
23.67152690887451,0.1331490635958419,3.6692102139650418,2.124701009982314,False
23.70260524749756,0.08974169596241605,3.669139776684989,2.0856082094964634,False
23.733250379562378,0.03990760494521129,3.6689743849802383,2.046511166156585,False
23.76441764831543,-0.0019390249956380856,3.668660477819169,2.0074159950921846,False
23.796322345733643,-0.06011144728463119,3.6683584022351785,1.9683232355973421,False
23.827687978744507,-0.10554553178659236,3.6680142656855006,1.929226877976241,False
23.859155654907227,-0.14777675800710552,3.6678548217315736,1.8901357713854043,False
23.890715837478638,-0.18825693419632547,3.6676766955320286,1.8510397263088905,False
23.921409606933594,-0.23569678914719136,3.668118656760779,1.8119444851791866,False
23.952326774597168,-0.2864698730359597,3.668303956253201,1.7728460175765073,False
23.982248067855835,-0.3186021369235553,3.6682417598947135,1.733752579773598,False
24.014054536819458,-0.35299797978728936,3.668085870414366,1.694659788429923,False
24.044001817703247,-0.400700445769844,3.6682001595607088,1.6555619235074523,False
24.07463026046753,-0.4422707513511087,3.6681926976365933,1.6164669382346135,False
24.105762481689453,-0.49288453929611553,3.6679314280517845,1.577374060110046,False
24.136963605880737,-0.5374439237096791,3.6678557754187415,1.5382814575577655,False
24.168147563934326,-0.5731518510754363,3.6679870171703435,1.4991860455756383,False
24.200177669525146,-0.6202971252745189,3.6679188046324303,1.460630944239417,False
24.23133158683777,-0.662981358738465,3.6684743389408863,1.4244463713841071,False
24.263631105422974,-0.6977132486067543,3.6685829708987754,1.3882602897382306,False
24.29517126083374,-0.7454781409875245,3.668381033421657,1.3520768224412287,False
24.32707953453064,-0.8038239171018522,3.6682593771074554,1.3158939664291511,False
24.359278440475464,-0.8590952633079069,3.6685859760603314,1.2797087197908121,False
24.390596628189087,-0.8937259238549589,3.668348150133274,1.2435230937808226,False
24.421507835388184,-0.9341355854803884,3.668696553774504,1.2073374487106678,False
24.45282506942749,-0.9873422366638183,3.6685804806929294,1.1711527071849406,False
24.483343362808228,-1.02938473335286,3.6682229678626435,1.1349636461774408,False
24.514647006988525,-1.0734384954517548,3.668651317425223,1.0987758658998974,False
24.545892000198364,-1.1302765981089378,3.668874518178134,1.0625916656124978,False
24.577415466308594,-1.1764977163470816,3.6690744096486396,1.0264069624812349,False
24.608757257461548,-1.2144494336319862,3.6693744285328918,0.9902225072128576,False
24.6404230594635,-1.259227807923049,3.6694931298536124,0.9540352526342134,False
24.67140007019043,-1.295897881475555,3.6693580606821077,0.9178483782811478,False
24.702769994735718,-1.344600027029288,3.669479888029367,0.8816630593104227,False
24.734431982040405,-1.4086131643723712,3.66894397817173,0.8454761701229807,False
24.765780210494995,-1.4577731313084628,3.669537621376928,0.8092912500124263,False
24.79728388786316,-1.5087604630993598,3.669375592500531,0.7731063076471612,False
24.82838463783264,-1.572644608825663,3.6689870542438685,0.7369210537783613,False
24.860215187072754,-1.618416677168606,3.668886466005246,0.707644071971465,False
24.891961336135864,-1.6848732766816497,3.668696582036229,0.6794299929838357,False
24.923062324523926,-1.7318934408523354,3.6685262460904378,0.6512166247247625,False
24.95441961288452,-1.7763720908256155,3.668211958844106,0.6230026630890284,False
24.98536467552185,-1.8516178394738594,3.667972195238979,0.5947880234042877,False
25.01595950126648,-1.9003372763379036,3.6679837597423406,0.5665743565280271,False
25.047114372253418,-1.9437996063014809,3.6675888512431927,0.538359988151468,False
25.079352855682373,-1.989763348269927,3.6675513376627364,0.5101463783894564,False
25.11072278022766,-2.042115243027769,3.667510301298804,0.4819332254822521,False
25.14199137687683,-2.100505805996023,3.6669024804904904,0.45371837772685153,False
25.173696041107178,-2.1464021071704362,3.6665598132610673,0.42550416720473827,False
25.204628944396973,-2.209191635604982,3.666436481407872,0.39729020848130936,False
25.23558235168457,-2.2659860073663527,3.666402119717738,0.36907614992393173,False
25.267624855041504,-2.317984202766591,3.6663955361037504,0.34086188140866736,False
25.299323320388794,-2.3567598670429937,3.6661045656083338,0.31264819333512817,False
25.331019163131714,-2.4163519877825976,3.6657539350506676,0.2844341775963503,False
25.361937046051025,-2.4678372404694437,3.6657050950691064,0.25622037807167336,False
25.394408226013184,-2.5282072792748305,3.665804620531023,0.2280065454756845,False
25.425302267074585,-2.583346717006933,3.6653704733069024,0.19979308405066853,False
25.457603216171265,-2.633698221268702,3.6651792576205513,0.1715793227585384,False
25.489437580108643,-2.7031362285585887,3.6608180925059353,0.14444963715944853,False
25.520339250564575,-2.781752245897114,3.650686350281541,0.11821193664171119,False
25.5517520904541,-2.8583672952805124,3.6401808992020155,0.09197437225626999,False
25.583167791366577,-2.921618956712851,3.6304261476942115,0.06573687817585551,False
25.61441946029663,-2.9828944999824643,3.620595599923961,0.03949935026079056,False
25.64576244354248,-3.0444920709671948,3.610739831776285,0.01326183806808073,False
25.677745580673218,-3.106697648476083,3.600812123405797,-0.012976067877459231,False
25.708537578582764,-3.172713162466403,3.5905178105085507,-0.03921361212055653,False
25.739447832107544,-3.2134839094824086,3.5810881341910035,-0.06545065193752186,False
25.771384477615356,-3.2751596518839787,3.571260218992256,-0.09168816223172258,False
25.80362820625305,-3.336053086600074,3.5613897370454364,-0.11792568660227472,False
25.83518123626709,-3.3971235866087675,3.551466413290149,-0.1441632116071977,False
25.866380214691162,-3.4586641962667013,3.541711832720356,-0.17040073460949068,False
25.89845061302185,-3.5208874310617597,3.5316836903198308,-0.1966382399066654,False
25.930479049682617,-4.044314740946165,3.5214976415639554,-0.22288498141057975,True
25.961241006851196,-4.176721446813494,3.5146304634801484,-0.24912470216910898,True
25.992895364761353,-4.263972752190964,3.5062630701066437,-0.27536296027539586,True
26.02440333366394,-4.330900620494479,3.4982822346644804,-0.30160072506769375,True
26.055486917495728,-4.394905176334474,3.4915986214724244,-0.3278385010497853,True
26.087040424346924,-4.4560964611310325,3.4849158167420864,-0.35407621334164807,True
26.117643356323242,-4.507941285135441,3.4727313476996775,-0.3785056348865114,True
26.148990631103516,-4.553389537796024,3.4421644276267207,-0.3969033302046978,True
26.179752588272095,-4.5983686437510904,3.4129263219528343,-0.4153012457801384,True
26.210734605789185,-4.63550048440546,3.3861153270357955,-0.43369901672194533,True
26.24200201034546,-4.679468613096798,3.3611129368565726,-0.45209697335845817,True
26.272385120391846,-4.726270449865412,3.3337367299962706,-0.470494879759098,True
26.30346393585205,-4.76687307500657,3.310395959325068,-0.48889258613018594,True
26.335740566253662,-4.805088873025151,3.2863489089675,-0.5072902059531852,True
26.366453409194946,-4.843411399741821,3.2625732286720237,-0.5256878979340676,True
26.397748470306396,-4.884469791392276,3.237087615631376,-0.5440857676452128,True
26.428696393966675,-4.927634666033427,3.2141132122421774,-0.5624837526379048,True
26.46042490005493,-4.971141128164915,3.1919911023543195,-0.5808817331054288,True
26.491944313049316,-5.016169632003136,3.1682569864117367,-0.5992795453870745,True
26.523166179656982,-5.061710354836725,3.1447556044206317,-0.6176774901767549,True
26.55471706390381,-5.105355144954058,3.1219480258609584,-0.6360751647466678,True
26.586010694503784,-5.150146326468681,3.098540985772704,-0.6544731358894519,True
26.616504192352295,-5.192993548008062,3.0748341398358496,-0.6728713011087883,True
26.648289442062378,-5.2339828550152525,3.05295366480032,-0.6912689182510668,True
26.680282831192017,-5.277583796445377,3.031175058843912,-0.7096668562293085,True
26.711968421936035,-5.321855435836306,3.0092547680614867,-0.728064781269244,True
26.743178844451904,-5.366653471249478,2.9851461411033178,-0.7464625764475272,True
26.77418828010559,-5.3874501220941085,2.9535077088075625,-0.7497747129968904,True
26.805473804473877,-5.411589713141122,2.9209611427614517,-0.7516432916485273,True
26.83651351928711,-5.435734188969664,2.88826443818407,-0.7535120675053448,True
26.86661672592163,-5.457555686427833,2.858305532479865,-0.7553807337443489,True
26.897396087646484,-5.481394036021556,2.8279973527746445,-0.757249594913214,True
26.92847466468811,-5.502860154085688,2.794287123514766,-0.759118269110258,True
26.960331439971924,-5.525567957016827,2.7638257463867433,-0.7609869000948855,True
26.991969108581543,-5.545303232928898,2.7327336269112696,-0.762855636318025,True
27.023923635482788,-5.570149828738524,2.701885561244385,-0.764724390433599,True
27.05500054359436,-5.5923077827217575,2.6688623336581454,-0.7665929374544007,True
27.08699917793274,-5.617641622828195,2.6363876580099186,-0.7684616241245141,True
27.1192307472229,-5.63883168384858,2.6044680668651123,-0.770330348853274,True
27.15015411376953,-5.662334336760205,2.5772327265020607,-0.7721989081406133,True
27.18200445175171,-5.681691273151923,2.5468890868374077,-0.7740676286155614,True
27.21393394470215,-5.702116402290692,2.515870395442347,-0.7759359570335223,True
27.243854999542236,-5.723450923245993,2.48230199131166,-0.7778040850671681,True
27.275190830230713,-5.745555093792612,2.450331344595692,-0.7796726140584529,True
27.306253910064697,-5.767796160317435,2.4161474439044426,-0.7815411190998993,True
27.33674192428589,-5.789970064392007,2.38232289082655,-0.7834096709750376,True
27.367450952529907,-5.812973730140113,2.3513070925771977,-0.7852780854837549,True
27.39906096458435,-5.822797201470409,2.3155219351437855,-0.7775174691971926,True
27.430224657058716,-5.821052817166683,2.2749449078763018,-0.7631943962969372,True
27.46129536628723,-5.818057335921374,2.234561075434195,-0.7488713378287373,True
27.49317216873169,-5.815439776028229,2.198827583440413,-0.7345485160408772,True
27.52440881729126,-5.813704542265467,2.1587717567061806,-0.720225553364737,True
27.555951356887817,-5.810686780083497,2.120977774274737,-0.705902495512354,True
27.587008953094482,-5.807378827852957,2.0837144976594235,-0.6915793486797543,True
27.618011236190796,-5.804716397867507,2.0439388182140275,-0.6772565846899986,True
27.649278163909912,-5.804065030846578,2.004087960115043,-0.6629334962652405,True
27.680532217025757,-5.803102892936379,1.9631330799350937,-0.64861058815361,True
27.71068048477173,-5.803101314849832,1.930098976574786,-0.6342874280063767,True
27.74201011657715,-5.799875551161719,1.8943558678914447,-0.6199642449546356,True
27.77281904220581,-5.799969913898657,1.856469532517267,-0.6056412441047536,True
27.803733348846436,-5.801278030267865,1.8191376062629068,-0.5913180149801469,True
27.835633516311646,-5.800818519900985,1.7809345512595878,-0.5769948498950372,True
27.867172718048096,-5.803103031028613,1.74159099122302,-0.5626718038911833,True
27.898464918136597,-5.803253817689714,1.7036972457258297,-0.5483488309909875,True
27.930456399917603,-5.804571656944651,1.6671401564014252,-0.5340256677614746,True
27.961262464523315,-5.80757488156978,1.6296952198061052,-0.519702754144223,True
27.992815256118774,-5.807145980475697,1.5919341570901842,-0.5053796138073252,True
28.024315357208252,-5.809706224999982,1.5558446604828122,-0.4910566645822093,True
28.05480980873108,-5.794122273409039,1.5170182980621858,-0.4689530425824943,True
28.08633828163147,-5.769583594482587,1.4775107808726928,-0.441159583725718,True
28.118053913116455,-5.745763343698176,1.4387353828572116,-0.4133660858594793,True
28.149197816848755,-5.720933988148237,1.4009879167389117,-0.3855725392147345,True
28.18012523651123,-5.697309721844751,1.3640199346296609,-0.3577789805986074,True
28.212013721466064,-5.675583890324278,1.3260412906822872,-0.3299854242642374,True
28.24318552017212,-5.650094056551216,1.2890294563863647,-0.30219224433639924,True
28.275428533554077,-5.629068988730181,1.2522757327111036,-0.2743990289753609,True
28.306804895401,-5.606270201943779,1.2165410786217161,-0.2466055530851531,True
28.33838677406311,-5.5868099456960225,1.180369777950887,-0.21881222452611432,True
28.3699152469635,-5.567466936135086,1.1449036608154373,-0.19101875290972375,True
28.4006507396698,-5.547551506584316,1.105725530184862,-0.16322554974326342,True
28.431206941604614,-5.525700652704797,1.0669232299040976,-0.13543225397174025,True
28.462663173675537,-5.504351351454651,1.0310381101258554,-0.10763870132614287,True
28.494399070739746,-5.484527991598359,0.9918193774700873,-0.0798452314789164,True
28.525423049926758,-5.465314865928632,0.9549550178182369,-0.05205178817581703,True
28.55698323249817,-5.445618860312104,0.9163191693755003,-0.02425841730701761,True
28.588687658309937,-5.428660508240418,0.8806214707036659,0.0035350120708889828,True
28.62038516998291,-5.406990312735386,0.8402344524297245,0.03132841571620885,True
28.650436401367188,-5.3853296715931425,0.7998689766375413,0.05912158190484014,True
28.682032108306885,-5.3658286030037585,0.7646915288432978,0.08691503468691109,True
28.713398456573486,-5.335192235447277,0.7376774457842251,0.11542827846307735,True
28.745449542999268,-5.295409369276641,0.7181142855898114,0.14450565858218778,True
28.776439428329468,-5.253694297641227,0.6948584002023027,0.1735832369568649,True
28.80743932723999,-5.211368474599979,0.6723371749340357,0.2026609078703972,True
28.839066743850708,-5.174089766176997,0.6560915890559045,0.23173862039173676,True
28.86980414390564,-5.135651423804543,0.6359930265676017,0.26081657823491783,True
28.90138816833496,-5.101596776743986,0.6177540453997011,0.2898940603151482,True
28.93134617805481,-5.065651267844428,0.598047321314997,0.31897151910682764,True
28.961681127548218,-5.032994054245574,0.5793653734959061,0.34804933824104334,True
28.993645668029785,-4.996073998737944,0.5577151682697057,0.37712679880013944,True
29.02544140815735,-4.962825237157157,0.5362796159430674,0.4062047532934285,True
29.056201219558716,-4.910852538783668,0.5080212273894942,0.43528232507843645,False
29.08741855621338,-4.859312097398544,0.4798477762296643,0.4643598831454989,False
29.118087768554688,-4.8067255573563115,0.45133001869484224,0.493437440117009,False
29.148449420928955,-4.75394852196866,0.42263880143450744,0.5225149874677077,False
29.18047785758972,-4.702123087409194,0.3943189786953405,0.5515925346260564,False
29.21116018295288,-4.6512181236063626,0.3666215608556269,0.5806700774384893,False
29.242291688919067,-4.598580289987144,0.3382564041727242,0.609747625453757,False
29.2731831073761,-4.547466708233111,0.3105201413266483,0.6388251774816114,False
29.304380416870117,-4.495309721449158,0.28218745950423296,0.6679027350121309,False
29.334423065185547,-4.44249955834124,0.2535169602574034,0.6969802778020642,False
29.366437673568726,-4.3871268318425365,0.2288013867766277,0.7240293258254173,False
29.3972806930542,-4.329746766797308,0.20724176866849411,0.7493741730772953,False
29.42786407470703,-4.273089297548022,0.18586514772135276,0.7747190261514632,False
29.459434509277344,-4.215248980052345,0.16389056571854727,0.8000638871172697,False
29.49024796485901,-4.158752528443955,0.14276568194649214,0.8254087442017162,False
29.52061104774475,-4.102233505313434,0.12156838615831209,0.850753621316178,False
29.551237106323242,-4.046369141907507,0.10034131664007936,0.8760985077335653,False
29.582217931747437,-3.990696756551654,0.07932844084237706,0.9014433730549525,False
29.61313509941101,-3.934317511081786,0.05818448742858138,0.926788229163128,False
29.644287824630737,-3.8773538739654017,0.03682344287864575,0.9521330835870139,False
29.6754367351532,-3.820886680857102,0.0157090418760236,0.977477943011937,False
29.706900119781494,-3.7658231852250275,-0.005137504040302032,1.0028227987927627,False
29.737971305847168,-3.7087491524719827,-0.02675402804187676,1.0281676592040427,False
29.769022703170776,-3.6530060755550737,-0.047879310277601145,1.0535125168459583,False
29.800395727157593,-3.5965217815278554,-0.06913147014401308,1.0788573785170406,False
29.831907987594604,-3.5402082857370565,-0.09049496572441912,1.1042022429951546,False
29.863131999969482,-3.4827914252078562,-0.11197357062396225,1.1295471058526816,False
29.895432710647583,-3.4270640055644965,-0.13278064132698172,1.1548919852735353,False
29.92642641067505,-3.370381665237894,-0.1541558115997732,1.1802368510310135,False
29.95738410949707,-3.313320067796904,-0.17577004923011513,1.2055817192388032,False
29.98925542831421,-3.2565720755856256,-0.19720596398415433,1.2309266031123354,False
30.020313024520874,-3.1979952386981956,-0.2181707345546289,1.2561766209319334,False
30.05046558380127,-3.138225077950849,-0.2385395879288386,1.281341300154741,False
30.081859588623047,-3.078039045825686,-0.25914183280150593,1.3065059642750665,False
30.1129047870636,-3.01898089415261,-0.2792243157070187,1.331670648764083,False
30.14435863494873,-2.9597132250955616,-0.2994783439220191,1.3568353117968408,False
30.175368309020996,-2.899680198444292,-0.3198212371627935,1.382000013511592,False
30.206779718399048,-2.8408398962518397,-0.3398449229803351,1.4071647257945181,False
30.237931489944458,-2.78145098860059,-0.3599384277426727,1.4323294219379372,False
30.269099950790405,-2.722753283893579,-0.3800514391206109,1.4574940823333535,False
30.299985885620117,-2.6640956300647076,-0.39999796581978164,1.482658800285988,False
30.330706357955933,-2.6046977788059316,-0.4202511416181046,1.507823470641321,False
30.361998081207275,-2.5454946609240294,-0.4403294957212507,1.5329881522807525,False
30.393136024475098,-2.486074615412594,-0.4603032477950701,1.558152848490968,False
30.425397634506226,-2.4261742777638613,-0.4807758870658964,1.583317540652815,False
30.45768404006958,-2.3670809449722547,-0.500922463784526,1.6084822294696801,False
30.48756694793701,-2.3061155673282387,-0.5216559000676042,1.6336469175320358,False
30.5192711353302,-2.2476112366423093,-0.5413128221452053,1.6588116033092692,False
30.550419092178345,-2.1881765419759738,-0.5618346735995352,1.6839762878893114,False
30.580711364746094,-2.129001625732098,-0.581928249487049,1.7091409548169598,False
30.611959218978882,-2.069335913187576,-0.6021170245796433,1.73430562000908,False
30.643155813217163,-2.008625393113313,-0.6225833207009117,1.7594703082324075,False
30.674347400665283,-1.949955807352425,-0.6427433800340634,1.7805638360475697,False
30.70595693588257,-1.8906656168670863,-0.6628772353221895,1.7977345600237482,False
30.73793339729309,-1.8302312245686765,-0.6834152516085741,1.8149052737166258,False
30.768185138702393,-1.7694079030269063,-0.704102490929408,1.8320759695300326,False
30.798081874847412,-1.7091159373916507,-0.7245612694098127,1.8492466485561185,False
30.83043122291565,-1.6474726130175035,-0.7454823146516898,1.8664173709175376,False
30.86071014404297,-1.5879821351100933,-0.7656272394496084,1.883588081111593,False
30.891886234283447,-1.527698979178795,-0.7858021810862676,1.900758777011804,False
30.92301106452942,-1.4676977054701603,-0.8059874211500139,1.9179294999953653,False
30.95433521270752,-1.407188272823451,-0.82686310177129,1.935100225109755,False
30.98514747619629,-1.346820016090742,-0.8471678691354532,1.9522709400269884,False
31.016427993774414,-1.2863340202503017,-0.8675464556081474,1.9694416521627707,False
31.048482179641724,-1.226652573863779,-0.8876830992527123,1.9866123743446193,False
31.080541849136353,-1.1668069420997638,-0.9077143436149449,2.0037830755880606,False
31.111872673034668,-1.1071242171379176,-0.9280131620125889,2.020953788092657,False
31.14297914505005,-1.0473163622945039,-0.9481731443345383,2.038124491942809,False
31.175363779067993,-0.985715660749034,-0.9688997683187329,2.0552952153494277,False
31.205899000167847,-0.9246987284908149,-0.9897306337015126,2.072465900773177,False
31.237870454788208,-0.8650509904768608,-1.0097312539315617,2.0896366258149444,False
31.267852067947388,-0.8056136492866101,-1.0297280172202814,2.1068073372146436,False
31.29941701889038,-0.7460191430145371,-1.0499460111118335,2.12397802036486,False
31.330689191818237,-0.6842678557031874,-1.0716658605106466,2.1366736400432305,False
31.361917972564697,-0.623124336100809,-1.093498777010902,2.1447522302987405,False
31.39288592338562,-0.5601815661777882,-1.1162789272039546,2.152830810565714,False
31.424153566360474,-0.49753933577444065,-1.1386935997165772,2.160909414968109,False
31.45568823814392,-0.4351793473598359,-1.161115373359679,2.1689880079578585,False
31.48696208000183,-0.37266123357781944,-1.18372861886353,2.177066611481571,False
31.518073558807373,-0.30983221361316393,-1.2064143184609568,2.1851451947032126,False
31.54920983314514,-0.2478207333312063,-1.2286457801501394,2.193223799657037,False
31.58042311668396,-0.18575000639393474,-1.2509378011482992,2.201302386487568,False
31.61168360710144,-0.12425660570437341,-1.2731753958830412,2.209381001186527,False
31.642519235610962,-0.06166831807991974,-1.2959100233908774,2.217459611006097,False
31.673187255859375,0.0014487942216126412,-1.3186381425230376,2.2255382028180857,False
31.704338788986206,0.06389421647218593,-1.341035536101253,2.2336167826355853,False
31.736351490020752,0.12620245276975692,-1.3632161342354574,2.2416953725621926,False
31.768392086029053,0.18865214785019951,-1.3856912167815643,2.249773934465214,False
31.799318313598633,0.25088494203464967,-1.4079951435755678,2.2578525302323773,False
31.83010244369507,0.3131196533681905,-1.430424984439395,2.2659311323605555,False
31.860875368118286,0.37539608403840996,-1.4529180906011028,2.2740097213356854,False
31.892550230026245,0.4386414395423433,-1.4757504189332553,2.2820883418304687,False
31.924140453338623,0.5004749234019881,-1.4979588637606582,2.2901669450380124,False
31.95570206642151,0.5624207256808941,-1.5200521834526703,2.2982455533657236,False
31.98681640625,0.6253030177105995,-1.5429218435153915,2.303594237520572,False
32.01701211929321,0.6898622895292588,-1.566561934632676,2.3059269706410004,False
32.047629594802856,0.7537326089425702,-1.5897497973425851,2.308259711942924,False
32.079206705093384,0.8190572570575777,-1.61370920516043,2.310592462018252,False
32.11089253425598,0.883605538621999,-1.6372029524808092,2.312925230158564,False
32.14235329627991,0.9480481034145465,-1.6607020551982563,2.3152579880013615,False
32.17311406135559,1.0125209559820731,-1.6842443959300424,2.3175907586410234,False
32.20485162734985,1.0768173204399303,-1.707654250590736,2.3199235201388575,False
32.235883951187134,0.6329611584042018,-1.5909142501505533,2.322256048339904,True
32.267409563064575,0.6382146172122654,-1.6261075841604362,2.3245889563163997,True
32.29789185523987,0.6676719480149331,-1.6621832804285626,2.32692216966992,True
32.328989028930664,0.7121404467858837,-1.694876199854567,2.329255154465778,True
32.36004567146301,0.7642248504349479,-1.7264105674693224,2.331587980236546,True
32.39130473136902,0.8189363979417406,-1.7564704217228033,2.3339208434685617,True
32.42311191558838,0.874606808796915,-1.785727064310815,2.3362535784862573,True
32.4544198513031,0.9327324085866715,-1.8128518390966772,2.33858595125773,True
32.48622131347656,0.9926915722262515,-1.840730355252267,2.3409187616367952,True
32.51743769645691,1.0494107529611056,-1.8675734030380042,2.3432518064061387,True
32.549142599105835,1.1098893968084473,-1.8947794474356994,2.345584311253374,True
32.58073949813843,1.1716050006215055,-1.922280078819167,2.3479172247048394,True
32.61201000213623,1.2296467594084652,-1.9486700604826388,2.350250051935098,True
32.64379668235779,1.290430894239471,-1.975261204061811,2.3516020424388255,True
32.67515468597412,1.354341618202266,-2.002027275732553,2.3517941451728794,True
32.706740856170654,1.4194619021352635,-2.027213536179989,2.351986744452986,True
32.73695993423462,1.4832969750780887,-2.0518564298790842,2.352178661422856,True
32.768975496292114,1.5493418137603707,-2.07695266721153,2.3523706081823743,True
32.80046987533569,1.6140981281326474,-2.1019900572069545,2.352562741635311,True
32.830954790115356,1.6786232463797046,-2.1271791656906336,2.352754818799501,True
32.86292576789856,1.7393622715094716,-2.1520838267119804,2.3529467706529594,True
32.89442563056946,1.8029027343680966,-2.1774358154658997,2.3531391640832524,True
32.925435066223145,1.8686741998522485,-2.2024144813583204,2.353331254163106,True
32.957435846328735,1.9320476868531251,-2.226951522463949,2.3535234587690685,True
32.988534450531006,1.997462869214486,-2.2519940991224963,2.3537153401679305,True
33.01933693885803,2.0615270640355576,-2.276640832976083,2.3539071430495024,True
33.05045461654663,2.1261771761245742,-2.29968093946069,2.354099286779279,True
33.081997871398926,2.1933185006313103,-2.324775106397027,2.3542912414043515,True
33.11272716522217,2.2585258476039813,-2.3478884731154306,2.354483529207142,True
33.14319133758545,2.324541966631425,-2.371925461683606,2.354675456626862,True
33.174402952194214,2.390931812967957,-2.3979438758604976,2.3548676731598066,True
33.20543169975281,2.4553558857870303,-2.4220473848518025,2.3550600794739696,True
33.23590326309204,2.5192805617951497,-2.446041216768668,2.3552520692779204,True
33.2665798664093,2.5835621160531956,-2.4707149002871445,2.355444274728378,True
33.29798936843872,2.647003406854295,-2.4936985759102352,2.355551714142958,True
33.330015659332275,2.710280226583694,-2.5171008071027314,2.3555519330321086,True
33.36073398590088,2.7777165656571396,-2.5415471925985984,2.3555517918004134,True
33.3924400806427,2.843859900466456,-2.565869064082606,2.355551908141483,True
33.423166036605835,2.908040385479077,-2.58835817248594,2.355551658292498,True
33.455037355422974,2.97421869395109,-2.6122190122595947,2.3555518422587567,True
33.48641347885132,3.0427586743544297,-2.637835090460424,2.35555159255068,True
33.518054246902466,3.11090390755382,-2.663962915401991,2.3555518853021282,True
33.54893970489502,3.1778960672418632,-2.6905484128112276,2.355551751899405,True
33.580509185791016,3.245851327738377,-2.714949771598364,2.3555516524176223,True
33.61167335510254,3.3128774386986013,-2.740119940523024,2.355551956168326,True
33.64318132400513,3.3805318069368964,-2.7658498017192064,2.355551730527222,True
33.67389130592346,3.4463063976482546,-2.790702782650267,2.355551364692718,True
33.7040376663208,3.5125469381397485,-2.8144991678996156,2.3555512067930575,True
33.735657930374146,3.5766482613672377,-2.837204609420602,2.355551192515404,True
33.76648473739624,3.6418556048281645,-2.8615893953628224,2.355551674212847,True
33.79796004295349,3.71037130670642,-2.8855817809250524,2.355551685198095,True
33.82943320274353,3.777173484917214,-2.9104247121070306,2.355551717712178,True
33.860737323760986,3.8411169330872066,-2.931759448395769,2.3555521117310922,True
33.892375469207764,3.907602835033189,-2.955399682315035,2.355552023395383,True
33.92442345619202,3.970797645896117,-2.9779967846959727,2.355551847242283,True
