0.0,-1.95,1.05,-0.7853981633974483,1.860987358915925e-19,2.8791569694232027e-19,-2.4248664469263335e-20,0.0,0.0
0.02,-1.95,1.05,-0.7853981633974483,-0.10406681120200391,0.07872548295664501,0.1236645306646348,0.0,0.0
0.04,-1.95,1.05,-0.7853981633974483,-0.20813362240400782,0.15745096591329003,0.2473290613292696,0.0,0.0
0.06,-1.9531803688121863,1.0524059166205604,-0.7816188718831151,-0.31221143330825946,0.2361815397151527,0.3709350862354496,0.0,0.0
0.08,-1.9580708454436944,1.0561055123923222,-0.7758074273853308,-0.4162951588337186,0.31491485090212,0.4945096521628389,0.0,0.0
0.1,-1.964431822034455,1.0609174562310633,-0.7682501153828675,-0.5203944335095113,0.39360164218995886,0.6181940897732691,0.0,0.0
0.12,-1.9742135701628338,1.0683170156515018,-0.7566314541563646,-0.6245298796184011,0.47218021589787157,0.7421341179559884,0.0,0.0
0.14,-1.983995318291213,1.0757165750719406,-0.7450127929298618,-0.7286653257272911,0.5507587896057844,0.8660741461387077,0.0,0.0
0.16,-1.9984307634421339,1.08662772337171,-0.7278553899811159,-0.8329035788659631,0.6290374200974095,0.9906778212276353,0.0,0.0
0.18,-2.0131062136050515,1.0977199747658641,-0.7104123376299584,-0.9371471340692725,0.7073005816242793,1.1153157225635477,0.0,0.0
0.2,-2.0307271798494684,1.1110236376992424,-0.6894475045602404,-0.9816730689817221,0.733565550700567,1.1687156001950552,0.0,0.0
0.22,-2.0503014124850956,1.125793758705565,-0.6661472654956326,-0.9865983303789726,0.7253488469877066,1.17487525450812,0.0,0.0
0.24,-2.0699338780129044,1.1404667310769607,-0.6427741989287749,-0.9639154891604931,0.6997764006126309,1.147815833127163,0.0,0.0
0.26,-2.0897395665323923,1.154850719395718,-0.6191844953833371,-0.8591079594627984,0.6225765396593517,1.0219409921967055,0.0,0.0
0.28,-2.10954525505188,1.1692347077144756,-0.5955947918378994,-0.7543004297651038,0.5453766787060723,0.8960661512662478,0.0,0.0
0.3,-2.1249087658714902,1.180346645811751,-0.5773401859993702,-0.6491071642232852,0.46868466908384604,0.7702808009606756,0.0,0.0
0.32,-2.139789168712744,1.191102732866052,-0.5596657974420156,-0.5438719480715573,0.3920478907122418,0.6445051831867108,0.0,0.0
0.34,-2.1519385746986246,1.199869991385644,-0.5452554570729414,-0.43844220053507377,0.31562579831010845,0.5189631283787461,0.0,0.0
0.36,-2.1618735933250903,1.207024638466802,-0.5334917206479282,-0.3328547201771248,0.23937778076862745,0.3936104545576258,0.0,0.0
0.38,-2.1708035700141513,1.2134535133729505,-0.522921162559295,-0.22721921659509536,0.16318016760596113,0.2683345727928406,1.0,0.0
0.4,-2.175776650254054,1.217024989761373,-0.5170482025973878,-0.121394643365554,0.08718099880679034,0.14336102489466232,1.0,0.0
0.42,-2.1807497304939574,1.2205964661497957,-0.5111752426354806,-0.015570070136012942,0.011181830007619742,0.018387476996484353,1.0,0.0
0.44,-2.1814814245208196,1.2211219408685667,-0.5103111484490146,3.364238308943135e-16,-8.448492574124114e-16,-5.295542924093778e-16,1.0,0.0
0.46,-2.1814814245208196,1.2211219408685667,-0.5103111484490146,4.1722697233903247e-16,-1.1907013683048523e-16,-3.18737295383091e-16,1.0,0.0
0.48,-2.1814814245208196,1.2211219408685667,-0.5103111484490146,4.256580540974368e-16,2.3606513409619417e-16,-2.0220925317008014e-16,1.0,0.0
0.5,-2.1814814245208196,1.2211219408685667,-0.5103111484490146,3.6263406954935965e-16,2.2525281464065443e-16,-1.78775473402462e-16,1.0,0.0
0.52,-2.1814814245208196,1.2211219408685667,-0.5103111484490146,2.996100850012826e-16,2.1444049518511474e-16,-1.5534169363484383e-16,1.0,0.0
0.54,-2.1814814245208196,1.2211219408685667,-0.5103111484490146,2.365861004532055e-16,2.0362817572957503e-16,-1.319079138672257e-16,1.0,0.0
0.56,-2.1814814245208196,1.2211219408685667,-0.5103111484490146,1.7356211590512847e-16,1.928158562740353e-16,-1.0847413409960753e-16,1.0,0.0
0.58,-2.1814814245208196,1.2211219408685667,-0.5103111484490146,1.1053813135705174e-16,1.8200353681849567e-16,-8.504035433198951e-17,1.0,0.0
0.6,-2.1814814245208196,1.2211219408685667,-0.5103111484490146,4.751414680897466e-17,1.7119121736295593e-16,-6.160657456437137e-17,1.0,0.0
0.62,-2.1814814245208196,1.2211219408685667,-0.5103111484490146,-1.5509837739102418e-17,1.6037889790741624e-16,-3.8172794796753194e-17,1.0,0.0
0.64,-2.1814814245208196,1.2211219408685667,-0.5103111484490146,-7.853382228717955e-17,1.495665784518765e-16,-1.4739015029135048e-17,1.0,0.0
0.66,-2.1814814245208196,1.2211219408685667,-0.5103111484490146,-1.4155780683525657e-16,1.3875425899633681e-16,8.694764738483098e-18,1.0,0.0
0.68,-2.1814814245208196,1.2211219408685667,-0.5103111484490146,-2.045817913833337e-16,1.279419395407971e-16,3.212854450610127e-17,1.0,0.0
0.7000000000000001,-2.1814814245208196,1.2211219408685667,-0.5103111484490146,-2.6760577593141073e-16,1.1712962008525739e-16,5.556232427371939e-17,1.0,0.0
0.72,-2.1814814245208196,1.2211219408685667,-0.5103111484490146,-3.3044988086558566e-16,1.063585944379947e-16,7.891130678252463e-17,1.0,0.0
0.74,-2.1814814245208196,1.2211219408685667,-0.5103111484490146,-3.3704691956836725e-16,1.0849984672329064e-16,7.574479412637938e-17,1.0,0.0
0.76,-2.1814814245208196,1.2211219408685667,-0.5103111484490146,-3.4364395827114883e-16,1.1064109900858657e-16,7.257828147023412e-17,1.0,0.0
0.78,-2.1814814245208196,1.2211219408685667,-0.5103111484490146,-3.502409969739304e-16,1.127823512938825e-16,6.941176881408885e-17,1.0,0.0
0.8,-2.1814814245208196,1.2211219408685667,-0.5103111484490146,-3.56838035676712e-16,1.1492360357917843e-16,6.624525615794359e-17,1.0,0.0
0.8200000000000001,-2.1814814245208196,1.2211219408685667,-0.5103111484490146,-3.634350743794936e-16,1.1706485586447437e-16,6.307874350179834e-17,1.0,0.0
0.84,-2.1814814245208196,1.2211219408685667,-0.5103111484490146,-3.700321130822752e-16,1.1920610814977029e-16,5.991223084565309e-17,1.0,0.0
0.86,-2.1814814245208196,1.221121940868567,-0.5103111484490146,-3.7662915178505676e-16,1.2134736043506623e-16,5.674571818950782e-17,1.0,0.0
0.88,-2.1814814245208196,1.221121940868567,-0.5103111484490146,-3.8322619048783835e-16,1.2348861272036217e-16,5.3579205533362566e-17,1.0,0.0
0.9,-2.1814814245208196,1.221121940868567,-0.5103111484490146,-3.8982322919061994e-16,1.2562986500565809e-16,5.04126928772173e-17,1.0,0.0
0.92,-2.1814814245208196,1.221121940868567,-0.5103111484490146,-3.9642026789340157e-16,1.2777111729095403e-16,4.7246180221072045e-17,1.0,0.0
0.9400000000000001,-2.1814814245208196,1.221121940868567,-0.5103111484490146,-4.0301730659618316e-16,1.2991236957624997e-16,4.407966756492678e-17,1.0,0.0
0.96,-2.1814814245208196,1.221121940868567,-0.5103111484490146,-4.096143452989647e-16,1.320536218615459e-16,4.091315490878154e-17,1.0,0.0
0.98,-2.1814814245208196,1.221121940868567,-0.5103111484490146,-3.875313616904531e-16,1.2437897089798182e-16,3.961899358591336e-17,1.0,0.0
1.0,-2.1814814245208196,1.221121940868567,-0.5103111484490146,-3.371317472604985e-16,1.070127895213635e-16,4.017345988602882e-17,1.0,0.0
1.02,-2.1814814245208196,1.221121940868567,-0.5103111484490146,-2.867321328305439e-16,8.964660814474521e-17,4.0727926186144275e-17,1.0,0.0
1.04,-2.1814814245208196,1.221121940868567,-0.5103111484490146,-2.363325184005893e-16,7.228042676812691e-17,4.1282392486259735e-17,1.0,0.0
1.06,-2.1814814245208196,1.221121940868567,-0.5103111484490146,-1.8593290397063475e-16,5.491424539150861e-17,4.1836858786375194e-17,1.0,0.0
1.08,-2.1814814245208196,1.221121940868567,-0.5103111484490146,-1.3553328954068017e-16,3.7548064014890314e-17,4.239132508649065e-17,1.0,0.0
1.1,-2.1814814245208196,1.221121940868567,-0.5103111484490146,-8.51336751107256e-17,2.0181882638272004e-17,4.294579138660611e-17,1.0,0.0
1.12,-2.1814814245208196,1.221121940868567,-0.5103111484490146,-3.473406068077102e-17,2.8157012616537183e-18,4.350025768672157e-17,1.0,0.0
1.1400000000000001,-2.1814814245208196,1.221121940868567,-0.5103111484490146,1.5665553749183557e-17,-1.4550480114964592e-17,4.405472398683703e-17,1.0,0.0
1.16,-2.1814814245208196,1.221121940868567,-0.5103111484490146,6.606516817913754e-17,-3.191666149158268e-17,4.460919028695248e-17,1.0,0.0
1.18,-2.1814814245208196,1.221121940868567,-0.5103111484490146,1.1646478260909212e-16,-4.928284286820099e-17,4.516365658706794e-17,1.0,0.0
1.2,-2.1814814245208196,1.221121940868567,-0.5103111484490146,1.668643970390468e-16,-6.664902424481928e-17,4.5718122887183396e-17,1.0,0.0
1.22,-2.1814814245208196,1.221121940868567,-0.5103111484490146,2.1709425615605691e-16,-8.386757437490854e-17,4.628206944513312e-17,1.0,0.0
1.24,-2.1814814245208196,1.221121940868567,-0.5103111484490146,2.142428453992864e-16,-5.4922891655961236e-17,4.981042469136164e-17,1.0,0.0
1.26,-2.1814814245208196,1.221121940868567,-0.5103111484490146,2.1139143464251586e-16,-2.5978208937013943e-17,5.333877993759016e-17,1.0,0.0
1.28,-2.1814814245208196,1.221121940868567,-0.5103111484490146,2.0854002388574534e-16,2.9664737819333565e-18,5.686713518381868e-17,1.0,0.0
1.3,-2.1814814245208196,1.221121940868567,-0.5103111484490146,2.056886131289748e-16,3.1911156500880656e-17,6.03954904300472e-17,1.0,0.0
1.32,-2.1814814245208196,1.221121940868567,-0.5103111484490146,2.0283720237220428e-16,6.085583921982797e-17,6.392384567627572e-17,1.0,0.0
1.34,-2.1814814245208196,1.221121940868567,-0.5103111484490146,1.9998579161543374e-16,8.980052193877525e-17,6.745220092250424e-17,1.0,0.0
1.36,-2.1814814245208196,1.221121940868567,-0.5103111484490146,1.9713438085866322e-16,1.1874520465772255e-16,7.098055616873276e-17,1.0,0.0
1.3800000000000001,-2.1814814245208196,1.221121940868567,-0.5103111484490146,1.9428297010189268e-16,1.4768988737666984e-16,7.450891141496128e-17,1.0,0.0
1.4000000000000001,-2.1814814245208196,1.221121940868567,-0.5103111484490146,1.9143155934512217e-16,1.7663457009561713e-16,7.803726666118981e-17,1.0,0.0
1.42,-2.1814814245208196,1.221121940868567,-0.5103111484490146,1.8858014858835167e-16,2.0557925281456412e-16,8.156562190741829e-17,1.0,0.0
1.44,-2.1814814245208196,1.221121940868567,-0.5103111484490146,1.8572873783158113e-16,2.345239355335114e-16,8.50939771536468e-17,1.0,0.0
1.46,-2.1814814245208196,1.221121940868567,-0.5103111484490146,1.8287732707481062e-16,2.634686182524587e-16,8.862233239987533e-17,1.0,0.0
1.48,-2.1814814245208196,1.221121940868567,-0.5103111484490146,1.8717972606834813e-16,2.6517888227436616e-16,8.874085231633665e-17,1.0,0.0
1.5,-2.1814814245208196,1.221121940868567,-0.5103111484490146,1.985452921496792e-16,2.3999980250461917e-16,8.549274137223162e-17,1.0,0.0
1.52,-2.1814814245208196,1.221121940868567,-0.5103111484490146,2.0991085823101032e-16,2.1482072273487222e-16,8.224463042812658e-17,1.0,0.0
1.54,-2.1814814245208196,1.221121940868567,-0.5103111484490146,2.212764243123414e-16,1.8964164296512527e-16,7.899651948402155e-17,1.0,0.0
1.56,-2.1814814245208196,1.221121940868567,-0.5103111484490146,2.326419903936725e-16,1.644625631953783e-16,7.574840853991652e-17,1.0,0.0
1.58,-2.1814814245208196,1.221121940868567,-0.5103111484490146,2.440075564750036e-16,1.3928348342563135e-16,7.250029759581149e-17,1.0,0.0
1.6,-2.1814814245208196,1.221121940868567,-0.5103111484490146,2.553731225563347e-16,1.1410440365588437e-16,6.925218665170645e-17,1.0,0.0
1.62,-2.1814814245208196,1.221121940868567,-0.5103111484490146,2.6673868863766577e-16,8.892532388613743e-17,6.600407570760143e-17,1.0,0.0
1.6400000000000001,-2.1814814245208196,1.221121940868567,-0.5103111484490146,2.7810425471899685e-16,6.374624411639045e-17,6.27559647634964e-17,1.0,0.0
1.6600000000000001,-2.1814814245208196,1.221121940868567,-0.5103111484490146,2.8946982080032797e-16,3.856716434664348e-17,5.950785381939137e-17,1.0,0.0
1.68,-2.1814814245208196,1.221121940868567,-0.5103111484490146,3.008353868816589e-16,1.3388084576896826e-17,5.625974287528637e-17,1.0,0.0
1.7,-2.1814814245208196,1.221121940868567,-0.5103111484490146,3.1220095296299e-16,-1.1790995192850122e-17,5.301163193118135e-17,1.0,0.0
1.72,-2.1814814245208196,1.221121940868567,-0.5103111484490146,3.2351588086147997e-16,-3.686046360346393e-17,4.977586058651289e-17,1.0,0.0
1.74,-2.1814814245208196,1.221121940868567,-0.5103111484490146,3.1899661186393433e-16,-2.7655245499328534e-17,5.03985935588317e-17,1.0,0.0
1.76,-2.1814814245208196,1.221121940868567,-0.5103111484490146,3.1447734286638873e-16,-1.8450027395193137e-17,5.10213265311505e-17,1.0,0.0
1.78,-2.1814814245208196,1.221121940868567,-0.5103111484490146,3.0995807386884314e-16,-9.244809291057743e-18,5.1644059503469304e-17,1.0,0.0
1.8,-2.1814814245208196,1.221121940868567,-0.5103111484490146,3.0543880487129755e-16,-3.959118692234556e-20,5.226679247578811e-17,1.0,0.0
1.82,-2.1814814245208196,1.221121940868567,-0.5103111484490146,3.0091953587375195e-16,9.165626917213045e-18,5.288952544810691e-17,1.0,0.0
1.84,-2.1814814245208196,1.221121940868567,-0.5103111484490146,2.964002668762063e-16,1.8370845021348442e-17,5.3512258420425716e-17,1.0,0.0
1.86,-2.1814814245208196,1.221121940868567,-0.5103111484490146,2.918809978786607e-16,2.757606312548384e-17,5.413499139274452e-17,1.0,0.0
1.8800000000000001,-2.1814814245208196,1.221121940868567,-0.5103111484490146,2.8736172888111513e-16,3.6781281229619237e-17,5.475772436506332e-17,1.0,0.0
1.9000000000000001,-2.1814814245208196,1.221121940868567,-0.5103111484490146,2.8284245988356953e-16,4.5986499333754634e-17,5.538045733738213e-17,1.0,0.0
1.92,-2.1814814245208196,1.221121940868567,-0.5103111484490146,2.7832319088602394e-16,5.519171743788992e-17,5.600319030970093e-17,1.0,0.0
1.94,-2.1814814245208196,1.221121940868567,-0.5103111484490146,2.7380392188847835e-16,6.439693554202532e-17,5.662592328201972e-17,1.0,0.0
1.96,-2.1814814245208196,1.221121940868567,-0.5103111484490146,2.6928465289093275e-16,7.360215364616072e-17,5.724865625433853e-17,1.0,0.0
1.98,-2.1814814245208196,1.221121940868567,-0.5103111484490146,2.369941971596207e-16,8.63605553304078e-17,5.821331180587926e-17,1.0,0.0
2.0,-2.1814814245208196,1.221121940868567,-0.5103111484490146,1.7728443074305272e-16,1.0262711982522623e-16,5.951555759149489e-17,1.0,0.0
2.02,-2.1814814245208196,1.221121940868567,-0.5103111484490146,1.1757466432648479e-16,1.1889368432004467e-16,6.081780337711052e-17,1.0,0.0
2.04,-2.1814814245208196,1.221121940868567,-0.5103111484490146,5.786489790991683e-17,1.3516024881486312e-16,6.212004916272616e-17,1.0,0.0
2.06,-2.1814814245208196,1.221121940868567,-0.5103111484490146,-1.8448685066511105e-18,1.5142681330968154e-16,6.34222949483418e-17,1.0,0.0
2.08,-2.1814814245208196,1.221121940868567,-0.5103111484490146,-6.155463492321907e-17,1.6769337780449997e-16,6.472454073395743e-17,1.0,0.0
2.1,-2.1814814245208196,1.221121940868567,-0.5103111484490146,-1.2126440133978703e-16,1.8395994229931842e-16,6.602678651957306e-17,1.0,0.0
2.12,-2.1814814245208196,1.221121940868567,-0.5103111484490146,-1.8097416775635494e-16,2.0022650679413687e-16,6.73290323051887e-17,1.0,0.0
2.14,-2.1814814245208196,1.221121940868567,-0.5103111484490146,-2.406839341729229e-16,2.164930712889553e-16,6.863127809080433e-17,1.0,0.0
2.16,-2.1814814245208196,1.221121940868567,-0.5103111484490146,-3.0039370058949087e-16,2.3275963578377376e-16,6.993352387641997e-17,1.0,0.0
2.18,-2.1814814245208196,1.221121940868567,-0.5103111484490146,-3.6010346700605883e-16,2.4902620027859216e-16,7.123576966203559e-17,1.0,0.0
2.2,-2.1814814245208196,1.221121940868567,-0.5103111484490146,-4.198132334226268e-16,2.652927647734106e-16,7.253801544765123e-17,1.0,0.0
2.22,-2.1814814245208196,1.221121940868567,-0.5103111484490146,-4.791346536188362e-16,2.8148482820829154e-16,7.38539688814381e-17,1.0,0.0
2.24,-2.1814814245208196,1.221121940868567,-0.5103111484490146,-4.1702299363804902e-16,2.7438094408300497e-16,7.945620566794927e-17,1.0,0.0
2.2600000000000002,-2.1814814245208196,1.221121940868567,-0.5103111484490146,-3.549113336572619e-16,2.6727705995771845e-16,8.505844245446045e-17,1.0,0.0
2.2800000000000002,-2.1814814245208196,1.221121940868567,-0.5103111484490146,-2.9279967367647477e-16,2.601731758324319e-16,9.066067924097161e-17,1.0,0.0
2.3000000000000003,-2.1814814245208196,1.221121940868567,-0.5103111484490146,-2.3068801369568764e-16,2.5306929170714536e-16,9.626291602748278e-17,1.0,0.0
2.32,-2.1814814245208196,1.221121940868567,-0.5103111484490146,-1.685763537149019e-16,2.4596540758185893e-16,1.0186515281399382e-16,1.0,0.0
2.34,-2.1814814245208196,1.221121940868567,-0.5103111484490146,-1.0646469373411471e-16,2.388615234565724e-16,1.0746738960050499e-16,1.0,0.0
2.36,-2.1814814245208196,1.221121940868567,-0.5103111484490146,-4.435303375332758e-17,2.3175763933128584e-16,1.1306962638701617e-16,1.0,0.0
2.38,-2.1814814245208196,1.221121940868567,-0.5103111484490146,1.775862622745955e-17,2.2465375520599927e-16,1.1867186317352732e-16,1.0,0.0
2.4,-2.1814814245208196,1.221121940868567,-0.5103111484490146,7.987028620824668e-17,2.1754987108071275e-16,1.242740999600385e-16,1.0,0.0
2.42,-2.1814814245208196,1.221121940868567,-0.5103111484490146,1.419819461890338e-16,2.1044598695542617e-16,1.2987633674654965e-16,1.0,0.0
2.44,-2.1814814245208196,1.221121940868567,-0.5103111484490146,2.0409360616982094e-16,2.0334210283013963e-16,1.3547857353306083e-16,1.0,0.0
2.46,-2.1814814245208196,1.221121940868567,-0.5103111484490146,2.6620526615060807e-16,1.9623821870485308e-16,1.41080810319572e-16,1.0,0.0
2.48,-2.1814814245208196,1.221121940868567,-0.5103111484490146,3.1399641866439225e-16,1.775500156696272e-16,1.3853640407692818e-16,1.0,0.0
2.5,-2.1814814245208196,1.221121940868567,-0.5103111484490146,3.476485123337498e-16,1.4742427334903453e-16,1.2794857720556933e-16,1.0,0.0
2.52,-2.1814814245208196,1.221121940868567,-0.5103111484490146,3.8130060600310734e-16,1.1729853102844188e-16,1.1736075033421047e-16,1.0,0.0
2.54,-2.1814814245208196,1.221121940868567,-0.5103111484490146,4.1495269967246483e-16,8.717278870784921e-17,1.0677292346285162e-16,1.0,0.0
2.56,-2.1814814245208196,1.221121940868567,-0.5103111484490146,4.486047933418224e-16,5.704704638725655e-17,9.618509659149277e-17,1.0,0.0
2.58,-2.1814814245208196,1.221121940868567,-0.5103111484490146,4.822568870111799e-16,2.6921304066663892e-17,8.559726972013392e-17,1.0,0.0
2.6,-2.1814814245208196,1.221121940868567,-0.5103111484490146,5.159089806805374e-16,-3.204438253928786e-18,7.500944284877507e-17,1.0,0.0
2.62,-2.1814814245208196,1.221121940868567,-0.5103111484490146,5.49561074349895e-16,-3.333018057452144e-17,6.442161597741623e-17,1.0,0.0
2.64,-2.1814814245208196,1.221121940868567,-0.5103111484490146,5.832131680192525e-16,-6.345592289511409e-17,5.3833789106057374e-17,1.0,0.0
2.66,-2.1814814245208196,1.221121940868567,-0.5103111484490146,6.1686526168861e-16,-9.35816652157068e-17,4.324596223469852e-17,1.0,0.0
2.68,-2.1814814245208196,1.221121940868567,-0.5103111484490146,6.505173553579676e-16,-1.2370740753629945e-16,3.265813536333966e-17,1.0,0.0
2.7,-2.1814814245208196,1.221121940868567,-0.5103111484490146,6.841694490273251e-16,-1.538331498568921e-16,2.2070308491980805e-17,1.0,0.0
2.72,-2.1814814245208196,1.221121940868567,-0.5103111484490146,-8.896712831523687e-05,9.227995336412323e-05,0.0011414214792991766,1.0,0.0
2.74,-2.1814814245208196,1.221121940868567,-0.5103111484490146,-0.027997317733400376,0.029039840036071008,0.35919715999124346,1.0,0.0
2.7600000000000002,-2.1814814245208196,1.221121940868567,-0.5103111484490146,-0.055905668338485516,0.0579874001187779,0.7172528985031877,1.0,0.0
2.7800000000000002,-2.1814814245208196,1.221121940868567,-0.5103111484490146,-0.08381401894357066,0.08693496020148478,1.075308637015132,1.0,0.0
2.8000000000000003,-2.1814814245208196,1.221121940868567,-0.5103111484490146,-0.11172236954865579,0.11588252028419167,1.4333643755270762,1.0,0.0
2.82,-2.1814814245208196,1.221121940868567,-0.5103111484490146,-0.1396307201537403,0.1448300803668979,1.7914201140390127,1.0,0.0
2.84,-2.1814814245208196,1.221121940868567,-0.5103111484490146,-0.16753907075882546,0.17377764044960478,2.1494758525509567,1.0,0.0
2.86,-2.1814814245208196,1.221121940868567,-0.5103111484490146,-0.19544742136391058,0.20272520053231166,2.507531591062901,1.0,0.0
2.88,-2.1814814245208196,1.221121940868567,-0.5103111484490146,-0.22335577196899573,0.23167276061501857,2.8655873295748453,1.0,0.0
2.9,-2.1814814245208196,1.221121940868567,-0.5103111484490146,-0.2512641225740809,0.26062032069772545,3.2236430680867896,1.0,0.0
2.92,-2.1814814245208196,1.221121940868567,-0.5103111484490146,-0.279172473179166,0.28956788078043233,3.581698806598734,1.0,0.0
2.94,-2.1814814245208196,1.221121940868567,-0.5103111484490146,-0.30708082378425117,0.31851544086313927,3.939754545110678,1.0,0.0
2.96,-2.1814814245208196,1.221121940868567,-0.5103111484490146,-0.3349891743893363,0.34746300094584615,4.297810283622622,0.0,0.0
2.98,-2.184992210128534,1.2247634558672462,-0.4652688257651978,-0.3594487791926349,0.375426448397728,4.659614870451297,0.0,0.0
3.0,-2.1919692977798055,1.232000345887923,-0.3757548911372117,-0.3805033356802028,0.4024182524613542,5.025120805648473,0.0,0.0
3.02,-2.1989463854310767,1.2392372359085997,-0.2862409565092257,-0.40155789216777066,0.4294100565249805,5.390626740845647,0.0,0.0
3.04,-2.20650114735618,1.2472147005797602,-0.18669862846335927,-0.40941868433902745,0.4522988023176788,5.7627959656696355,0.0,0.0
3.06,-2.2147642422530307,1.256100243499755,-0.07485967923611558,-0.40110153902881457,0.47015645777114506,6.143135586782288,0.0,0.0
3.08,-2.2230273371498814,1.2649857864197498,0.03697926999112813,-0.3927843937186017,0.48801411322461125,6.523475207894941,0.0,0.0
3.1,-2.2310896607584807,1.2743024032667736,0.15799940733710566,-0.38051353644035824,0.5097593788672531,6.791296631807072,0.0,0.0
3.12,-2.2388447464204755,1.2842786874862004,0.29306940913107593,-0.3621923601294517,0.5374538087660006,6.886932778807803,0.0,0.0
3.14,-2.2465998320824707,1.2942549717056273,0.42813941092504615,-0.34387118381854515,0.5651482386647481,6.9825689258085335,0.0,0.0
3.16,-2.253973070085106,1.3048084597603697,0.5652026493028869,-0.3718510585628282,0.5781039916253718,6.988874038896712,0.0,0.0
3.18,-2.260609102705197,1.316476313096107,0.7061140839503517,-0.4892209903590801,0.5626048576591525,6.822714250304015,0.0,0.0
3.2,-2.2672451353252874,1.3281441664318443,0.8470255185978166,-0.6065909221553321,0.5471057236929332,6.656554461711319,0.0,0.0
3.22,-2.275940341502297,1.339540098276873,0.9850217956946467,-0.6945590557528315,0.5518654620702793,6.447657176497658,0.0,0.0
3.24,-2.289745301323123,1.3502612682382757,1.1157842304246675,-0.709567848465235,0.6068967506184765,6.132708568726561,0.0,0.0
3.2600000000000002,-2.3035502611439487,1.3609824381996787,1.246546665154688,-0.7245766411776386,0.6619280391666738,5.817759960955464,0.0,0.0
3.2800000000000002,-2.3175690471801365,1.372487624063107,1.3728221121486854,-0.7315270890841724,0.7020164987523118,5.487877072280352,0.0,0.0
3.3000000000000003,-2.3322907404494653,1.3865700918912371,1.4843475616770498,-0.7119874789703728,0.6929836541815704,5.108900979334409,0.0,0.0
3.3200000000000003,-2.3470124337187945,1.4006525597193675,1.595873011205414,-0.6924478688565732,0.683950809610829,4.729924886388468,0.0,0.0
3.34,-2.361520184719658,1.4146361255096929,1.7032489918064666,-0.6727823150544393,0.6730812790947218,4.352147126041178,0.0,0.0
3.36,-2.375048403303496,1.4281668693642964,1.79162667274053,-0.6525401294051784,0.6538025013724078,3.979855918842864,0.0,0.0
3.38,-2.3885766218873346,1.4416976132188997,1.880004353674593,-0.6322979437559175,0.6345237236500938,3.6075647116445504,0.0,0.0
3.4,-2.4019499556646733,1.455080843864761,1.9655334167475431,-0.6118654402558366,0.6140947334450132,3.236285028810447,0.0,0.0
3.42,-2.41424178641832,1.4674340446136025,2.0311716403007187,-0.5901040179561907,0.5856342370766554,2.872068444566547,0.0,0.0
3.44,-2.4265336171719665,1.479787245362444,2.0968098638538946,-0.5683425956565448,0.5571737407082976,2.5078518603226474,0.0,0.0
3.46,-2.438730698415525,1.4920165287473082,2.1608622837565594,-0.5462565333190368,0.5284128332640635,2.1441428079167717,0.0,0.0
3.48,-2.4496933467298274,1.502631369224153,2.2042542459565495,-0.519940936153127,0.49573805519369174,1.7870460748033081,0.0,0.0
3.5,-2.46065599504413,1.5132462097009982,2.24764620815654,-0.4936253389872172,0.46306327712331985,1.4299493416898448,0.0,0.0
3.52,-2.4715908424991,1.5238265312230532,2.2906609189499743,-0.46724932128205626,0.4303748085319518,1.0729179688023869,0.0,0.0
3.54,-2.480946140468735,1.5324456041152896,2.3122414985911433,-0.4374404157464099,0.39690849148866264,0.7196001398063547,0.0,0.0
3.56,-2.49030143843837,1.5410646770075258,2.3338220782323127,-0.4076315102107636,0.3634421744453734,0.3662823108103225,0.0,0.0
3.58,-2.4996567364080056,1.5496837498997622,2.3554026578734817,-0.37782260467511725,0.3299758574020842,0.012964481814290219,0.0,0.0
3.6,-2.507258119290076,1.5563337106312969,2.3561945014021917,-0.48592726358792315,0.41412188161934166,5.396367709087184e-07,0.0,0.0
3.62,-2.5147926964801366,1.5629086689288638,2.356194513039015,-0.5992849767539181,0.5027476973056765,4.958248082926213e-07,0.0,0.0
3.64,-2.5241760323126683,1.5709290316732922,2.3561945239613067,-0.7126426868346246,0.5913735105638236,4.520128192678454e-07,0.0,0.0
3.66,-2.537732901784498,1.5822123644684258,2.3561945332705565,-0.8260003899503577,0.6799993183403882,4.082007706260344e-07,0.0,0.0
3.68,-2.5512897712563274,1.5934956972635594,2.3561945425798063,-0.939358093066091,0.7686251261169528,3.643887219842233e-07,0.0,0.0
3.7,-2.5687651269696463,1.6078425978522184,2.356194550374586,-1.0527157830914293,0.8572509236153194,3.205766551963555e-07,0.0,0.0
3.72,-2.5883442881893095,1.6238343047247008,2.356194557356257,-1.166073466088634,0.9458767155953997,2.767645786660076e-07,0.0,0.0
3.74,-2.6079234494089727,1.6398260115971832,2.3561945643379287,-1.2794311490858388,1.03450250757548,2.3295250213565969e-07,0.0,0.0
3.7600000000000002,-2.633490823570276,1.6604994489043936,2.3561945690051913,-1.392788772014902,1.1231282525036606,1.8914034467370445e-07,0.0,0.0
3.7800000000000002,-2.6590922754689474,1.6811995290150141,2.356194573659283,-1.506146394602129,1.211753997164078,1.4532818675118342e-07,0.0,0.0
3.8000000000000003,-2.6867293759410202,1.7034911286597163,2.356194577526607,-1.5715649960241194,1.258546328367704,2.7483213984852408e-08,0.0,0.0
3.8200000000000003,-2.718353115309332,1.7288995794945485,2.3561945798531143,-1.5430992360086389,1.2234115944440884,-2.3534852275966837e-07,0.0,0.0
3.84,-2.7499768546776426,1.75430803032938,2.356194582179622,-1.514633475993159,1.1882768605204737,-4.981802595041834e-07,0.0,0.0
3.86,-2.7805696742626855,1.7784440369272756,2.3561945749873803,-1.428297194215615,1.1166774687329575,-5.519740216210175e-07,0.0,0.0
3.88,-2.810681129005205,1.8019859042626654,2.356194563350572,-1.3149395718382704,1.0280517238040807,-5.081621956297773e-07,0.0,0.0
3.9,-2.8406397700590285,1.8254082981412907,2.356194551772825,-1.2015819479269438,0.9394259776758856,-4.6435036758939327e-07,0.0,0.0
3.92,-2.8647289373430573,1.844241794738206,2.3561945424635837,-1.088224265096384,0.850800185482653,-4.205384608427332e-07,0.0,0.0
3.94,-2.8888181046270867,1.8630752913351212,2.356194533154342,-0.9748665822658245,0.7621743932894204,-3.767265540960732e-07,0.0,0.0
3.96,-2.91068473074837,1.8801711512204182,2.356194524704096,-0.8615088919984393,0.6735485952818474,-3.3291463739793123e-07,0.0,0.0
3.98,-2.928751607362245,1.8942962745678718,2.3561945177224253,-0.7481511890167456,0.5849227873338345,-2.891027036863188e-07,0.0,0.0
4.0,-2.9468184839761196,1.9084213979153255,2.3561945107407545,-0.6347934860350519,0.4962969793858216,-2.452907699747063e-07,0.0,0.0
4.0200000000000005,-2.960593091271675,1.9191907207634702,2.356194505418015,-0.5214357758721917,0.4076711658233505,-2.0147882660977013e-07,0.0,0.0
4.04,-2.9726376761448363,1.9286074700244664,2.3561945007639165,-0.4080780628149294,0.3190453499979463,-1.576668793540118e-07,0.0,0.0
4.0600000000000005,-2.9843425556497167,1.9377586293702094,2.3561944962411117,-0.2947203494166458,0.23041953390594255,-1.1385604427927993e-07,0.0,0.0
4.08,-2.990364848246886,1.9424670041262506,2.356194493914586,-0.18136263031385091,0.14179371335433488,-7.00638137540835e-08,0.0,0.0
4.1,-2.9963871408440554,1.9471753788822919,2.356194491588061,-0.06800491121105603,0.05316789280272724,-2.6271583228887077e-08,0.0,0.0
4.12,-3.0,1.95,2.356194490192345,0.026360625269806988,-0.023777860788633455,-0.10664096557155653,0.0,0.0
4.14,-3.0,1.95,2.356194490192345,0.09224806407715788,-0.08320977227197843,-0.37318623987886046,0.0,0.0
4.16,-3.0,1.95,2.356194490192345,0.1581355028845117,-0.14264168375532604,-0.6397315141861761,0.0,0.0
4.18,-3.0,1.9499999999999997,2.356194490192345,0.2240229416918626,-0.20207359523867102,-0.90627678849348,0.0,0.0
4.2,-3.0,1.9499999999999997,2.356194490192345,0.2899103804992164,-0.2615055067220186,-1.1728220628007957,0.0,0.0
4.22,-3.0,1.9499999999999997,2.356194490192345,0.35579781930656734,-0.3209374182053636,-1.4393673371080997,0.0,0.0
4.24,-2.9943874193863005,1.9449373294779015,2.333488996302615,0.42018213182112946,-0.37940748220013154,-1.7103564855472453,0.0,0.0
4.26,-2.9869478545225747,1.9382266791861462,2.303392503052565,0.48407715282225766,-0.4375644495405213,-1.9827921856899098,0.0,0.0
4.28,-2.979508289658849,1.931516028894391,2.2732960098025137,0.5479721738233887,-0.4957214168809137,-2.2552278858325865,0.0,0.0
4.3,-2.972068724795123,1.9248053786026358,2.243199516552463,0.6118671948245169,-0.5538783842213035,-2.527663585975251,0.0,0.0
4.32,-2.9646291599313974,1.9180947283108805,2.213103023302412,0.675762215825648,-0.6120353515616959,-2.8000992861179275,0.0,0.0
4.34,-2.9564049305219084,1.910669879797635,2.179660876016216,0.7369985909097907,-0.6690139804578029,-3.078294642863736,0.0,0.0
4.36,-2.941750771164733,1.8973925373011407,2.118802782389924,0.776448704470806,-0.7163367204873688,-3.403687478686348,0.0,0.0
4.38,-2.927096611807558,1.8841151948046473,2.0579446887636346,0.8158988180318196,-0.7636594605169327,-3.7290803145089457,0.0,0.0
4.4,-2.9124424524503825,1.870837852308153,1.9970865951373422,0.855348931592835,-0.8109822005464986,-4.054473150331558,0.0,0.0
4.42,-2.8977882930932073,1.8575605098116594,1.9362285015110527,0.8947990451538487,-0.8583049405760625,-4.379865986154155,0.0,0.0
4.44,-2.8831341337360317,1.8442831673151654,1.8753704078847606,0.934249158714864,-0.9056276806056285,-4.705258821976768,0.0,0.0
4.46,-2.8664171309054076,1.828531322298805,1.7974975473264145,1.0107753405366395,-0.901917255039079,-4.834242548645651,0.0,0.0
4.48,-2.8473085310049195,1.8099106154167466,1.6998982910124691,1.1302863718420353,-0.8390405520130882,-4.735515614766465,0.0,0.0
4.5,-2.828199931104433,1.791289908534689,1.6022990346985282,1.2497974031474257,-0.7761638489871003,-4.636788680887282,0.0,0.0
4.5200000000000005,-2.809091331203945,1.7726692016526304,1.5046997783845828,1.3693084344528215,-0.7132871459611095,-4.538061747008095,0.0,0.0
4.54,-2.789982731303458,1.7540484947705728,1.4071005220706416,1.488819465758212,-0.6504104429351215,-4.439334813128912,0.0,0.0
4.5600000000000005,-2.7708741314029703,1.7354277878885143,1.3095012657566962,1.6083304970636076,-0.5875337399091307,-4.340607879249726,0.0,0.0
4.58,-2.740734744286111,1.7226105580944548,1.2210144385487245,1.5832349280169464,-0.6749986177025706,-4.304178529072919,0.0,0.0
4.6000000000000005,-2.7081317654050245,1.7110894641134986,1.134562761222367,1.525843238784839,-0.7960404536099122,-4.281662584270531,0.0,0.0
4.62,-2.675528786523939,1.6995683701325428,1.0481110838960133,1.4684515495527342,-0.9170822895172485,-4.2591466394681445,0.0,0.0
4.64,-2.6429258076428543,1.688047276151587,0.9616594065696598,1.4110598603206292,-1.0381241254245848,-4.236630694665758,0.0,0.0
4.66,-2.6103228287617677,1.6765261821706305,0.8752077292433023,1.3536681710885219,-1.1591659613319263,-4.21411474986337,0.0,0.0
4.68,-2.578832988659763,1.6626574249087769,0.789192759245856,1.3060230617310098,-1.250249621085778,-4.188594295520317,0.0,0.0
4.7,-2.5527102919449,1.6374691038242362,0.7052834304285626,1.3053723547825007,-1.1968860384519016,-4.148587207690183,0.0,0.0
4.72,-2.5265875952300383,1.6122807827396968,0.6213741016112728,1.3047216478339916,-1.1435224558180273,-4.108580119860052,0.0,0.0
4.74,-2.500464898515175,1.587092461655156,0.5374647727939794,1.3040709408854825,-1.0901588731841505,-4.068573032029919,0.0,0.0
4.76,-2.474342201800313,1.5619041405706164,0.45355544397668984,1.3034202339369734,-1.0367952905502762,-4.028565944199787,0.0,0.0
4.78,-2.44821950508545,1.5367158194860757,0.36964611515939644,1.3027695269884643,-0.9834317079163996,-3.9885588563696537,0.0,0.0
4.8,-2.4221354635306316,1.5146975549560995,0.28811340209289926,1.2742914283605213,-0.9181282899489507,-3.840406807418461,0.0,0.0
4.82,-2.3960862402522585,1.49553468942956,0.20872140359396624,1.2207480650907387,-0.8420701761816335,-3.5948441890036458,0.0,0.0
4.84,-2.3700370169738862,1.4763718239030215,0.1293294050950367,1.1672047018209584,-0.7660120624143196,-3.3492815705888415,0.0,0.0
4.86,-2.3439877936955127,1.4572089583764818,0.049937406596103684,1.1136613385511758,-0.6899539486470023,-3.1037189521740265,0.0,0.0
4.88,-2.3179385704171405,1.4380460928499432,-0.029454591902825844,1.0601179752813954,-0.6138958348796884,-2.858156333759222,0.0,0.0
4.9,-2.2918893471387674,1.4188832273234038,-0.10884659040175887,1.0065746120116128,-0.5378377211123712,-2.6125937153444068,0.0,0.0
4.92,-2.2711630979704025,1.4072816232813095,-0.16382616165695887,0.9196940517806342,-0.49295228458085494,-2.384355473430525,0.0,0.0
4.94,-2.251159629865974,1.396706726585049,-0.21549088678068545,0.8282867938445124,-0.4522996360269995,-2.158469625313897,0.0,0.0
4.96,-2.231156161761546,1.386131829888789,-0.2671556119044098,0.7368795359083946,-0.4116469874731459,-1.9325837771972787,0.0,0.0
4.98,-2.211152693657117,1.3755569331925288,-0.3188203370281364,0.6454722779722728,-0.37099433891929046,-1.7066979290806505,0.0,0.0
5.0,-2.191149225552689,1.3649820364962688,-0.3704850621518607,0.554065020036155,-0.3303416903654368,-1.4808120809640326,0.0,0.0
5.0200000000000005,-2.1735690015611744,1.355484858282181,-0.4161614602652544,0.4639858672776023,-0.28678949561864897,-1.2535669344068119,0.0,0.0
5.04,-2.1638866240430614,1.3495001842637646,-0.4423206801017719,0.3782352799892311,-0.2337870888390455,-1.0218915571773712,0.0,0.0
5.0600000000000005,-2.154204246524948,1.3435155102453478,-0.46847989993829053,0.2924846927008561,-0.1807846820594397,-0.7902161799479204,0.0,0.0
5.08,-2.144521869006835,1.3375308362269311,-0.49463911977480796,0.20673410541248483,-0.12778227527983627,-0.5585408027184798,0.0,0.0
5.1000000000000005,-2.1348394914887217,1.3315461622085143,-0.5207983396113266,0.12098351812410979,-0.07477986850023044,-0.32686542548902886,0.0,0.0
5.12,-2.1251571139706087,1.325561488190098,-0.5469575594478441,0.035232930835738585,-0.021777461720627,-0.09519004825958821,1.0,0.0
5.14,-2.1211788492355352,1.3231025242059071,-0.5577057771844457,6.968773945742763e-16,-4.015623398265454e-15,2.5056380679590545e-15,1.0,0.0
5.16,-2.1211788492355352,1.323102524205907,-0.5577057771844456,3.0569557394732766e-16,-3.2080256171916826e-15,2.0479038953256198e-15,1.0,0.0
5.18,-2.1211788492355352,1.323102524205907,-0.5577057771844456,-8.548624667960361e-17,-2.4004278361179467e-15,1.590169722692205e-15,1.0,0.0
5.2,-2.1211788492355352,1.323102524205907,-0.5577057771844456,-4.766680673065522e-16,-1.592830055044175e-15,1.1324355500587699e-15,1.0,0.0
5.22,-2.1211788492355352,1.3231025242059067,-0.5577057771844455,-8.678498879334835e-16,-7.852322739704394e-16,6.747013774253551e-16,1.0,0.0
5.24,-2.1211788492355352,1.3231025242059067,-0.5577057771844455,-1.2590317085604321e-15,2.2365507103332364e-17,2.1696720479192035e-16,1.0,0.0
5.26,-2.1211788492355352,1.3231025242059067,-0.5577057771844455,-1.1959851379870934e-15,2.2331577246530656e-18,1.9556114035816818e-16,1.0,0.0
5.28,-2.1211788492355352,1.3231025242059067,-0.5577057771844455,-1.1057177383912986e-15,-6.750309311478814e-17,2.0030318348679958e-16,1.0,0.0
5.3,-2.1211788492355352,1.3231025242059067,-0.5577057771844455,-1.015450338795508e-15,-1.3723934395422628e-16,2.0504522661543076e-16,1.0,0.0
5.32,-2.1211788492355352,1.323102524205907,-0.5577057771844455,-9.251829391997133e-16,-2.0697559479366748e-16,2.0978726974406217e-16,1.0,0.0
5.34,-2.1211788492355352,1.323102524205907,-0.5577057771844455,-8.349155396039227e-16,-2.767118456331056e-16,2.1452931287269337e-16,1.0,0.0
5.36,-2.1211788492355352,1.323102524205907,-0.5577057771844455,-7.44648140008128e-16,-3.4644809647254687e-16,2.1927135600132478e-16,1.0,0.0
5.38,-2.1211788492355352,1.323102524205907,-0.5577057771844455,-6.543807404123374e-16,-4.1618434731198496e-16,2.24013399129956e-16,1.0,0.0
5.4,-2.1211788492355352,1.323102524205907,-0.5577057771844455,-6.349846208180707e-16,-4.483325078288716e-16,2.2037561965012132e-16,1.0,0.0
5.42,-2.1211788492355352,1.323102524205907,-0.5577057771844455,-7.045313580909517e-16,-4.3330793296696494e-16,2.062212336856741e-16,1.0,0.0
5.44,-2.1211788492355352,1.323102524205907,-0.5577057771844455,-7.740780953638358e-16,-4.1828335810505755e-16,1.9206684772122624e-16,1.0,0.0
5.46,-2.1211788492355352,1.323102524205907,-0.5577057771844455,-8.436248326367168e-16,-4.0325878324315084e-16,1.77912461756779e-16,1.0,0.0
5.48,-2.1211788492355352,1.3231025242059067,-0.5577057771844455,-9.131715699096008e-16,-3.8823420838124345e-16,1.6375807579233115e-16,1.0,0.0
5.5,-2.1211788492355352,1.3231025242059067,-0.5577057771844455,-9.82718307182482e-16,-3.732096335193367e-16,1.4960368982788392e-16,1.0,0.0
5.5200000000000005,-2.1211788492355352,1.3231025242059067,-0.5577057771844455,-1.052265044455366e-15,-3.581850586574293e-16,1.3544930386343607e-16,1.0,0.0
5.54,-2.1211788492355352,1.3231025242059067,-0.5577057771844455,-1.121811781728247e-15,-3.4316048379552255e-16,1.2129491789898883e-16,1.0,0.0
5.5600000000000005,-2.1211788492355352,1.3231025242059067,-0.5577057771844455,-1.054529043678573e-15,-4.0045823453680186e-16,1.19282825782712e-16,1.0,0.0
5.58,-2.1211788492355352,1.3231025242059067,-0.5577057771844455,-9.790464400433363e-16,-4.620900905385397e-16,1.179983925076369e-16,1.0,0.0
5.6000000000000005,-2.1211788492355352,1.3231025242059067,-0.5577057771844455,-9.035638364080963e-16,-5.237219465402803e-16,1.1671395923256175e-16,1.0,0.0
5.62,-2.1211788492355352,1.3231025242059067,-0.5577057771844455,-8.280812327728597e-16,-5.853538025420181e-16,1.1542952595748665e-16,1.0,0.0
5.64,-2.1211788492355352,1.3231025242059067,-0.5577057771844455,-7.525986291376231e-16,-6.46985658543756e-16,1.1414509268241155e-16,1.0,0.0
5.66,-2.1211788492355352,1.3231025242059067,-0.5577057771844455,-6.77116025502383e-16,-7.086175145454967e-16,1.128606594073364e-16,1.0,0.0
5.68,-2.1211788492355352,1.3231025242059067,-0.5577057771844455,-6.016334218671463e-16,-7.702493705472345e-16,1.1157622613226132e-16,1.0,0.0
5.7,-2.1211788492355352,1.3231025242059067,-0.5577057771844455,-5.623856606564796e-16,-7.863119620577338e-16,1.118730481266504e-16,1.0,0.0
5.72,-2.1211788492355352,1.3231025242059067,-0.5577057771844455,-5.686123201604252e-16,-7.451855121243887e-16,1.1415433210760644e-16,1.0,0.0
5.74,-2.1211788492355352,1.3231025242059067,-0.5577057771844455,-5.748389796643709e-16,-7.040590621910418e-16,1.1643561608856262e-16,1.0,0.0
5.76,-2.1211788492355352,1.3231025242059067,-0.5577057771844455,-5.810656391683165e-16,-6.629326122576967e-16,1.1871690006951866e-16,1.0,0.0
5.78,-2.1211788492355352,1.3231025242059067,-0.5577057771844455,-5.872922986722623e-16,-6.218061623243497e-16,1.2099818405047485e-16,1.0,0.0
5.8,-2.1211788492355352,1.3231025242059067,-0.5577057771844455,-5.935189581762078e-16,-5.806797123910045e-16,1.232794680314309e-16,1.0,0.0
5.82,-2.1211788492355352,1.3231025242059067,-0.5577057771844455,-5.997456176801536e-16,-5.395532624576576e-16,1.2556075201238705e-16,1.0,0.0
5.84,-2.1211788492355352,1.3231025242059067,-0.5577057771844455,-6.059722771840991e-16,-4.984268125243125e-16,1.2784203599334312e-16,1.0,0.0
5.86,-2.1211788492355352,1.3231025242059067,-0.5577057771844455,-6.450927073775924e-16,-5.2602249208291155e-16,1.5330519658072079e-16,1.0,0.0
5.88,-2.1211788492355352,1.3231025242059067,-0.5577057771844455,-6.861843831497201e-16,-5.577365256968719e-16,1.8015759199301874e-16,1.0,0.0
5.9,-2.1211788492355352,1.3231025242059067,-0.5577057771844455,-7.272760589218497e-16,-5.894505593108337e-16,2.0700998740531785e-16,1.0,0.0
5.92,-2.1211788492355352,1.3231025242059067,-0.5577057771844455,-7.683677346939774e-16,-6.211645929247941e-16,2.338623828176158e-16,1.0,0.0
5.94,-2.1211788492355352,1.3231025242059067,-0.5577057771844455,-8.09459410466107e-16,-6.5287862653875585e-16,2.6071477822991493e-16,1.0,0.0
5.96,-2.1211788492355352,1.3231025242059067,-0.5577057771844455,-8.505510862382347e-16,-6.845926601527162e-16,2.875671736422129e-16,1.0,0.0
5.98,-2.1211788492355352,1.3231025242059067,-0.5577057771844455,-8.916427620103642e-16,-7.163066937666781e-16,3.14419569054512e-16,1.0,0.0
6.0,-2.1211788492355352,1.3231025242059067,-0.5577057771844455,-9.445238655982487e-16,-7.273791778837935e-16,3.1470182019444577e-16,1.0,0.0
6.0200000000000005,-2.1211788492355352,1.3231025242059067,-0.5577057771844455,-1.012200601362383e-15,-7.125466919993174e-16,2.8163876504238934e-16,1.0,0.0
6.04,-2.1211788492355352,1.3231025242059067,-0.5577057771844455,-1.079877337126514e-15,-6.977142061148419e-16,2.485757098903344e-16,1.0,0.0
6.0600000000000005,-2.1211788492355352,1.3231025242059067,-0.5577057771844455,-1.1475540728906482e-15,-6.828817202303658e-16,2.1551265473827798e-16,1.0,0.0
6.08,-2.1211788492355352,1.3231025242059067,-0.5577057771844455,-1.2152308086547792e-15,-6.680492343458903e-16,1.8244959958622304e-16,1.0,0.0
6.1000000000000005,-2.1211788492355352,1.3231025242059067,-0.5577057771844455,-1.2829075444189134e-15,-6.532167484614141e-16,1.4938654443416662e-16,1.0,0.0
6.12,-2.1211788492355352,1.3231025242059067,-0.5577057771844455,-1.3505842801830445e-15,-6.383842625769385e-16,1.1632348928211168e-16,1.0,0.0
6.140000000000001,-2.1211788492355352,1.3231025242059067,-0.5577057771844455,-1.4182610159471787e-15,-6.235517766924624e-16,8.326043413005525e-17,1.0,0.0
6.16,-2.1211788492355352,1.3231025242059067,-0.5577057771844455,-1.0690675270656967e-15,-6.484819138303192e-16,8.317470963810155e-17,1.0,0.0
6.18,-2.1211788492355352,1.3231025242059067,-0.5577057771844455,-6.948919953848991e-16,-6.757949305585844e-16,8.506523827542368e-17,1.0,0.0
6.2,-2.1211788492355352,1.3231025242059067,-0.5577057771844455,-3.20716463704085e-16,-7.031079472868507e-16,8.695576691274591e-17,1.0,0.0
6.22,-2.1211788492355352,1.3231025242059067,-0.5577057771844455,5.3459067976712447e-17,-7.304209640151159e-16,8.884629555006803e-17,1.0,0.0
6.24,-2.1211788492355352,1.3231025242059067,-0.5577057771844455,4.2763459965752646e-16,-7.577339807433822e-16,9.073682418739025e-17,1.0,0.0
6.26,-2.1211788492355352,1.3231025242059067,-0.5577057771844455,8.018101313383241e-16,-7.850469974716473e-16,9.262735282471239e-17,1.0,0.0
6.28,-2.1211788492355352,1.3231025242059067,-0.5577057771844455,1.1759856630191383e-15,-8.123600141999137e-16,9.451788146203461e-17,1.0,0.0
6.3,-2.1211788492355352,1.3231025242059067,-0.5577057771844455,1.3627271584572134e-15,-8.015385928282347e-16,1.0561528879202062e-16,1.0,0.0
6.32,-2.1211788492355352,1.3231025242059067,-0.5577057771844455,1.314240524006732e-15,-7.428587742389616e-16,1.2826725099581695e-16,1.0,0.0
6.34,-2.1211788492355352,1.3231025242059067,-0.5577057771844455,1.2657538895562527e-15,-6.84178955649691e-16,1.5091921319961228e-16,1.0,0.0
6.36,-2.1211788492355352,1.3231025242059067,-0.5577057771844455,1.2172672551057713e-15,-6.254991370604179e-16,1.735711754034086e-16,1.0,0.0
6.38,-2.1211788492355352,1.3231025242059067,-0.5577057771844455,1.168780620655292e-15,-5.668193184711473e-16,1.9622313760720392e-16,1.0,0.0
6.4,-2.1211788492355352,1.3231025242059067,-0.5577057771844455,1.1202939862048107e-15,-5.081394998818741e-16,2.1887509981100023e-16,1.0,0.0
6.42,-2.1211788492355352,1.3231025242059067,-0.5577057771844455,1.0718073517543316e-15,-4.494596812926035e-16,2.4152706201479556e-16,1.0,0.0
6.44,-2.1211788492355352,1.3231025242059067,-0.5577057771844455,1.0233207173038502e-15,-3.9077986270333036e-16,2.6417902421859187e-16,1.0,0.0
6.46,-2.1211788492355352,1.3231025242059067,-0.5577057771844455,7.220264799110232e-16,-3.9935493597744453e-16,2.751450860498914e-16,1.0,0.0
6.48,-2.1211788492355352,1.3231025242059067,-0.5577057771844455,4.0558208310809934e-16,-4.119604352394617e-16,2.854108396173848e-16,1.0,0.0
6.5,-2.1211788492355352,1.3231025242059067,-0.5577057771844455,8.913768630518962e-17,-4.2456593450147837e-16,2.956765931848777e-16,1.0,0.0
6.5200000000000005,-2.1211788492355352,1.3231025242059067,-0.5577057771844455,-2.273067104977343e-16,-4.3717143376349554e-16,3.0594234675237115e-16,1.0,0.0
6.54,-2.1211788492355352,1.3231025242059067,-0.5577057771844455,-5.43751107300644e-16,-4.497769330255122e-16,3.162081003198641e-16,1.0,0.0
6.5600000000000005,-2.1211788492355352,1.3231025242059067,-0.5577057771844455,-8.601955041035679e-16,-4.623824322875294e-16,3.2647385388735745e-16,1.0,0.0
6.58,-2.1211788492355352,1.3231025242059067,-0.5577057771844455,-1.1766399009064776e-15,-4.74987931549546e-16,3.3673960745485043e-16,1.0,0.0
6.6000000000000005,-2.1211788492355352,1.3231025242059067,-0.5577057771844455,-0.0493303402871629,0.0368863578815393,0.03270155262611132,1.0,0.0
6.62,-2.1211788492355352,1.3231025242059067,-0.5577057771844455,-0.16056984032525765,0.12006478286468508,0.10644327715957778,1.0,0.0
6.640000000000001,-2.1211788492355352,1.3231025242059067,-0.5577057771844455,-0.2718093403633573,0.20324320784783456,0.1801850016930475,1.0,0.0
6.66,-2.1211788492355352,1.3231025242059067,-0.5577057771844455,-0.38304884040145204,0.2864216328309803,0.25392672622651397,1.0,0.0
6.68,-2.1211788492355352,1.3231025242059067,-0.5577057771844455,-0.4942883404395468,0.3696000578141261,0.3276684507599804,1.0,0.0
6.7,-2.1211788492355352,1.3231025242059067,-0.5577057771844455,-0.6055278404776464,0.45277848279727556,0.40141017529345013,1.0,0.0
6.72,-2.1211788492355352,1.3231025242059067,-0.5577057771844455,-0.7167673405157412,0.5359569077804214,0.4751518998269166,1.0,0.0
6.74,-2.1211788492355352,1.3231025242059067,-0.5577057771844455,-0.8280068405538409,0.6191353327635709,0.5488936243603864,1.0,0.0
6.76,-2.136921362781466,1.3348738597618728,-0.5472699149505191,-0.9401460427607706,0.7029445758973334,0.6137104110528685,0.0,0.0
6.78,-2.1536072877871812,1.3473506235093449,-0.5362086562704986,-1.052339161982545,0.7867916224651317,0.677992347410782,0.0,0.0
6.8,-2.1702932127928953,1.3598273872568165,-0.5251473975904785,-1.1645322812043144,0.8706386690329262,0.7422742837686924,0.0,0.0
6.82,-2.1869791377986108,1.3723041510042886,-0.5140861389104578,-1.276725400426089,0.9544857156007243,0.8065562201266059,0.0,0.0
6.84,-2.2060884229508897,1.386592002565959,-0.5016363968386368,-1.3893509868353846,1.038594007828277,0.8656351992966339,0.0,0.0
6.86,-2.2333527570031375,1.4069744949542808,-0.48451415490212046,-1.503431904210207,1.123581439350606,0.9072052785403484,0.0,0.0
6.88,-2.260617091055384,1.4273569873426015,-0.4673919129656049,-1.617512821585024,1.2085688708729314,0.9487753577840609,0.0,0.0
6.9,-2.2878814251076323,1.447739479730923,-0.45026967102908855,-1.7315937389598464,1.2935563023952605,0.9903454370277753,0.0,0.0
6.92,-2.3151457591598787,1.4681219721192438,-0.433147429092573,-1.8456746563346633,1.378543733917586,1.031915516271488,0.0,0.0
6.94,-2.3479465262126786,1.492628968687054,-0.41400775984343885,-1.9552339348217909,1.4566915516852998,0.9811823469991557,0.0,0.0
6.96,-2.3859672650851618,1.521024713765855,-0.3929659789424392,-2.0605300302142737,1.5283907063782363,0.8434219607314968,0.0,0.0
6.98,-2.4239880039576467,1.5494204588446574,-0.37192419804143856,-2.1658261256067615,1.6000898610711758,0.7056615744638317,0.0,0.0
7.0,-2.4620087428301303,1.5778162039234587,-0.35088241714043894,-2.2711222209992443,1.6717890157641122,0.5679011881961726,0.0,0.0
7.0200000000000005,-2.500029481702615,1.606211949002261,-0.3298406362394383,-2.3764183163917316,1.7434881704570517,0.43014080192850757,0.0,0.0
7.04,-2.5459960333752027,1.6400182276720017,-0.31919447576930815,-2.41150410225635,1.7765508804651882,0.3342818396885715,0.0,0.0
7.0600000000000005,-2.5939448781403733,1.6751743070020808,-0.31114177767887663,-2.4290740700283,1.7999747077879018,0.24887629555814855,0.0,0.0
7.08,-2.641893722905542,1.7103303863321584,-0.30308907958844544,-2.4466440378002496,1.8233985351106141,0.16347075142772938,0.0,0.0
7.1000000000000005,-2.6898425676707127,1.7454864656622375,-0.2950363814980139,-2.4642140055721997,1.8468223624333278,0.07806520729730643,0.0,0.0
7.12,-2.7379338163394107,1.7808323941991917,-0.2876758920117813,-2.4808513108222026,1.8674203742353193,5.6946111347402313e-05,0.0,0.0
7.140000000000001,-2.7875392894906645,1.8181970477143345,-0.2876758694055517,-2.487571328766947,1.8579706209227072,0.0007062684695150355,0.0,0.0
7.16,-2.8371447626419166,1.8555617012294756,-0.28767584679932207,-2.494291346711691,1.8485208676100957,0.00135559082768264,0.0,0.0
7.18,-2.8867502357931687,1.8929263547446167,-0.28767582419309246,-2.5010113646564354,1.8390711142974843,0.002004913185850244,0.0,0.0
7.2,-2.9363557089444225,1.9302910082597595,-0.28767580158686284,-2.50773138260118,1.8296213609848722,0.002654235544017877,0.0,0.0
7.22,-2.9861966234054598,1.9673245819600311,-0.28765302944220383,-2.480152544912747,1.8059423753723158,0.0908474288541501,0.0,0.0
7.24,-3.036435710267721,2.0037982418329348,-0.2875917838522883,-2.3945683481855546,1.7581992712004848,0.32709260735353574,0.0,0.0
7.26,-3.08667479712998,2.0402719017058364,-0.28753053826237274,-2.3089841514583664,1.710456167028656,0.5633377858529108,0.0,0.0
7.28,-3.136913883992241,2.07674556157874,-0.2874692926724572,-2.2233999547311747,1.662713062856825,0.7995829643522965,0.0,0.0
7.3,-3.1871529708545,2.1132192214516414,-0.28740804708254164,-2.1378157580039865,1.614969958684996,1.0358281428516718,0.0,0.0
7.32,-3.2320886900174535,2.1467344001304447,-0.2727074744125983,-2.0342392109326317,1.5414594318482244,1.092191470266849,0.0,0.0
7.34,-3.2742582566882867,2.1787064819334607,-0.25037126088550077,-1.921278139241187,1.4545090259645277,1.0547312766901964,0.0,0.0
7.36,-3.3164278233591222,2.210678563736478,-0.22803504735840227,-1.8083170675497375,1.3675586200808272,1.0172710831135419,0.0,0.0
7.38,-3.3585973900299555,2.2426506455394937,-0.20569883383130474,-1.6953559958582933,1.2806082141971304,0.9798108895368893,0.0,0.0
7.4,-3.4007669567007905,2.274622727342511,-0.18336262030420622,-1.5823949241668438,1.19365780831343,0.942350695960235,0.0,0.0
7.42,-3.4328945636867574,2.298865133272303,-0.16435652526882755,-1.4704675206707862,1.1087218109300574,0.8832322459420938,0.0,0.0
7.44,-3.4644133129904,2.3226388784341796,-0.14555233984973465,-1.3586027898841837,1.0239079498755703,0.8228006263600403,0.0,0.0
7.46,-3.495932062294041,2.3464126235960547,-0.12674815443064258,-1.246738059097586,0.939094088821087,0.7623690067779892,0.0,0.0
7.48,-3.5274508115976833,2.370186368757931,-0.1079439690115497,-1.1348733283109833,0.8542802277666001,0.7019373871959356,0.0,0.0
7.5,-3.55655989652642,2.392133148994901,-0.09044153365971029,-1.0231230229824526,0.7696799158481383,0.6398212994809616,0.0,0.0
7.5200000000000005,-3.5775311997090413,2.4079100069922745,-0.07733529474319902,-0.9117591488157195,0.6858007899500637,0.5720165216036637,0.0,0.0
7.54,-3.5985025028916615,2.4236868649896475,-0.06422905582668832,-0.8003952746489912,0.6019216640519928,0.5042117437263687,0.0,0.0
7.5600000000000005,-3.619473806074283,2.4394637229870213,-0.051122816910177046,-0.689031400482258,0.5180425381539182,0.4364069658490707,0.0,0.0
7.58,-3.6404451092569037,2.4552405809843942,-0.03801657799366636,-0.5776675263155298,0.43416341225584726,0.36860218797177574,0.0,0.0
7.6000000000000005,-3.6560184126481876,2.4669516725248872,-0.028196954055055033,-0.46646253246769853,0.3505059152265478,0.2990529307454431,0.0,0.0
7.62,-3.666489494229753,2.474819777201467,-0.021483858324780832,-0.3554077132511381,0.2670579031345695,0.22785478116540678,0.0,0.0
7.640000000000001,-3.676960575811319,2.482687881878047,-0.014770762594506336,-0.24435289403457278,0.18360989104258754,0.1566566315853673,0.0,0.0
7.66,-3.6874316573928847,2.490555986554627,-0.008057666864232135,-0.13329807481801237,0.1001618789506093,0.08545848200533096,0.0,0.0
7.68,-3.69790273897445,2.4984240912312066,-0.0013445711339579378,-0.022243255601451906,0.01671386685863102,0.014260332425294675,0.0,0.0
